,Name,TEAM,AGE,GP,W,L,MIN,PTS,FGM,FGA,FG%,3:00 PM,3PA,3P%,FTM,FTA,FT%,OREB,DREB,REB,AST,TOV,STL,BLK,PF,FP,DD2,TD3,+/-
1,Joel Embiid,PHI,28,68,45,23,33.8,30.6,9.8,19.6,49.9,1.4,3.7,37.1,9.6,11.8,81.4,2.1,9.6,11.7,4.2,3.1,1.1,1.5,2.7,55.5,46,2,5.4
2,LeBron James,LAL,37,56,25,31,37.2,30.3,11.4,21.8,52.4,2.9,8,35.9,4.5,6,75.6,1.1,7.1,8.2,6.2,3.5,1.3,1.1,2.2,53,21,6,-2.1
3,Giannis Antetokounmpo,MIL,27,67,45,22,32.9,29.9,10.3,18.6,55.3,1.1,3.6,29.3,8.3,11.4,72.2,2,9.6,11.6,5.8,3.3,1.1,1.4,3.2,56.5,46,4,5.9
4,Kevin Durant,BKN,33,55,36,19,37.2,29.9,10.5,20.3,51.8,2.1,5.5,38.3,6.8,7.4,91,0.5,6.9,7.4,6.4,3.5,0.9,0.9,2.1,50.3,18,4,4.9
5,Luka Doncic,DAL,23,65,44,21,35.4,28.4,9.9,21.6,45.7,3.1,8.8,35.3,5.6,7.5,74.4,0.9,8.3,9.1,8.7,4.5,1.2,0.6,2.2,53.1,44,10,2.2
6,Trae Young,ATL,23,76,40,36,34.9,28.4,9.4,20.3,46,3.1,8,38.2,6.6,7.3,90.4,0.7,3.1,3.7,9.7,4,0.9,0.1,1.7,46.5,42,0,2.1
7,DeMar DeRozan,CHI,32,76,43,33,36.1,27.9,10.2,20.2,50.4,0.7,1.9,35.2,6.8,7.8,87.7,0.7,4.4,5.2,4.9,2.4,0.9,0.3,2.3,42.7,6,0,1
8,Kyrie Irving,BKN,30,29,14,15,37.6,27.4,10,21.2,46.9,3.4,8.2,41.8,4.1,4.4,91.5,0.6,3.8,4.4,5.8,2.5,1.4,0.6,2.8,44.8,2,0,4.2
9,Ja Morant,MEM,22,57,36,21,33.1,27.4,10.2,20.6,49.3,1.5,4.5,34.4,5.5,7.3,76.1,1.4,4.4,5.7,6.7,3.4,1.2,0.4,1.5,45.6,10,1,3.3
10,Nikola Jokic,DEN,27,74,46,28,33.5,27.1,10.3,17.7,58.3,1.3,3.9,33.7,5.1,6.3,81,2.8,11,13.8,7.9,3.8,1.5,0.9,2.6,58.6,66,19,6
11,Jayson Tatum,BOS,24,76,49,27,35.9,26.9,9.3,20.6,45.3,3,8.6,35.3,5.3,6.2,85.3,1.1,6.9,8,4.4,2.9,1,0.6,2.3,45.2,22,0,8.8
12,Devin Booker,PHX,25,68,56,12,34.5,26.8,9.7,20.9,46.6,2.7,7,38.3,4.6,5.3,86.8,0.7,4.4,5,4.8,2.4,1.1,0.4,2.6,42.2,5,0,6.9
13,Donovan Mitchell,UTA,25,67,41,26,33.8,25.9,9.2,20.5,44.8,3.5,9.8,35.5,4,4.7,85.3,0.8,3.4,4.2,5.3,3,1.5,0.2,2.4,40.9,3,0,4.1
14,Stephen Curry,GSW,34,64,45,19,34.5,25.5,8.4,19.1,43.7,4.5,11.7,38,4.3,4.7,92.3,0.5,4.7,5.2,6.3,3.2,1.3,0.4,2,43.1,12,2,8
15,Karl-Anthony Towns,MIN,26,74,44,30,33.5,24.6,8.7,16.4,52.9,2,4.9,41,5.2,6.3,82.2,2.6,7.2,9.8,3.6,3.1,1,1.1,3.6,45,40,1,3.7
16,Shai Gilgeous-Alexander,OKC,23,56,16,40,34.7,24.5,8.5,18.8,45.3,1.6,5.3,30,5.9,7.2,81,0.7,4.3,5,5.9,2.8,1.3,0.8,2.5,42.8,6,1,-4.7
17,Zach LaVine,CHI,27,67,37,30,34.7,24.4,8.4,17.7,47.6,2.8,7.1,38.9,4.8,5.6,85.3,0.3,4.3,4.6,4.5,2.6,0.6,0.3,1.8,37,0,0,-0.4
18,Paul George,LAC,32,31,18,13,34.8,24.3,8.6,20.5,42.1,2.9,8.3,35.4,4.1,4.8,85.8,0.4,6.5,6.9,5.7,4.1,2.2,0.4,2.4,44.8,7,0,3
19,Damian Lillard,POR,31,29,12,17,36.4,24,7.7,19,40.2,3.2,9.8,32.4,5.5,6.2,87.8,0.4,3.7,4.1,7.3,2.9,0.6,0.4,1.3,39.9,8,0,-1
20,Jaylen Brown,BOS,25,66,43,23,33.6,23.6,8.7,18.4,47.3,2.5,7,35.8,3.7,4.8,75.8,0.8,5.3,6.1,3.5,2.7,1.1,0.3,2.5,37.5,11,2,6.9
21,Bradley Beal,WAS,29,40,17,23,36,23.2,8.7,19.3,45.1,1.6,5.3,30,4.2,5.1,83.3,1,3.8,4.7,6.6,3.4,0.9,0.4,2.4,39.3,4,0,-2.6
22,Anthony Davis,LAL,29,40,17,23,35.1,23.2,9.3,17.4,53.2,0.3,1.8,18.6,4.4,6.1,71.3,2.7,7.2,9.9,3.1,2.1,1.2,2.3,2.4,47.9,19,0,-2.3
23,De'Aaron Fox,SAC,24,59,22,37,35.3,23.2,8.7,18.5,47.3,1.3,4.2,29.7,4.4,5.9,75,0.4,3.5,3.9,5.6,2.8,1.2,0.4,2.9,38.1,5,0,-3.3
24,Pascal Siakam,TOR,28,68,40,28,37.9,22.8,8.8,17.8,49.4,1.1,3.2,34.4,4.2,5.6,74.9,1.9,6.6,8.5,5.3,2.7,1.3,0.6,3.3,43.9,30,2,3.8
25,Brandon Ingram,NOP,24,55,29,26,34,22.7,8.2,17.9,46.1,1.3,4.1,32.7,4.8,5.9,82.6,0.6,5.2,5.8,5.6,2.7,0.6,0.5,2.2,38.5,7,0,2.2
26,CJ McCollum,NOP,30,62,28,34,34.6,22.1,8.6,18.8,46,2.9,7.6,38.8,1.9,2.7,68.2,0.9,3.5,4.3,5.1,2,1.1,0.4,2,37.3,3,0,-1.1
27,James Harden,PHI,32,65,40,25,37.2,22,6.3,15.3,41,2.3,6.9,33,7.2,8.2,87.7,0.8,6.8,7.7,10.3,4.4,1.3,0.6,2.4,47.7,42,11,2.7
28,Darius Garland,CLE,22,68,37,31,35.7,21.7,8,17.3,46.2,2.6,6.7,38.3,3.2,3.5,89.2,0.6,2.7,3.3,8.6,3.6,1.3,0.1,1.7,39.1,29,1,5.5
29,Jimmy Butler,MIA,32,57,38,19,33.9,21.4,7,14.5,48,0.5,2,23.3,6.9,8,87,1.8,4.1,5.9,5.5,2.1,1.6,0.5,1.5,40.9,12,4,4.3
30,Anthony Edwards,MIN,20,72,39,33,34.2,21.3,7.6,17.3,44.1,3,8.4,35.7,3.1,3.9,78.6,0.9,3.9,4.8,3.8,2.6,1.5,0.6,2.3,36.4,4,0,2.6
31,Dejounte Murray,SAS,25,68,30,38,34.8,21.1,8.4,18.3,46.2,1.4,4.3,32.7,2.9,3.6,79.4,1.2,7.1,8.3,9.2,2.6,2,0.3,2,49.4,39,13,0.7
32,Tyler Herro,MIA,22,66,44,22,32.6,20.7,7.6,17,44.7,2.7,6.7,39.9,2.9,3.3,86.8,0.5,4.5,5,4,2.6,0.7,0.1,1.4,32.4,3,0,3.6
33,Klay Thompson,GSW,32,32,17,15,29.4,20.4,7.7,17.9,42.9,3.6,9.3,38.5,1.4,1.6,90.2,0.5,3.4,3.9,2.8,1.3,0.5,0.5,1.7,30.9,0,0,2.1
34,Fred VanVleet,TOR,28,65,39,26,37.9,20.3,6.8,16.9,40.3,3.7,9.9,37.7,3,3.4,87.4,0.7,3.8,4.4,6.7,2.6,1.7,0.5,2.5,39.8,10,1,3.3
35,Kristaps Porzingis,WAS,26,51,26,25,29,20.2,6.9,15,45.9,1.5,4.9,31,4.9,5.6,86.7,2,6.1,8.1,2.3,1.6,0.7,1.6,2.7,38.9,15,0,0.6
36,Miles Bridges,CHA,24,80,41,39,35.5,20.2,7.5,15.2,49.1,1.9,5.8,33.1,3.3,4.2,80.2,1.1,5.9,7,3.8,1.9,0.9,0.8,2.4,37.6,15,0,1.8
37,LaMelo Ball,CHA,20,75,39,36,32.3,20.1,7.2,16.7,42.9,2.9,7.5,38.9,2.8,3.2,87.2,1.4,5.2,6.7,7.6,3.3,1.6,0.4,3.2,42.2,23,5,1.3
38,Julius Randle,NYK,27,72,32,40,35.3,20.1,7.1,17.3,41.1,1.7,5.4,30.8,4.2,5.6,75.6,1.7,8.2,9.9,5.1,3.4,0.7,0.5,2.8,40.2,31,1,-2.3
39,Khris Middleton,MIL,30,66,44,22,32.4,20.1,6.8,15.5,44.3,2.5,6.6,37.3,3.9,4.4,89,0.6,4.8,5.4,5.4,2.9,1.2,0.3,2.4,36.1,4,0,4.6
40,RJ Barrett,NYK,22,70,33,37,34.5,20,7,17.1,40.8,2,5.8,34.2,4.1,5.8,71.4,0.9,4.9,5.8,3,2.2,0.6,0.2,2,31.9,4,0,-2.1
41,Terry Rozier,CHA,28,73,38,35,33.7,19.3,7.1,16,44.4,3,8.1,37.4,2.1,2.4,85.2,0.8,3.5,4.3,4.5,1.3,1.3,0.3,1.6,34.7,3,1,1
42,Jerami Grant,DET,28,47,11,36,31.9,19.2,6.3,14.9,42.6,1.9,5.4,35.8,4.6,5.5,83.8,0.6,3.5,4.1,2.4,1.8,0.9,1,2.3,31.8,1,0,-4.7
43,Malcolm Brogdon,IND,29,36,14,22,33.5,19.1,6.8,15.1,44.8,1.6,5.2,31.2,4,4.6,85.6,0.9,4.2,5.1,5.9,2.1,0.8,0.4,2,35.6,6,1,0
44,Bam Adebayo,MIA,24,56,36,20,32.6,19.1,7.3,13,55.7,0,0.1,0,4.6,6.1,75.3,2.4,7.6,10.1,3.4,2.6,1.4,0.8,3.1,40.2,27,0,5.4
45,Norman Powell,LAC,29,45,15,30,32.4,19,6.2,13.4,46.1,2.4,5.6,41.9,4.2,5.2,81.1,0.4,2.8,3.2,2.1,1.5,0.9,0.5,2.4,28.7,0,0,-4.9
46,Domantas Sabonis,SAC,26,62,21,41,34.4,18.9,7.1,12.5,57.3,0.6,2,31.2,4,5.4,74.1,3.2,8.9,12.1,5.2,3.1,1,0.4,3.3,42.3,46,5,-0.2
47,Jordan Poole,GSW,23,76,49,27,30,18.5,6.2,13.9,44.8,2.8,7.6,36.4,3.2,3.5,92.5,0.4,3,3.4,4,2.5,0.8,0.3,2.7,29.4,2,0,4.3
48,Russell Westbrook,LAL,33,78,31,47,34.3,18.5,7,15.8,44.4,1,3.4,29.8,3.4,5.1,66.7,1.4,6,7.4,7.1,3.8,1,0.3,3,37.8,28,10,-2.7
49,Dillon Brooks,MEM,26,32,22,10,27.7,18.4,7.1,16.4,43.2,1.4,4.7,30.9,2.8,3.3,84.9,0.9,2.3,3.2,2.8,1.6,1.1,0.3,3.3,29,0,0,6.4
50,Gary Trent Jr.,TOR,23,70,44,26,35,18.3,6.4,15.5,41.4,3,7.8,38.3,2.5,2.9,85.3,0.4,2.4,2.7,2,1,1.7,0.3,2.1,29.6,0,0,2.4
51,Jrue Holiday,MIL,32,67,47,20,32.9,18.3,7.1,14.2,50.1,2,4.8,41.1,2,2.7,76.1,1,3.5,4.5,6.8,2.7,1.6,0.4,2,37.3,12,0,6.4
52,Desmond Bane,MEM,24,76,53,23,29.8,18.2,6.7,14.5,46.1,3,6.9,43.6,1.8,2,90.3,0.6,3.8,4.4,2.7,1.5,1.2,0.4,2.6,30.9,0,0,4.8
53,D'Angelo Russell,MIN,26,65,39,26,31.9,18.1,6.2,15,41.1,2.7,8,34,3,3.7,82.5,0.4,2.9,3.3,7.1,2.5,1,0.3,2,34,12,0,3.2
54,Bojan Bogdanovic,UTA,33,69,45,24,30.9,18.1,6.1,13.4,45.5,2.6,6.8,38.7,3.2,3.8,85.8,0.8,3.4,4.3,1.7,1.7,0.5,0,1.7,25.7,3,0,3.2
55,Christian Wood,HOU,26,68,19,49,30.8,17.9,6.5,12.9,50.1,1.9,4.9,39,3,4.9,62.3,1.6,8.5,10.1,2.3,1.9,0.8,1,2.5,36.8,33,0,-6
56,Jonas Valanciunas,NOP,30,74,34,40,30.3,17.8,6.9,12.7,54.4,0.8,2.1,36.1,3.2,3.9,82,3.1,8.3,11.4,2.6,2.4,0.6,0.8,3.3,37,50,0,0.9
57,Nikola Vucevic,CHI,31,73,41,32,33.1,17.6,7.5,15.8,47.3,1.4,4.5,31.4,1.3,1.7,76,1.9,9.1,11,3.2,1.9,1,1,2.5,39.6,44,0,-0.7
58,Tyrese Maxey,PHI,21,75,45,30,35.3,17.5,6.4,13.3,48.5,1.8,4.1,42.7,2.8,3.3,86.6,0.3,2.9,3.2,4.3,1.2,0.7,0.4,2.1,30,1,0,2.6
59,Cade Cunningham,DET,20,64,20,44,32.6,17.4,6.7,16.1,41.6,1.8,5.7,31.4,2.2,2.6,84.5,0.9,4.6,5.5,5.6,3.7,1.2,0.7,3.1,34.4,10,2,-4.3
60,Anfernee Simons,POR,23,57,25,32,29.5,17.3,6.2,14,44.3,3.1,7.8,40.5,1.8,2,88.8,0.5,2.2,2.6,3.9,2,0.5,0.1,1.9,26.2,2,0,-1.5
61,Jalen Green,HOU,20,67,12,55,31.9,17.3,6.1,14.2,42.6,2.3,6.8,34.3,2.8,3.5,79.7,0.5,2.9,3.4,2.6,2,0.7,0.3,1.5,26,0,0,-7.7
62,Tobias Harris,PHI,29,73,45,28,34.8,17.2,6.8,14,48.2,1.4,3.8,36.7,2.3,2.8,84.2,1.1,5.7,6.8,3.5,1.6,0.6,0.6,2.2,32.7,9,1,2.3
63,Andrew Wiggins,GSW,27,73,47,26,31.9,17.2,6.5,14,46.6,2.2,5.5,39.3,2,3.2,63.4,1.2,3.3,4.5,2.2,1.5,1,0.7,2.2,29.6,1,0,3.6
64,Luguentz Dort,OKC,23,51,17,34,32.7,17.2,5.7,14.2,40.4,2.5,7.7,33.2,3.2,3.7,84.3,0.7,3.4,4.2,1.7,1.7,0.9,0.4,2.9,26.8,0,0,-5.8
65,Deandre Ayton,PHX,23,58,46,12,29.5,17.2,7.6,12,63.4,0.1,0.3,36.8,1.8,2.4,74.6,2.6,7.7,10.2,1.4,1.6,0.7,0.7,2.4,34.2,30,0,5.9
66,OG Anunoby,TOR,24,48,31,17,36,17.1,6.4,14.5,44.3,2.4,6.6,36.3,1.9,2.5,75.4,1.5,4,5.5,2.6,1.7,1.5,0.5,2.7,32,3,0,2.8
67,Kyle Kuzma,WAS,26,66,29,37,33.4,17.1,6.4,14.2,45.2,1.9,5.7,34.1,2.4,3.3,71.2,1.1,7.4,8.5,3.5,2.6,0.6,0.9,1.9,34.6,24,1,-4.3
68,Keldon Johnson,SAS,22,75,33,42,31.9,17,6.3,13.5,46.6,2.1,5.3,39.8,2.4,3.1,75.6,1.1,5,6.1,2.1,1.2,0.8,0.2,2,29.2,6,0,1
69,Caris LeVert,CLE,27,58,23,35,30.7,17,6.5,14.7,44.4,1.4,4.4,32,2.5,3.3,75.6,0.7,2.9,3.7,4.3,1.9,0.9,0.4,2.3,29.8,1,0,-1.1
70,Reggie Jackson,LAC,32,75,38,37,31.2,16.8,6.4,16.3,39.2,2.2,6.8,32.6,1.8,2.2,84.7,0.5,3.1,3.6,4.8,2.3,0.7,0.2,2.1,28.8,5,0,-0.9
71,Harrison Barnes,SAC,30,77,27,50,33.6,16.4,5.1,10.8,46.9,1.8,4.7,39.4,4.4,5.4,82.6,1.1,4.5,5.6,2.4,1.5,0.7,0.2,1.2,27.9,5,0,-4.9
72,Cole Anthony,ORL,22,65,18,47,31.7,16.3,5.5,14,39.1,2,6,33.8,3.3,3.9,85.4,0.5,4.9,5.4,5.7,2.6,0.7,0.3,2.6,31.6,9,0,-3.6
73,Jaren Jackson Jr.,MEM,22,78,53,25,27.3,16.3,5.5,13.3,41.5,1.6,5.1,31.9,3.6,4.4,82.3,1.5,4.3,5.8,1.1,1.7,0.9,2.3,3.5,32.9,7,0,4.6
74,Jalen Brunson,DAL,25,79,50,29,31.9,16.3,6.4,12.8,50.2,1.2,3.2,37.3,2.3,2.7,84,0.5,3.4,3.9,4.8,1.6,0.8,0,1.9,29.2,7,0,2.9
75,John Collins,ATL,24,54,26,28,30.8,16.2,6.3,11.9,52.6,1.2,3.3,36.4,2.5,3.1,79.3,1.7,6.1,7.8,1.8,1.1,0.6,1,3,32.2,16,0,0.7
76,Jarrett Allen,CLE,24,56,35,21,32.3,16.1,6.6,9.7,67.7,0,0.2,10,2.9,4.2,70.8,3.4,7.3,10.8,1.6,1.7,0.8,1.3,1.7,36.2,32,0,2.4
77,Saddiq Bey,DET,23,82,23,59,33,16.1,5.5,13.9,39.6,2.6,7.4,34.6,2.6,3.1,82.7,1.3,4.1,5.4,2.8,1.2,0.9,0.2,1.6,28.9,6,0,-6.1
78,Jordan Clarkson,UTA,30,79,47,32,27.1,16,5.9,14.1,41.9,2.4,7.6,31.8,1.8,2.2,82.8,0.8,2.6,3.5,2.5,1.6,0.8,0.2,1.9,25.3,1,0,4.8
79,Collin Sexton,CLE,23,11,7,4,28.8,16,6.2,13.7,45,1,4.1,24.4,2.6,3.5,74.4,1.2,2.1,3.3,2.1,2.8,0.9,0,2.3,23,0,0,-2.7
80,Gordon Hayward,CHA,32,49,26,23,31.9,15.9,5.8,12.6,45.9,1.8,4.5,39.1,2.6,3,84.6,0.8,3.8,4.6,3.6,1.7,1,0.4,1.7,29.4,1,0,-0.4
81,Buddy Hield,IND,29,81,26,55,30.8,15.6,5.5,13.6,40.6,3.2,8.8,36.6,1.4,1.6,87.4,0.8,3.5,4.4,2.8,1.9,0.9,0.3,2.3,26.8,1,0,-2
82,Rudy Gobert,UTA,30,66,42,24,32.1,15.6,5.5,7.7,71.3,0,0.1,0,4.6,6.7,69,3.7,11,14.7,1.1,1.8,0.7,2.1,2.7,41.3,53,0,6.3
83,Kevin Porter Jr.,HOU,22,61,16,45,31.3,15.6,5.5,13.2,41.5,2.5,6.8,37.5,2,3.2,64.2,0.7,3.7,4.4,6.2,3.1,1.1,0.4,2.6,31.4,10,1,-4.6
84,Marcus Morris Sr.,LAC,32,54,26,28,29,15.4,5.6,12.8,43.4,1.9,5.1,36.7,2.4,2.7,87.2,0.5,3.9,4.4,2.1,1.3,0.5,0.3,2.1,25.1,2,0,-2.6
85,Tyrese Haliburton,IND,22,77,26,51,35,15.3,5.6,11.8,47.3,2.1,5.1,41.4,2.1,2.5,84.2,0.8,3.2,4,8.2,2.6,1.7,0.6,1.6,37,25,0,-4.2
86,Scottie Barnes,TOR,20,74,43,31,35.4,15.3,6.2,12.6,49.2,0.8,2.6,30.1,2.1,2.9,73.5,2.6,4.9,7.5,3.5,1.8,1.1,0.7,2.6,33.2,13,0,0.9
87,Franz Wagner,ORL,20,79,21,58,30.7,15.2,5.8,12.3,46.8,1.2,3.4,35.4,2.4,2.8,86.3,1.1,3.4,4.5,2.9,1.5,0.9,0.4,2.1,27.3,2,0,-3.1
88,Bogdan Bogdanovic,ATL,29,63,33,30,29.3,15.1,5.4,12.6,43.1,2.7,7.3,36.8,1.5,1.8,84.3,0.5,3.5,4,3.1,1.1,1.1,0.2,2.1,27.3,0,0,3
89,Jusuf Nurkic,POR,27,56,25,31,28.2,15,5.7,10.7,53.5,0.3,1,26.8,3.3,4.8,69,3,8.1,11.1,2.8,2.6,1.1,0.6,3.4,35.1,30,0,0.2
90,Wendell Carter Jr.,ORL,23,62,16,46,29.9,15,5.8,11,52.5,1.1,3.5,32.7,2.3,3.3,69.1,2.2,8.2,10.5,2.8,1.9,0.6,0.7,2.7,33.6,33,0,-2.2
91,Aaron Gordon,DEN,26,75,46,29,31.7,15,5.8,11.1,52,1.2,3.5,33.5,2.3,3.1,74.3,1.7,4.2,5.9,2.5,1.8,0.6,0.6,2,27.5,6,0,4.3
92,Seth Curry,BKN,31,64,38,26,33.3,15,5.6,11.5,48.7,2.5,5.8,42.2,1.3,1.5,87.2,0.3,2.8,3.1,3.6,1.7,0.8,0.2,2.3,25.6,1,0,3
93,Evan Mobley,CLE,21,69,40,29,33.8,15,6.1,12,50.8,0.3,1.3,25,2.4,3.7,66.3,2.1,6.2,8.3,2.5,1.9,0.8,1.7,2.1,34.2,21,0,1.4
94,Kelly Oubre Jr.,CHA,26,76,39,37,26.3,15,5.4,12.3,44,2.5,7.3,34.5,1.7,2.5,66.7,1,2.9,4,1.1,0.9,1,0.4,2.5,24.8,1,0,-0.3
95,Josh Hart,POR,27,54,20,34,33.2,14.9,5.3,10.5,50.4,1.4,3.9,34.3,3,3.9,75.8,1.1,6,7.2,4.1,2.1,1.1,0.2,2.8,31.8,12,0,-3.7
96,Lauri Markkanen,CLE,25,61,32,29,30.8,14.8,5.1,11.5,44.5,2.2,6.2,35.8,2.3,2.6,86.8,1,4.7,5.7,1.3,0.9,0.7,0.5,2.1,26.3,3,0,2.8
97,Chris Paul,PHX,37,65,53,12,32.9,14.7,5.6,11.3,49.3,1,3.1,31.7,2.6,3.1,83.7,0.3,4,4.4,10.8,2.4,1.9,0.3,2.1,40.3,34,2,7.1
98,Jaylen Hoard,OKC,23,7,2,5,34.2,14.7,6.3,12.9,48.9,1.3,3.6,36,0.9,2,42.9,4.3,7.7,12,2.4,1.1,0.9,0.7,2,36.3,4,0,-12.4
99,Will Barton,DEN,31,71,41,30,32.1,14.7,5.5,12.6,43.8,2.2,6.1,36.5,1.4,1.8,80.3,0.6,4.2,4.8,3.9,1.8,0.8,0.4,1.6,28.1,1,0,1.4
100,Bobby Portis,MIL,27,72,46,26,28.2,14.6,5.8,12.1,47.9,1.8,4.7,39.3,1.2,1.6,75.2,2.5,6.6,9.1,1.2,1.3,0.7,0.7,2.4,30.4,24,0,4.4
101,Tim Hardaway Jr.,DAL,30,42,24,18,29.6,14.2,5,12.6,39.4,2.4,7.2,33.6,1.9,2.5,75.7,0.3,3.4,3.7,2.2,0.8,0.9,0.1,1.8,24.3,0,0,0.9
102,Mikal Bridges,PHX,25,82,64,18,34.8,14.2,5.6,10.5,53.4,1.4,3.8,36.9,1.6,1.9,83.4,0.9,3.3,4.2,2.3,0.8,1.2,0.4,1.8,26.6,0,0,7
103,Evan Fournier,NYK,29,80,36,44,29.5,14.1,5,12.1,41.7,3,7.7,38.9,1,1.4,70.8,0.4,2.2,2.6,2.1,1.3,1,0.3,2.3,22.8,0,0,-1.2
104,Malik Monk,LAL,24,76,32,44,28.1,13.8,5.1,10.9,47.3,2.3,5.8,39.1,1.2,1.5,79.5,0.5,2.9,3.4,2.9,1.6,0.8,0.4,1.8,24.1,1,0,0.7
105,Spencer Dinwiddie,DAL,29,67,38,29,29.6,13.7,4.6,11,41.6,1.7,4.9,33.9,2.9,3.8,77.4,0.7,3.5,4.2,5.2,1.6,0.7,0.2,2.2,27.5,7,1,-0.7
106,Mike Conley,UTA,34,72,44,28,28.6,13.7,4.8,11,43.5,2.3,5.8,40.8,1.8,2.3,79.6,0.7,2.4,3,5.3,1.7,1.3,0.3,2,28.5,2,0,4.8
107,Kevin Love,CLE,33,74,38,36,22.5,13.6,4.4,10.3,43,2.5,6.4,39.2,2.2,2.7,83.8,1.2,6.1,7.2,2.2,1.3,0.4,0.2,1.4,26,15,0,1.3
108,Dennis Schroder,HOU,28,64,32,32,28.7,13.5,4.9,11.3,43.1,1.3,3.9,34.4,2.5,2.9,85.3,0.5,2.8,3.3,4.6,2.2,0.8,0.1,2.4,25.1,1,0,-0.5
109,Jakob Poeltl,SAS,26,68,30,38,29,13.5,6,9.8,61.8,0,0,100,1.4,2.8,49.5,3.9,5.5,9.3,2.8,1.6,0.7,1.7,3.1,34.4,28,0,1.7
110,Eric Gordon,HOU,33,57,19,38,29.3,13.4,4.7,9.9,47.5,2.2,5.3,41.2,1.8,2.4,77.8,0.3,1.7,2,2.7,1.9,0.5,0.3,1.1,20.4,0,0,-3.1
111,Kyle Lowry,MIA,36,63,41,22,33.9,13.4,4.4,10,44,2.3,6.1,37.7,2.3,2.8,85.1,0.5,4,4.5,7.5,2.7,1.1,0.3,2.8,31.4,16,2,4
112,De'Andre Hunter,ATL,24,53,28,25,29.8,13.4,4.8,10.8,44.2,1.4,3.7,37.9,2.4,3.1,76.5,0.5,2.8,3.3,1.3,1.3,0.7,0.4,2.9,21.2,2,0,0.5
113,Carmelo Anthony,LAL,38,69,27,42,26,13.3,4.6,10.5,44.1,2.2,5.8,37.5,1.9,2.3,83,0.9,3.3,4.2,1,0.9,0.7,0.8,2.4,23.3,1,0,-1.3
114,Derrick White,BOS,27,75,40,35,29.3,13.2,4.5,10.7,42.1,1.5,4.9,31.2,2.7,3.1,86.4,0.5,3,3.5,4.9,1.6,0.9,0.8,2.3,28,2,0,2.7
115,Kentavious Caldwell-Pope,WAS,29,77,34,43,30.2,13.2,4.7,10.8,43.5,2.1,5.3,39,1.8,2,89,0.5,2.9,3.4,1.9,1.3,1.1,0.3,1.8,23.1,2,0,-3
116,Montrezl Harrell,CHA,28,71,36,35,23.1,13.1,5,7.8,64.5,0.1,0.2,23.5,3,4.2,71.6,2.1,4,6.1,2,1,0.4,0.6,1.9,25.5,7,0,1.2
117,Chris Duarte,IND,25,55,21,34,28,13.1,4.9,11.3,43.2,1.7,4.6,36.9,1.6,2,80.4,0.7,3.4,4.1,2.1,1.6,1,0.2,1.7,23.1,0,0,-1
118,Ricky Rubio,IND,31,34,20,14,28.5,13.1,4.4,12.1,36.3,1.7,5.1,33.9,2.6,3,85.4,0.4,3.7,4.1,6.6,2.6,1.4,0.2,2.2,30.3,5,0,5.4
119,Lonzo Ball,CHI,24,35,22,13,34.6,13,4.6,10.9,42.3,3.1,7.4,42.3,0.6,0.8,75,1,4.4,5.4,5.1,2.3,1.8,0.9,2.4,32.9,3,1,2.3
120,LaMarcus Aldridge,BKN,36,47,26,21,22.3,12.9,5.4,9.7,55,0.3,1,30.4,1.9,2.2,87.3,1.6,3.9,5.5,0.9,0.9,0.3,1,1.7,23.8,2,0,0.4
121,Brandon Williams,POR,22,24,2,22,26.7,12.9,4.4,11.8,37.2,1.3,4.4,29.2,2.8,4,70.1,0.8,2.3,3.1,3.9,2.4,1,0.4,2.2,24.3,2,0,-11.3
122,Myles Turner,IND,26,42,15,27,29.4,12.9,4.8,9.4,50.9,1.5,4.4,33.3,1.9,2.5,75.2,1.5,5.5,7.1,1,1.3,0.7,2.8,2.8,32.1,9,0,-0.3
123,Coby White,CHI,22,61,32,29,27.5,12.7,4.6,10.6,43.3,2.2,5.8,38.5,1.3,1.5,85.7,0.3,2.7,3,2.9,1.1,0.5,0.2,2.2,21.4,1,0,-0.6
124,Monte Morris,DEN,27,75,44,31,29.9,12.6,5,10.3,48.4,1.7,4.2,39.5,1,1.1,86.9,0.4,2.7,3,4.4,1,0.7,0.2,1.2,24.6,0,0,3.8
125,Josh Giddey,OKC,19,54,17,37,31.5,12.5,5.2,12.4,41.9,1,3.9,26.3,1,1.5,70.9,1.8,6,7.8,6.4,3.2,0.9,0.4,1.6,32.2,16,4,-5.5
126,Cameron Johnson,PHX,26,66,50,16,26.2,12.5,4.2,9.2,46,2.5,5.9,42.5,1.5,1.7,86,0.6,3.5,4.1,1.5,0.7,0.9,0.2,1.7,22.3,0,0,3.3
127,Brook Lopez,MIL,34,13,10,3,23,12.4,4.7,10.1,46.6,1.5,4.1,35.8,1.5,1.8,87,1.5,2.6,4.1,0.5,0.9,0.6,1.2,2.6,22.4,0,0,-0.5
128,Victor Oladipo,MIA,30,8,4,4,21.6,12.4,4.4,9.1,47.9,1.9,4.5,41.7,1.8,2.4,73.7,0.4,2.5,2.9,3.5,2,0.6,0.1,1.6,21.3,1,0,-0.6
129,Devin Vassell,SAS,21,71,29,42,27.3,12.3,4.6,10.8,42.7,1.9,5.4,36.1,1.2,1.4,83.8,0.6,3.7,4.3,1.9,0.8,1.1,0.6,2,24.5,1,0,0.5
130,Lonnie Walker IV,SAS,23,70,27,43,23,12.1,4.4,10.9,40.7,1.6,5,31.4,1.7,2.1,78.4,0.3,2.3,2.6,2.2,1,0.6,0.3,1.4,20.2,0,0,-1.1
131,Marcus Smart,BOS,28,71,47,24,32.3,12.1,4.2,10.1,41.8,1.7,5.1,33.1,2,2.5,79.3,0.6,3.2,3.8,5.9,2.2,1.7,0.3,2.3,29,2,0,6.2
132,Malik Beasley,MIN,25,79,46,33,25,12.1,4.2,10.8,39.1,3,8.1,37.7,0.6,0.8,81.7,0.3,2.5,2.9,1.5,0.5,0.5,0.2,1.1,19.3,0,0,1
133,Kevin Huerter,ATL,23,74,40,34,29.6,12.1,4.7,10.3,45.4,2.2,5.6,38.9,0.6,0.7,80.8,0.4,3,3.4,2.7,1.2,0.7,0.4,2.5,22.3,1,0,2.3
134,Derrick Rose,NYK,33,26,11,15,24.5,12,4.7,10.5,44.5,1.4,3.5,40.2,1.2,1.2,96.8,0.8,2.2,3,4,1.5,0.8,0.5,0.6,23.9,0,0,3.5
135,Luke Kennard,LAC,26,70,35,35,27.4,11.9,4.1,9.1,44.9,2.7,6,44.9,1,1.1,89.6,0.3,3,3.3,2.1,0.9,0.6,0.1,1.4,20.2,1,0,2.6
136,Devonte' Graham,NOP,27,76,34,42,28.4,11.9,3.9,10.7,36.3,2.5,7.4,34.1,1.6,1.8,84.3,0.5,1.8,2.3,4.2,1.4,0.9,0.2,1.3,22.8,0,0,0.5
137,Jae'Sean Tate,HOU,26,78,19,59,26.4,11.8,4.7,9.3,49.8,0.8,2.6,31.2,1.7,2.4,70.7,1.7,3.7,5.4,2.8,1.8,0.9,0.5,3.7,25.1,7,0,-5.2
138,Jalen Suggs,ORL,21,48,16,32,27.2,11.8,4.1,11.4,36.1,0.9,4.1,21.4,2.6,3.4,77.3,0.5,3,3.6,4.4,3,1.2,0.4,3,24.5,2,0,-4.3
139,Danilo Gallinari,ATL,33,66,35,31,25.3,11.7,3.9,9,43.4,1.7,4.5,38.1,2.1,2.4,90.4,0.5,4.1,4.7,1.5,0.6,0.4,0.2,1.4,20.8,2,0,1.6
140,Alec Burks,NYK,30,81,37,44,28.6,11.7,3.5,9,39.1,1.9,4.8,40.4,2.7,3.3,82.2,0.6,4.3,4.9,3,1.1,1,0.3,2.7,24.9,2,0,1.5
141,Kemba Walker,NYK,32,37,16,21,25.6,11.6,4,10,40.3,2,5.4,36.7,1.6,1.9,84.5,0.4,2.6,3,3.5,1.3,0.7,0.2,1,21.9,1,1,-4.9
142,Cameron Oliver,ATL,25,2,1,1,21.7,11.5,5,7.5,66.7,0.5,1.5,33.3,1,1.5,66.7,1,2,3,1.5,0,0.5,0.5,2.5,20.4,0,0,-1
143,Davion Mitchell,SAC,23,75,28,47,27.7,11.5,4.7,11.2,41.8,1.3,4.3,31.6,0.7,1.1,65.9,0.4,1.8,2.2,4.2,1.5,0.7,0.3,1.9,22,3,0,-3.7
144,Patty Mills,BKN,33,81,44,37,29,11.4,4,9.8,40.8,2.8,7,40,0.6,0.7,81.4,0.2,1.7,1.9,2.3,0.9,0.6,0.2,1.4,18.7,0,0,1.4
145,Doug McDermott,SAS,30,51,21,30,24,11.3,4.2,9.1,46.2,2.1,5,42.2,0.8,1,78.4,0.4,1.9,2.3,1.3,0.8,0.3,0.1,1.5,16.2,0,0,-0.7
146,Rui Hachimura,WAS,24,42,16,26,22.5,11.3,4.5,9.1,49.1,1.3,2.9,44.7,1.1,1.6,69.7,0.6,3.2,3.8,1.1,0.8,0.5,0.2,1.3,19.1,0,0,-3
147,Immanuel Quickley,NYK,23,78,35,43,23.1,11.3,3.6,9.3,39.2,1.8,5.1,34.6,2.3,2.6,88.1,0.4,2.8,3.2,3.5,1.3,0.7,0,2.1,21.3,4,2,3.4
148,Joe Harris,BKN,30,14,10,4,30.2,11.3,4,8.9,45.2,2.9,6.3,46.6,0.4,0.4,83.3,0.4,3.6,4,1,1.1,0.5,0.1,2.2,18.4,0,0,1.1
149,Marvin Bagley III,DET,23,48,17,31,23.9,11.3,4.7,9.3,50.4,0.5,2,23.7,1.4,2.1,66.3,2.2,4.9,7,0.8,0.8,0.5,0.4,1.9,22.5,7,0,-2.8
150,Gary Harris,ORL,27,61,16,45,28.4,11.1,3.9,9.1,43.4,1.9,5,38.4,1.4,1.6,87.4,0.6,1.4,2,1.8,1,1,0.1,1.8,18.5,0,0,-3.4
151,Grayson Allen,MIL,26,66,43,23,27.3,11.1,3.9,8.6,44.8,2.4,5.9,40.9,1,1.1,86.5,0.5,2.9,3.4,1.5,0.7,0.7,0.3,1.5,19.7,0,0,3.5
152,Clint Capela,ATL,28,74,40,34,27.6,11.1,5,8.2,61.3,0,0,0,1.1,2.3,47.3,3.8,8.1,11.9,1.2,0.6,0.7,1.3,2.2,32.6,35,0,1.7
153,Dorian Finney-Smith,DAL,29,80,51,29,33,11,4.1,8.7,47.1,2.2,5.4,39.5,0.7,1,67.5,1.5,3.2,4.7,1.9,1,1.1,0.5,2.3,23.2,1,0,3
153,Zavier Simpson,OKC,25,4,1,3,43.5,11,4.8,13,36.5,0.3,2,12.5,1.3,1.3,100,0.5,4.8,5.3,7.5,2.5,1.3,1,3.8,32.8,0,0,-23.8
155,Hamidou Diallo,DET,23,58,14,44,21.9,11,4.5,9.1,49.6,0.4,1.6,24.7,1.6,2.4,65,1.2,3.6,4.8,1.3,1,1.2,0.3,2.5,22.1,5,0,-3.6
156,Duncan Robinson,MIA,28,79,52,27,25.9,10.9,3.7,9.2,39.9,2.9,7.9,37.2,0.6,0.8,83.6,0.3,2.3,2.6,1.6,0.8,0.5,0.2,2.5,17.8,0,0,1.3
157,De'Anthony Melton,MEM,24,73,49,24,22.7,10.8,3.8,9.5,40.4,1.9,5.1,37.4,1.2,1.6,75,0.9,3.6,4.5,2.7,1.5,1.4,0.5,1.8,24.6,2,0,3
158,Markelle Fultz,ORL,24,18,6,12,20,10.8,4.6,9.7,47.4,0.2,0.9,23.5,1.4,1.7,80.6,0.2,2.5,2.7,5.5,2.2,1.1,0.3,1.2,24.3,1,0,-2.1
159,Darius Bazley,OKC,22,69,19,50,27.9,10.8,4,9.4,42.2,1.2,3.9,29.7,1.7,2.5,68.8,1,5.3,6.3,1.4,1.3,0.8,1,1,24.7,7,0,-6.8
160,Cameron Payne,PHX,27,58,46,12,22,10.8,4.1,10.1,40.9,1.2,3.6,33.6,1.3,1.5,84.3,0.4,2.6,3,4.9,1.8,0.7,0.3,2.1,22.9,3,0,2.6
161,Terance Mann,LAC,25,81,41,40,28.6,10.8,4.1,8.5,48.4,0.9,2.6,36.5,1.6,2,78,1.3,4,5.2,2.6,1,0.7,0.3,2.2,22.7,6,0,0.8
162,Cedi Osman,CLE,27,66,37,29,22.1,10.7,3.7,8.7,43.2,1.9,5.4,35.7,1.3,2,66.4,0.4,1.8,2.2,2,1,0.8,0.2,1.9,18.3,0,0,-0.9
163,Melvin Frazier Jr.,OKC,25,3,0,3,39.9,10.7,4.3,16,27.1,0.3,7,4.8,1.7,2.3,71.4,1.7,2.7,4.3,0.3,1,0.3,0,2.7,16.4,0,0,-30.7
164,Mo Bamba,ORL,24,71,19,52,25.7,10.6,4.2,8.7,48,1.5,4,38.1,0.8,1,78.1,2.1,6,8.1,1.2,1.1,0.5,1.7,2.6,27.6,20,0,-5.3
165,Nickeil Alexander-Walker,UTA,23,65,29,36,22.6,10.6,3.9,10.5,37.2,1.6,5.2,31.1,1.2,1.7,74.3,0.6,2.3,2.9,2.4,1.4,0.7,0.4,1.6,19.5,2,0,-1.7
166,Max Strus,MIA,26,68,46,22,23.3,10.6,3.7,8.3,44.1,2.7,6.5,41,0.6,0.8,79.2,0.4,2.6,3,1.4,0.8,0.4,0.2,1.7,17.3,0,0,2.5
167,Frank Jackson,DET,24,53,9,44,22,10.6,3.7,9.1,40.2,1.6,5.3,30.8,1.6,2,82.7,0.4,1.3,1.6,1,0.7,0.5,0.2,1.7,15.4,0,0,-3.5
168,Frank Kaminsky,PHX,29,9,8,1,20.1,10.6,4,7.3,54.5,0.6,1.7,33.3,2,2.2,90,1.2,3.3,4.6,1.4,0.6,0.9,0.8,1.6,22.6,0,0,4.3
169,Trey Lyles,SAC,26,75,19,56,20.5,10.5,3.5,7.5,46.6,0.9,2.8,32.1,2.6,3.2,80.2,1.2,3.9,5.1,1.2,1,0.4,0.4,1.6,19.8,3,0,-3
170,Tre Mann,OKC,21,60,17,43,22.8,10.4,3.9,9.8,39.3,1.6,4.5,36,1.1,1.4,79.3,0.4,2.4,2.9,1.5,1.2,0.8,0.2,1.7,17.9,0,0,-4.6
171,Brandon Clarke,MEM,25,64,44,20,19.5,10.4,4.5,7,64.4,0.1,0.3,22.7,1.3,2,65.4,2.1,3.2,5.3,1.3,0.5,0.6,1.1,1.9,23.3,4,0,2.8
172,Richaun Holmes,SAC,28,45,16,29,23.9,10.4,4.4,6.7,66,0,0.1,40,1.6,2,77.8,2.1,5,7,1.1,1.2,0.4,0.9,2.8,23.1,8,0,-3
173,Terence Davis,SAC,25,30,11,19,17.9,10.4,3.8,8.9,42.3,1.6,5,32.9,1.2,1.5,81.8,0.4,2.8,3.1,1.3,1.1,0.8,0.4,2.3,18.6,0,0,2
174,Ivica Zubac,LAC,25,76,40,36,24.4,10.3,4.1,6.5,62.6,0,0,0,2.2,3,72.7,2.9,5.6,8.5,1.6,1.5,0.5,1,2.7,25.8,25,0,-1.7
175,Jeff Green,DEN,35,75,44,31,24.7,10.3,3.7,7.1,52.4,0.7,2.2,31.5,2.2,2.6,83.3,0.5,2.5,3.1,1.3,0.9,0.4,0.4,2,17.2,1,0,0.8
176,P.J. Washington,CHA,23,65,33,32,27.2,10.3,3.8,8.2,47,1.7,4.6,36.5,0.9,1.2,71.6,1.3,3.9,5.2,2.3,1.3,0.9,0.9,2.3,24.1,3,0,2.2
177,Josh Richardson,SAS,28,65,38,27,24.6,10.2,3.6,8.2,43.8,1.6,3.8,41.5,1.5,1.7,88.9,0.6,2.2,2.8,1.8,1,0.9,0.4,1.8,19.2,0,0,2.1
178,Ben McLemore,POR,29,64,20,44,20.1,10.2,3.4,8.4,40.1,2.4,6.5,36.2,1.1,1.4,81.8,0.2,1.4,1.6,0.9,0.9,0.6,0.2,1.6,14.9,0,0,-5.5
179,Al Horford,BOS,36,69,46,23,29.1,10.2,3.9,8.2,46.7,1.3,3.8,33.6,1.2,1.4,84.2,1.6,6.1,7.7,3.4,0.9,0.7,1.3,1.9,29.6,15,0,5.6
180,Cam Reddish,NYK,22,49,20,29,20.7,10.1,3.4,8.3,40.4,1.3,3.8,35.9,2.1,2.3,90.2,0.5,1.6,2.1,1,1.2,1,0.3,1.2,16.8,0,0,-4.4
181,Justin Holiday,SAC,33,74,25,49,27.8,10.1,3.5,8.9,39.4,2.4,6.5,36.7,0.7,0.8,80.6,0.4,2.2,2.6,1.7,0.9,0.8,0.4,2.1,18.5,0,0,-2.8
182,Bones Hyland,DEN,21,69,41,28,19,10.1,3.3,8.3,40.3,1.9,5.2,36.6,1.6,1.8,85.6,0.2,2.5,2.7,2.8,1.2,0.6,0.3,2.2,18.9,1,0,0.6
183,Isaiah Roby,OKC,24,45,10,35,21.1,10.1,3.7,7.2,51.4,1,2.2,44.4,1.7,2.6,67.2,1.7,3.2,4.8,1.6,1,0.8,0.8,2.4,22,4,0,-4.1
184,Devin Cannady,ORL,26,5,2,3,28.9,10,3,8.8,34.1,3,7.4,40.5,1,1.4,71.4,0.2,1,1.2,2,1,1,0.6,1.8,18.2,0,0,-2.2
184,Garrison Mathews,HOU,25,65,19,46,26.3,10,2.8,7.1,39.9,2.1,5.9,36,2.2,2.8,79.4,0.5,2.4,2.9,1,0.6,0.9,0.4,2.6,18.1,0,0,-3.4
186,Terrence Ross,ORL,31,63,14,49,23,10,3.5,8.8,39.7,1.2,4.2,29.2,1.8,2.1,86.2,0.3,2.2,2.6,1.8,1.2,0.4,0.2,1.1,16.5,0,0,-5.5
187,Robert Williams III,BOS,24,61,40,21,29.6,10,4.4,6,73.6,0,0,0,1.1,1.5,72.2,3.9,5.7,9.6,2,1,0.9,2.2,2.2,32.8,25,1,6.1
188,Talen Horton-Tucker,LAL,21,60,23,37,25.2,10,3.7,9,41.6,0.8,3,26.9,1.7,2.1,80,0.6,2.6,3.2,2.7,1.4,1,0.5,2.5,20.8,1,0,-1.5
189,Pat Connaughton,MIL,29,65,41,24,26,9.9,3.5,7.6,45.8,2.2,5.7,39.5,0.7,0.8,83.3,0.7,3.5,4.2,1.3,0.5,0.9,0.2,1.3,19.7,0,0,-0.4
190,Eric Bledsoe,POR,32,54,27,27,25.2,9.9,3.6,8.7,42.1,0.9,3,31.3,1.6,2.2,76.1,0.5,2.9,3.4,4.2,2.1,1.3,0.4,1.6,22.9,2,0,-0.7
190,Michael Porter Jr.,DEN,24,9,5,4,29.4,9.9,4.1,11.4,35.9,1.1,5.3,20.8,0.6,1,55.6,1,5.6,6.6,1.9,1.3,1.1,0.2,1.8,23.3,1,0,6.4
192,Duane Washington Jr.,IND,22,48,12,36,20.2,9.9,3.6,8.9,40.5,1.7,4.5,37.7,1,1.3,75.4,0.1,1.6,1.7,1.8,1.2,0.5,0.1,1.4,15.2,0,0,-2.6
193,Nassir Little,POR,22,42,19,23,25.9,9.8,3.5,7.5,46,1.2,3.7,33.1,1.6,2.2,73.4,1.4,4.2,5.6,1.3,1,0.6,0.9,2,21.8,3,0,-0.5
194,Terry Taylor,IND,22,33,7,26,21.6,9.6,4.1,6.7,61.4,0.4,1.2,31.6,1.1,1.5,70.6,2.9,2.3,5.2,1.2,0.7,0.4,0.2,1.8,19.1,2,0,-3.5
195,Alperen Sengun,HOU,19,72,18,54,20.7,9.6,3.5,7.3,47.4,0.4,1.6,24.8,2.3,3.2,71.1,1.9,3.5,5.5,2.6,2,0.8,0.9,3,23.3,8,0,-4.3
196,Herbert Jones,NOP,23,78,36,42,29.9,9.5,3.5,7.4,47.6,0.7,2.2,33.7,1.8,2.1,84,1.3,2.5,3.8,2.1,1.3,1.7,0.8,3.1,23.3,1,0,0.9
197,Jae Crowder,PHX,31,67,54,13,28.1,9.4,3.2,8.1,39.9,1.9,5.4,34.8,1.1,1.3,78.9,0.4,4.8,5.3,1.9,0.8,1.4,0.4,2.6,23.3,1,0,5.9
198,Chris Boucher,TOR,29,80,48,32,21.1,9.4,3.4,7.2,46.4,0.9,2.9,29.7,1.9,2.4,77.7,2.2,3.9,6.2,0.3,0.5,0.6,0.9,2.2,21.4,10,0,2.4
199,Daniel Gafford,WAS,23,72,30,42,20.1,9.4,4,5.7,69.3,0,0,0,1.5,2.1,69.9,2.2,3.5,5.7,0.9,0.9,0.4,1.4,2.4,22.1,8,0,-2.9
200,Jaxson Hayes,NOP,22,70,29,41,20,9.3,3.5,5.7,61.6,0.3,0.8,35.1,2.1,2.7,76.6,1.6,2.9,4.5,0.6,0.8,0.5,0.8,2.2,18.7,4,0,0.3
201,Jonathan Kuminga,GSW,19,70,44,26,16.9,9.3,3.4,6.6,51.3,0.7,2.1,33.6,1.9,2.7,68.4,0.8,2.6,3.3,0.9,1.1,0.4,0.3,2.1,15.9,2,0,0.5
202,Jaden McDaniels,MIN,21,70,40,30,25.8,9.2,3.6,7.9,46,1.1,3.6,31.7,0.8,1,80.3,1.1,3.1,4.2,1.1,1.1,0.7,0.8,3.2,19.4,0,0,0
203,Jalen Smith,IND,22,51,29,22,18.1,9.2,3.5,6.9,50.3,0.8,2.4,32.8,1.5,2,76.5,2,4,6,0.5,0.8,0.3,0.8,1.9,19.6,9,0,0.6
204,Georges Niang,PHI,29,76,48,28,22.8,9.2,3.2,7.4,43.7,2.1,5.1,40.3,0.7,0.8,88.1,0.3,2.3,2.7,1.3,0.8,0.4,0.2,2.5,15.4,0,0,0.9
205,Reggie Perry,POR,22,10,0,10,18.7,9.2,4,7.9,50.6,0.3,1.6,18.8,0.9,1.5,60,1.5,3.2,4.7,1.2,1.1,0.9,0.6,3.3,20,1,0,-7.8
206,Patrick Beverley,MIN,33,58,33,25,25.4,9.2,3.1,7.5,40.6,1.4,4.2,34.3,1.7,2.3,72.2,1.1,3.1,4.1,4.6,1.3,1.2,0.9,3,26,2,0,1.9
207,JaVale McGee,PHX,34,74,57,17,15.8,9.2,3.9,6.2,62.9,0,0.1,22.2,1.4,2,69.9,2.2,4.5,6.7,0.6,1.3,0.3,1.1,2.4,20.9,10,0,1.6
208,Caleb Martin,MIA,26,60,37,23,22.9,9.2,3.5,6.8,50.7,1.1,2.6,41.3,1.2,1.6,76.3,1.2,2.7,3.8,1.1,0.9,1,0.5,1.7,18.9,1,0,2.6
209,Oshae Brissett,IND,24,67,19,48,23.3,9.1,3.1,7.6,41.1,1.2,3.5,35,1.7,2.4,69.5,1.6,3.7,5.3,1.1,0.8,0.7,0.4,1.7,19.6,5,0,-3.3
210,Kelly Olynyk,DET,31,40,13,27,19.1,9.1,3.2,7.2,44.8,1,3,33.6,1.7,2.2,77.5,1.4,3.1,4.4,2.8,1.5,0.8,0.5,2.5,20.9,1,0,-1.8
211,Precious Achiuwa,TOR,22,73,46,27,23.6,9.1,3.6,8.3,43.9,0.8,2.1,35.9,1.1,1.8,59.5,2,4.5,6.5,1.1,1.2,0.5,0.6,2.1,20.6,6,0,1
212,Willy Hernangomez,NOP,28,50,22,28,16.8,9.1,3.4,6.5,52,0.1,0.2,33.3,2.2,2.8,77.3,2.9,3.9,6.8,1.3,1,0.4,0.4,1.9,20.4,9,0,-0.9
213,Donte DiVincenzo,SAC,25,42,21,21,23.9,9,2.8,8,35.1,1.8,5.2,33.9,1.7,2,84.3,1,3.1,4,2.8,1.7,1.1,0.2,1.6,20.4,0,0,-1.8
214,Obi Toppin,NYK,24,72,32,40,17.1,9,3.5,6.6,53.1,0.7,2.3,30.8,1.3,1.7,75.8,1,2.8,3.7,1.1,0.8,0.3,0.5,1.4,16.7,3,0,2.3
214,Patrick Williams,CHI,20,17,9,8,24.8,9,3.2,6,52.9,0.9,1.7,51.7,1.8,2.4,73.2,1,3.1,4.1,0.9,0.9,0.5,0.5,1.6,17.4,1,0,-3.3
216,Bruce Brown,BKN,25,72,37,35,24.6,9,3.6,7,50.6,0.5,1.3,40.4,1.3,1.8,75.8,1.4,3.4,4.8,2.1,0.8,1.1,0.7,2.4,22.4,1,0,-0.6
217,Amir Coffey,LAC,25,69,33,36,22.7,9,3.1,6.8,45.3,1.4,3.7,37.8,1.5,1.7,86.3,0.4,2.5,2.9,1.8,0.7,0.6,0.2,1.3,16.7,1,0,-0.7
218,DeMarcus Cousins,DEN,31,48,33,15,14.9,9,3.1,6.8,46,0.8,2.5,30.3,2,2.6,76,1.5,4.1,5.6,1.5,1.8,0.7,0.4,2.9,19.7,2,0,0.8
219,Moritz Wagner,ORL,25,63,16,47,15.2,9,3.1,6.3,49.7,1,3.2,32.8,1.7,2,80.6,0.7,3,3.7,1.4,0.9,0.3,0.2,2,16.1,3,0,-2.4
220,Chimezie Metu,SAC,25,60,23,37,21.3,8.9,3.4,7.5,45.2,1,3.1,30.6,1.2,1.5,78,0.6,5,5.6,1,1,0.9,0.5,1.6,20.2,6,0,-2.6
221,Bryn Forbes,DEN,28,75,36,39,17.1,8.8,3.1,7.2,42.9,1.6,3.9,41.4,1.1,1.2,90.8,0.1,1.1,1.2,1,0.7,0.3,0.1,1.3,12.3,0,0,0.3
222,Ayo Dosunmu,CHI,22,77,42,35,27.4,8.8,3.6,6.9,52,0.9,2.4,37.6,0.7,1,67.9,0.4,2.4,2.8,3.3,1.4,0.8,0.4,2.4,19.2,4,0,-2.6
223,KJ Martin,HOU,21,79,20,59,21,8.8,3.5,6.6,53.3,0.8,2.1,35.7,1,1.6,63.4,1,2.7,3.8,1.3,0.8,0.4,0.5,1.4,17.3,2,0,-3
224,Isaac Okoro,CLE,21,67,34,33,29.6,8.8,3.1,6.4,48,0.8,2.3,35,1.8,2.3,76.8,1.1,1.9,3,1.8,0.9,0.8,0.3,2.4,17.7,0,0,1.5
225,Dwight Powell,DAL,30,82,52,30,21.9,8.7,3.3,4.9,67.1,0.2,0.5,35.1,2,2.6,78.3,2.1,2.8,4.9,1.2,0.8,0.5,0.5,2.7,18.4,2,0,0.9
226,Nic Claxton,BKN,23,47,24,23,20.7,8.7,3.8,5.6,67.4,0,0,0,1.1,2,58.1,1.9,3.7,5.6,0.9,0.8,0.5,1.1,2.3,20.8,4,0,-0.6
227,Gabe Vincent,MIA,26,68,47,21,23.4,8.7,3.1,7.5,41.7,1.8,4.8,36.8,0.6,0.8,81.5,0.3,1.5,1.9,3.1,1.4,0.9,0.2,2.3,17.4,0,0,1.5
228,Tyus Jones,MEM,26,73,51,22,21.2,8.7,3.4,7.6,45.1,1.1,2.8,39,0.7,0.9,81.8,0.2,2.2,2.4,4.4,0.6,0.9,0,0.4,20.4,2,0,3.5
229,Chuma Okeke,ORL,23,70,21,49,25,8.6,3.1,8.2,37.6,1.7,5.3,31.8,0.8,0.9,84.6,0.7,4.3,5,1.7,0.8,1.4,0.6,1.4,22.3,3,0,-4.5
230,Reggie Bullock Jr.,DAL,31,68,44,24,28,8.6,3,7.4,40.1,2.1,5.8,36,0.6,0.7,83.3,0.5,3.1,3.5,1.2,0.6,0.6,0.2,1.6,16.5,0,0,4
231,Cam Thomas,BKN,20,67,32,35,17.6,8.5,3.3,7.5,43.3,0.7,2.6,27,1.3,1.6,82.9,0.2,2.2,2.4,1.2,0.8,0.5,0.1,1,14.2,0,0,-2.1
232,Robert Covington,LAC,31,71,34,37,27.3,8.5,2.9,7,42,1.8,4.8,37.8,0.8,1,84.1,0.8,4.7,5.5,1.3,1.1,1.5,1.3,2.7,24.2,1,0,0.5
233,Jaylen Nowell,MIN,22,62,37,25,15.7,8.5,3.2,6.7,47.5,1,2.6,39.4,1.2,1.5,78.3,0.4,1.6,2,2.1,0.6,0.4,0.2,1.2,15.2,0,0,1.1
234,T.J. McConnell,IND,30,27,9,18,24.2,8.5,3.7,7.7,48.1,0.4,1.2,30.3,0.7,0.9,82.6,0.7,2.6,3.3,4.9,1.1,1.1,0.4,2,23,1,0,-2.7
235,Mitchell Robinson,NYK,24,72,32,40,25.7,8.5,3.6,4.8,76.1,0,0,0,1.2,2.5,48.6,4.1,4.5,8.6,0.5,0.8,0.8,1.8,2.7,26.7,20,0,-1.1
236,Isaiah Thomas,CHA,33,22,12,10,15.2,8.4,3,7.6,40.1,1.3,3.8,33.7,1,1.2,84.6,0.2,1.1,1.3,1.5,0.7,0.3,0.2,1.5,13.2,0,0,-0.5
237,Deni Avdija,WAS,21,82,35,47,24.2,8.4,3,7.1,43.2,1,3.2,31.7,1.3,1.7,75.7,0.6,4.5,5.2,2,1.1,0.7,0.5,2.3,20.3,3,0,-0.8
238,Lance Stephenson,IND,31,46,11,35,17.7,8.3,3.2,7,45.5,0.6,2,30,1.4,1.7,78.8,0.3,2.5,2.8,3.6,1.6,0.5,0.1,2.1,17.3,3,0,-2.5
239,Nicolas Batum,LAC,33,59,31,28,24.8,8.3,3,6.6,46.3,1.8,4.6,40,0.4,0.6,65.8,0.5,3.8,4.3,1.7,0.7,1,0.7,1.4,20.4,0,0,-2.2
240,Aaron Wiggins,OKC,23,50,13,37,24.2,8.3,3.1,6.7,46.3,0.8,2.8,30.4,1.2,1.7,72.9,1,2.5,3.6,1.4,1.1,0.6,0.2,1.9,16,0,0,-4.7
241,Landry Shamet,PHX,25,69,53,16,20.8,8.3,2.8,7,39.4,1.8,4.8,36.8,1,1.2,84,0.2,1.6,1.8,1.6,0.6,0.4,0.1,1.3,13.9,0,0,2
242,Isaiah Stewart,DET,21,71,21,50,25.6,8.3,3.5,6.9,51,0.2,0.6,32.6,1,1.5,71.8,3.2,5.5,8.7,1.2,1.2,0.3,1.1,3,23.5,12,0,-5.2
243,Isaiah Hartenstein,LAC,24,68,37,31,17.9,8.3,3.4,5.4,62.6,0.2,0.4,46.7,1.3,1.9,68.9,1.7,3.2,4.9,2.4,1.2,0.7,1.1,2.5,22,2,0,2.5
244,Naz Reid,MIN,22,77,42,35,15.8,8.3,3,6.2,48.9,0.7,2.2,34.3,1.5,1.9,76.5,1.3,2.6,3.9,0.9,1.1,0.5,0.9,2.2,17.6,4,0,-1.2
245,Isaiah Jackson,IND,20,36,9,27,15,8.3,3.2,5.7,56.3,0.1,0.4,31.3,1.7,2.4,68.2,1.7,2.5,4.1,0.3,1.1,0.7,1.4,2.6,18.9,3,0,-1.1
246,Corey Kispert,WAS,23,77,31,46,23.4,8.2,3,6.7,45.5,1.5,4.2,35,0.7,0.8,87.1,0.7,2,2.7,1.1,0.6,0.5,0.3,1.2,14.7,0,0,0.5
247,Hassan Whiteside,UTA,33,65,40,25,17.9,8.2,3.3,5.1,65.2,0,0,0,1.6,2.6,62.3,2.6,5,7.6,0.4,0.8,0.3,1.6,2.8,22.9,14,0,3.5
248,Shake Milton,PHI,25,55,34,21,21.4,8.2,3.1,7.3,42.9,0.8,2.4,32.3,1.1,1.3,83.6,0.5,2,2.6,2.5,0.8,0.5,0.3,1.8,16.7,0,0,-0.5
249,Otto Porter Jr.,GSW,29,63,41,22,22.2,8.2,3.1,6.6,46.4,1.3,3.4,37,0.8,1,80.3,1.4,4.4,5.7,1.5,0.6,1.1,0.5,1.3,21.3,5,0,3.7
250,Daniel Theis,BOS,30,47,20,27,20.8,8.2,3.2,6.2,51.9,0.7,2.3,30.8,1,1.5,68.1,1.3,3.6,4.9,0.9,1,0.4,0.7,2.4,17.6,3,0,-1.9
251,Onyeka Okongwu,ATL,21,48,26,22,20.7,8.2,3.3,4.7,69,0,0,0,1.7,2.3,72.7,2.4,3.5,5.9,1.1,0.9,0.6,1.3,3.1,21.7,1,0,2.3
252,Rudy Gay,UTA,35,55,34,21,18.9,8.1,2.9,6.9,41.4,1.3,3.7,34.5,1.1,1.4,78.5,1,3.4,4.4,1,0.9,0.5,0.3,1.7,16.5,0,0,3.3
253,Damian Jones,SAC,27,56,19,37,18.2,8.1,3.1,4.8,65.8,0.2,0.5,34.5,1.7,2.3,71.8,1.3,3.1,4.4,1.2,1.1,0.5,0.8,2.3,18.1,2,0,-3.1
254,Ziaire Williams,MEM,20,62,41,21,21.7,8.1,3.1,6.8,45,1.2,3.9,31.4,0.7,0.9,78.2,0.4,1.7,2.1,1,0.7,0.6,0.2,1.8,13.8,0,0,2
255,Cory Joseph,DET,30,65,19,46,24.6,8,2.7,6.2,44.5,1,2.4,41.4,1.5,1.7,88.5,0.4,2.2,2.7,3.6,1.3,0.6,0.3,2.3,18.1,0,0,-3.1
256,Malik Newman,CLE,25,1,0,1,7.7,8,3,5,60,0,1,0,2,2,100,0,1,1,1,1,0,0,0,9.7,0,0,1
256,Mike Muscala,OKC,30,43,15,28,13.8,8,2.6,5.8,45.6,1.6,3.8,42.9,1.1,1.3,84.2,0.5,2.5,3,0.5,0.3,0.4,0.6,1.3,15.1,0,0,0.5
258,Lindy Waters III,OKC,24,25,6,19,18.6,8,2.8,7,40.6,2.1,5.8,36.3,0.2,0.2,80,0.2,2.7,2.9,1,0.4,0.8,0.3,1.2,15.7,0,0,-1.6
259,Andre Drummond,BKN,28,73,42,31,19.7,7.9,3.4,5.9,57,0,0,0,1.2,2.2,52.4,3.1,6.2,9.3,1.8,1.6,1.1,0.9,2.6,26.2,18,0,0.5
260,Josh Christopher,HOU,20,74,18,56,18,7.9,3,6.8,44.8,0.8,2.6,29.6,1.1,1.5,73.5,0.7,1.8,2.5,2,1.5,0.9,0.2,1.3,15.6,0,0,-3.7
261,Jordan Nwora,MIL,23,62,34,28,19.1,7.9,3,7.5,40.3,1.3,3.7,34.8,0.6,0.7,83.7,0.6,3,3.6,1,0.9,0.4,0.3,1.3,14.7,3,0,-1.2
262,Grant Williams,BOS,23,77,49,28,24.4,7.8,2.7,5.6,47.5,1.4,3.4,41.1,1.1,1.2,90.5,0.8,2.7,3.6,1,0.8,0.5,0.7,2.4,16.5,1,0,1.9
263,Zach Collins,SAS,24,28,14,14,17.9,7.8,2.7,5.5,49,0.5,1.5,34.1,1.9,2.3,80,1.6,3.8,5.5,2.2,1.6,0.5,0.8,2.4,19.9,1,0,1.4
264,Drew Eubanks,POR,25,71,19,52,17.5,7.7,3.1,5.2,59.6,0.1,0.3,21.7,1.4,1.8,76.2,1.8,3.5,5.4,1.2,1.1,0.4,0.6,1.7,17.8,7,0,-4.6
265,Cody Martin,CHA,26,71,41,30,26.3,7.7,2.9,6,48.2,0.9,2.2,38.4,1.1,1.5,70.1,1.2,2.9,4,2.5,0.9,1.2,0.5,1.6,20.5,0,0,-0.4
266,R.J. Hampton,ORL,21,64,15,49,21.9,7.6,2.7,7.1,38.3,1,2.9,35,1.2,1.8,64.1,0.4,2.7,3,2.5,1.4,0.7,0.2,1.6,16.2,0,0,-6.5
267,Aleksej Pokusevski,OKC,20,61,19,42,20.2,7.6,3,7.5,40.8,0.9,3.2,28.9,0.6,0.8,70,1.2,4,5.2,2.1,1.5,0.6,0.6,1.4,19.3,5,1,-0.7
268,Furkan Korkmaz,PHI,24,67,44,23,21.1,7.6,2.7,7,38.7,1.1,4,28.9,1,1.3,81,0.3,2.3,2.6,1.9,0.7,0.5,0.1,0.9,14.7,1,0,0.5
269,P.J. Tucker,MIA,37,71,45,26,27.9,7.6,2.9,6,48.4,1.1,2.7,41.5,0.6,0.9,73.8,1.4,4,5.5,2.1,0.9,0.8,0.2,2.3,19.4,5,0,3.2
270,Markieff Morris,MIA,32,17,10,7,17.5,7.6,3.2,6.7,47.4,0.8,2.3,33.3,0.5,0.5,88.9,1,1.6,2.6,1.4,1.2,0.4,0.1,1.9,12.9,0,0,1.1
271,Trendon Watford,POR,21,48,16,32,18.1,7.6,3,5.6,53.2,0.2,0.8,23.7,1.5,2,75.5,1.2,3,4.1,1.7,0.9,0.5,0.6,2.4,17.5,2,0,-7.3
272,Kris Dunn,POR,28,14,1,13,24,7.6,3.1,7.3,43.1,0.1,0.8,9.1,1.2,1.3,94.4,0.6,2.9,3.5,5.6,2.3,1.6,0.2,2.7,23.5,0,0,-6.6
273,Kyle Anderson,MEM,28,69,46,23,21.5,7.6,3,6.8,44.6,0.5,1.6,33,1,1.5,63.8,1,4.3,5.3,2.7,1,1.1,0.7,1.6,22.2,2,0,0.9
274,Draymond Green,GSW,32,46,34,12,28.9,7.5,2.9,5.6,52.5,0.3,1.2,29.6,1.3,2,65.9,1,6.3,7.3,7,3,1.3,1.1,3,30.9,4,1,4.2
275,Raul Neto,WAS,30,70,29,41,19.6,7.5,2.9,6.3,46.3,0.5,1.7,29.2,1.2,1.5,76.9,0.2,1.7,1.9,3.1,1.1,0.8,0,1.5,15.8,0,0,-1.2
276,D.J. Wilson,TOR,26,4,2,2,13.5,7.5,2.8,3.8,73.3,0,0.5,0,2,2.5,80,0.3,3.8,4,1.3,0.5,1.3,0.3,1.5,18.2,0,0,-4
277,Goran Dragic,BKN,36,21,10,11,23.7,7.5,2.7,7.2,37.7,0.8,3,25.4,1.3,1.6,81.8,0.6,2.5,3.1,4.1,1.6,0.9,0.2,2.1,19,0,0,0.3
278,Jeremiah Robinson-Earl,OKC,21,49,15,34,22.2,7.5,2.7,6.6,41.4,1.2,3.4,35.2,0.8,1.1,74.1,1.5,4.1,5.6,1,0.8,0.6,0.3,1.5,17.6,3,0,-4.9
279,Thomas Bryant,WAS,24,27,8,19,16.3,7.4,2.9,5.5,52,0.4,1.6,28.6,1.3,1.5,87.5,1,3,4,0.9,0.7,0.2,0.8,1.6,15.8,0,0,-2.8
280,Alex Caruso,CHI,28,41,24,17,28,7.4,2.5,6.2,39.8,1,3.1,33.3,1.4,1.8,79.5,0.8,2.8,3.6,4,1.4,1.7,0.4,2.6,22.7,1,0,2.7
281,Damion Lee,GSW,29,63,41,22,19.9,7.4,2.7,6.1,44.1,1,3,33.7,1,1.2,88,0.4,2.8,3.2,1,0.6,0.6,0.1,1.5,14.3,0,0,1.5
282,Kenrich Williams,OKC,27,49,17,32,21.9,7.4,3,6.5,46.1,0.8,2.5,33.9,0.6,1.1,54.5,1.5,3,4.5,2.2,0.9,0.9,0.2,1.7,18.5,0,0,0.5
283,Royce O'Neale,UTA,29,77,46,31,31.2,7.4,2.6,5.8,45.7,1.5,4,38.9,0.6,0.7,80.4,0.8,3.9,4.8,2.5,1,1.1,0.4,2.4,20.4,3,0,3
284,Jared Harper,NOP,24,5,2,3,8.6,7.4,2.8,5.2,53.8,1,2.4,41.7,0.8,0.8,100,0.4,0,0.4,2.8,0.4,0.8,0.2,1,14.7,0,0,1.4
285,Wes Iwundu,ATL,27,3,2,1,27.4,7.3,2.7,6,44.4,1,1.7,60,1,1.3,75,1,3.3,4.3,0,0.3,0.3,0,2.7,13.2,0,0,0
286,Jeremy Lamb,SAC,30,56,23,33,16.7,7.3,2.4,6.2,38.3,1,3,32.4,1.6,1.9,84,0.5,2.3,2.8,1.4,0.7,0.6,0.4,1.1,15,0,0,0.4
287,Austin Reaves,LAL,24,61,28,33,23.2,7.3,2.4,5.2,45.9,0.9,2.7,31.7,1.6,1.9,83.9,0.7,2.4,3.2,1.8,0.7,0.5,0.3,1.4,15.5,1,1,0.9
288,Taurean Prince,MIN,28,69,40,29,17.1,7.3,2.6,5.7,45.4,1.2,3.3,37.6,0.9,1.2,75.6,0.4,2.1,2.5,1,0.8,0.7,0.3,1.7,14.1,0,0,-0.1
289,Joe Ingles,POR,34,45,28,17,24.9,7.2,2.6,6.3,40.4,1.7,5,34.7,0.4,0.5,77.3,0.3,2.6,2.9,3.5,1,0.5,0.1,1.8,16.8,0,0,4.1
290,Keon Johnson,POR,20,37,8,29,18.8,7.2,2.6,7.4,35.3,0.9,2.7,34,1.1,1.4,80.4,0.6,1.5,2.2,2.1,1.2,0.8,0.3,1.9,14.9,0,0,-7.8
291,Javonte Green,CHI,28,65,38,27,23.4,7.2,2.7,5,54.2,0.6,1.6,35.6,1.2,1.5,83.3,1.4,2.8,4.2,0.9,0.5,1,0.5,2,17.8,0,0,0.3
292,Braxton Key,DET,25,11,5,6,17.9,7.2,3,6.5,45.8,0.5,1.9,28.6,0.6,1.2,53.8,1.2,3.4,4.5,1,1,0.9,1,2.4,18.9,0,0,2.5
293,Ty Jerome,OKC,24,48,15,33,16.7,7.1,2.6,6.8,37.8,1.1,3.9,29,0.8,1,80.9,0.4,1.2,1.6,2.3,0.8,0.6,0.1,1.5,13.9,0,0,-0.1
294,Theo Maledon,OKC,21,51,14,37,17.8,7.1,2.3,6.2,37.5,0.9,2.9,29.3,1.5,2,79,0.4,2.2,2.6,2.2,1.3,0.6,0.2,1.3,14.6,1,0,-3.9
295,Gary Payton II,GSW,29,71,47,24,17.6,7.1,3,4.8,61.6,0.6,1.7,35.8,0.5,0.8,60.3,1,2.5,3.5,0.9,0.6,1.4,0.3,1.8,17,1,0,2.5
296,Robin Lopez,ORL,34,36,9,27,17,7.1,3.1,5.5,55.3,0.1,0.2,33.3,0.9,1.5,59.3,1.9,1.6,3.5,1.5,1.2,0.1,0.5,1.9,14,3,0,-1.8
297,Sekou Doumbouya,LAL,21,2,0,2,8.2,7,2.5,4,62.5,0.5,1,50,1.5,2,75,1,2,3,0,1,1.5,1,0.5,17.1,0,0,12
298,Goga Bitadze,IND,22,50,17,33,14.6,7,2.6,5,52,0.5,1.6,28.8,1.3,1.9,68.1,1.6,2,3.5,1.1,0.9,0.4,0.8,2.1,15.7,2,0,-0.6
299,Larry Nance Jr.,NOP,29,46,19,27,22.6,7,2.8,5.4,52.2,0.5,1.5,32.9,0.9,1.2,70.2,1.6,3.8,5.4,1.8,0.8,0.9,0.4,1.8,19.4,0,0,-1.3
300,Maxi Kleber,DAL,30,59,36,23,24.6,7,2.4,6,39.8,1.4,4.3,32.5,0.8,1.1,70.8,1.2,4.7,5.9,1.2,0.8,0.5,1,2.3,19.5,2,0,2
301,Olivier Sarr,OKC,23,22,6,16,19.1,7,2.6,4.6,57.4,0.6,1.3,44.8,1.1,1.3,82.8,1.5,2.7,4.2,0.9,1,0.3,0.7,2.4,15.2,1,0,-1.3
302,Steven Adams,MEM,28,76,51,25,26.3,6.9,2.8,5.1,54.7,0,0,0,1.4,2.6,54.3,4.6,5.4,10,3.4,1.5,0.9,0.8,2,27.4,14,0,4.6
303,Jarred Vanderbilt,MIN,23,74,41,33,25.4,6.9,2.9,4.9,58.7,0,0.2,14.3,1.2,1.8,65.6,2.9,5.5,8.4,1.3,1,1.3,0.6,2.4,23.8,8,0,2.2
304,Killian Hayes,DET,20,66,21,45,25,6.9,2.7,7,38.3,0.7,2.5,26.3,0.9,1.1,77,0.5,2.6,3.2,4.2,1.7,1.2,0.5,2.8,20.4,2,0,-5.6
305,Serge Ibaka,MIL,32,54,30,24,16.3,6.8,2.7,5.5,50,0.7,1.8,37.4,0.6,0.8,72.7,1.1,3.5,4.6,0.9,0.8,0.2,0.6,1.9,15.3,3,0,-1
306,Mason Jones,LAL,23,4,2,2,12.6,6.8,1.8,3.8,46.7,0.3,1,25,3,3.8,80,0.3,2.3,2.5,1,0.3,0.5,0,2,12.5,0,0,5.8
307,Brandon Boston Jr.,LAC,20,51,26,25,14.9,6.7,2.5,6.4,38.5,0.7,2.2,30.6,1.2,1.4,81.9,0.3,1.8,2.2,1,0.6,0.5,0.3,0.8,12.5,0,0,-0.7
308,Wayne Ellington,LAL,34,43,15,28,18.8,6.7,2.3,5.5,41.4,1.9,4.9,38.9,0.2,0.3,81.8,0.2,1.6,1.8,0.7,0.4,0.5,0.1,1,11.4,0,0,-1.4
309,Stanley Johnson,LAL,26,48,16,32,22.8,6.7,2.4,5.2,46.6,0.7,2.2,31.4,1.1,1.5,71.6,0.7,2.5,3.2,1.7,0.7,0.9,0.3,2.3,15.9,0,0,-1
310,Georgios Kalaitzakis,OKC,23,13,8,5,16.4,6.6,2.4,5.2,46.3,0.8,2,38.5,1.1,2.3,46.7,0.5,1.2,1.6,0.9,1.5,0.8,0.2,1.5,11.4,0,0,-10.3
310,Torrey Craig,PHX,31,78,36,42,20.5,6.6,2.6,5.7,45.4,1,3,32.9,0.5,0.7,75,1.1,2.9,4,1.2,0.9,0.6,0.5,1.9,15.4,3,0,-2.4
312,Zeke Nnaji,DEN,21,41,24,17,17,6.6,2.3,4.5,51.6,0.9,2,46.3,1,1.6,63.1,1.4,2.2,3.6,0.4,0.6,0.4,0.3,1.9,13.1,0,0,-1.1
313,Mason Plumlee,CHA,32,73,40,33,24.6,6.5,2.8,4.4,64.1,0,0,0,0.9,2.3,39.2,2.4,5.3,7.7,3.1,1.4,0.8,0.7,3.1,23.7,7,0,0.1
314,BJ Johnson,ORL,26,4,2,2,16.1,6.5,2.8,6.3,44,1,2.5,40,0,0,0,1.5,2.3,3.8,0,0,0,0.3,1,11.8,0,0,-3
315,JaMychal Green,DEN,32,67,36,31,16.2,6.4,2.4,4.9,48.6,0.5,1.9,26.6,1.2,1.4,87.1,1.2,3,4.2,0.9,0.9,0.6,0.4,2.4,15,1,0,-1.3
316,Josh Jackson,SAC,25,51,12,39,16.3,6.4,2.4,5.9,40,0.6,2.5,25.4,1.1,1.5,71.4,0.4,2.4,2.8,1.1,0.9,0.5,0.4,1.7,13.2,0,0,-3.1
317,Blake Griffin,BKN,33,56,29,27,17.1,6.4,2.4,5.6,42.5,0.7,2.6,26.2,1,1.4,72.4,1.1,3,4.1,1.9,0.6,0.5,0.3,1.7,15.8,1,0,-1.7
318,Brandon Knight,DAL,30,5,2,3,12.9,6.4,2,5,40,0.8,3.4,23.5,1.6,1.6,100,0,1.6,1.6,1.6,0.8,0.2,0,1,10.5,0,0,-1.2
319,Justin Anderson,IND,28,16,3,13,19.7,6.4,2.3,5.9,37.9,0.9,3.7,25.4,0.9,1.2,78.9,0.3,2.6,2.9,2.1,0.5,0.5,0.4,1.4,15,0,0,-0.9
320,Isaiah Livers,DET,23,19,8,11,20.2,6.4,2.2,4.7,45.6,1.4,3.4,42.2,0.6,0.7,85.7,0.8,2.2,3,1.1,0.8,0.7,0.4,1.9,14,1,0,-0.5
321,Avery Bradley,LAL,31,62,27,35,22.7,6.4,2.4,5.6,42.3,1.3,3.4,39,0.3,0.3,88.9,0.5,1.7,2.2,0.8,0.6,0.9,0.1,1.9,12.5,0,0,-2.9
322,Aaron Holiday,PHX,25,63,34,29,16.2,6.3,2.4,5.4,44.7,0.6,1.6,37.9,0.9,1.1,86.8,0.4,1.6,1.9,2.4,1.1,0.7,0.1,1.5,13.7,0,0,-0.6
323,Derrick Walton Jr.,DET,27,3,1,2,36.1,6.3,2,8.7,23.1,1,4.3,23.1,1.3,1.3,100,0.7,2.7,3.3,7,3.7,2.3,1.3,2.7,28.2,0,0,-1
324,Lou Williams,ATL,35,56,33,23,14.3,6.3,2.2,5.7,39.1,0.7,1.8,36.3,1.2,1.4,85.9,0.3,1.3,1.6,1.9,0.8,0.5,0.1,0.9,11.9,0,0,0.3
325,Ish Smith,WAS,33,65,27,38,17.3,6.3,2.8,6.6,43,0.4,1,37.3,0.2,0.4,62.5,0.4,1.8,2.2,3.8,1.2,0.7,0.4,1.2,16.6,1,0,-2.4
326,Dewayne Dedmon,MIA,32,67,43,24,15.9,6.3,2.4,4.3,56.6,0.3,0.7,40.4,1.1,1.5,75,1.6,4.2,5.8,0.7,1,0.4,0.6,2.6,16.2,3,0,0.7
327,Hassani Gravett,ORL,25,8,2,6,21.4,6.3,2.3,4.8,47.4,1.4,3.3,42.3,0.4,0.5,75,0.1,2.5,2.6,2.5,1.1,0.6,0.1,1.6,14.3,0,0,-0.3
328,Vit Krejci,OKC,22,30,8,22,23,6.2,2.3,5.6,40.7,1.1,3.3,32.7,0.6,0.7,86.4,0.6,2.8,3.4,1.9,1,0.6,0.3,2.2,14.9,1,0,-6
329,Payton Pritchard,BOS,24,71,46,25,14.1,6.2,2.3,5.3,42.9,1.4,3.5,41.2,0.3,0.3,100,0.5,1.4,1.9,2,0.6,0.4,0.1,0.9,12.2,0,0,0.9
330,Chaundee Brown Jr.,ATL,23,5,1,4,20.7,6.2,2,6.4,31.3,1.2,3.6,33.3,1,1.2,83.3,0.2,3,3.2,0.8,0.2,0.4,0,1.4,12.2,0,0,-4
330,Dwight Howard,LAL,36,60,21,39,16.2,6.2,2.2,3.7,61.2,0.1,0.3,53.3,1.6,2.4,65.8,2,4,5.9,0.6,0.8,0.6,0.6,1.9,16.9,5,0,-2.1
332,Thaddeus Young,TOR,34,52,27,25,16.3,6.2,2.7,5.2,51.8,0.3,0.9,35.4,0.4,0.9,46.9,1.5,2.5,4,2,1,1,0.3,1.6,17.1,0,0,0.4
333,Day'Ron Sharpe,BKN,20,32,12,20,12.2,6.2,2.7,4.7,57.7,0.1,0.2,28.6,0.8,1.3,58.5,2.5,2.5,5,0.5,0.9,0.3,0.5,1.9,14.4,2,0,1.8
334,George Hill,MIL,36,54,36,18,23.2,6.2,2.2,5.1,42.9,0.8,2.5,30.6,1.1,1.1,91.9,0.7,2.2,2.9,2.2,0.8,0.8,0.1,1.3,14.9,0,0,5.8
335,Jalen McDaniels,CHA,24,55,34,21,16.3,6.2,2.2,4.6,48.4,0.7,2,38,1,1.3,73.6,0.7,2.4,3.1,1.1,0.7,0.5,0.4,1.7,13.4,1,0,0.8
336,Jose Alvarado,NOP,24,54,25,29,15.4,6.1,2.4,5.4,44.6,0.6,2,29.1,0.7,1,67.9,0.5,1.4,1.9,2.8,0.7,1.3,0.1,1.4,16.1,1,0,2.6
337,Nemanja Bjelica,GSW,34,71,48,23,16.1,6.1,2.3,4.8,46.8,0.8,2.1,36.2,0.8,1.1,72.8,0.9,3.3,4.1,2.2,1.2,0.6,0.4,1.8,16,3,0,1.8
338,Lamar Stevens,CLE,24,63,35,28,16.1,6.1,2.5,5.1,48.9,0.3,1,27.7,0.8,1.2,70.7,0.7,1.9,2.6,0.7,0.7,0.5,0.3,1.7,11.9,0,0,-0.6
339,Tristan Thompson,CHI,31,57,20,37,15.7,6,2.5,4.7,52.8,0,0.1,33.3,1.1,2,52.6,2.1,2.9,5.1,0.6,0.8,0.4,0.4,1.7,14.5,1,0,-1.1
340,Alex Len,SAC,29,39,17,22,15.9,6,2.4,4.5,53.4,0.2,0.5,28.6,1.1,1.6,65.1,1.3,2.8,4.1,1.2,1.1,0.3,0.6,2.6,14.5,2,0,-1.9
341,Austin Rivers,DEN,29,67,41,26,22.1,6,2.2,5.2,41.7,1.2,3.4,34.2,0.5,0.7,72.7,0.3,1.4,1.7,1.3,0.8,0.8,0.1,1.8,11.8,0,0,0.8
342,Kevon Looney,GSW,26,82,53,29,21.1,6,2.5,4.4,57.1,0,0,0,0.9,1.5,60,2.5,4.7,7.3,2,0.8,0.6,0.6,2.6,20.6,5,0,2
343,Tre Jones,SAS,22,69,32,37,16.6,6,2.4,4.9,49,0.1,0.7,19.6,1,1.3,78,0.4,1.8,2.2,3.4,0.7,0.6,0.1,1.1,15.2,3,0,-0.2
344,Quentin Grimes,NYK,22,46,21,25,17.1,6,2.1,5.1,40.4,1.6,4.1,38.1,0.3,0.4,68.4,0.5,1.5,2,1,0.6,0.7,0.2,1.6,12,0,0,-1.2
345,Kessler Edwards,BKN,21,48,22,26,20.6,5.9,2.3,5.6,41.2,1,2.8,35.3,0.3,0.4,84.2,0.9,2.7,3.6,0.6,0.9,0.6,0.5,1.8,13.6,1,0,-1.3
346,Danuel House Jr.,UTA,29,42,18,24,17.3,5.9,1.9,4.7,40.4,1,2.8,37.6,1,1.4,75.9,0.4,2.2,2.6,1,0.8,0.5,0.4,1.2,12.6,0,0,1.5
347,Danny Green,PHI,35,62,37,25,21.8,5.9,2,5.2,39.4,1.7,4.4,38,0.2,0.2,78.6,0.5,2,2.5,1,0.7,1,0.6,1.7,14.5,0,0,1.3
348,Kira Lewis Jr.,NOP,21,24,6,18,14.2,5.9,2.5,6.1,40.4,0.5,2.4,22.4,0.4,0.5,83.3,0.4,1.3,1.6,2,1.1,0.5,0,0.7,11.3,0,0,-4.5
349,CJ Elleby,POR,22,58,17,41,20.2,5.8,2.1,5.3,39.3,0.6,2.2,29.4,1,1.4,71.4,1.1,2.8,3.9,1.5,1,0.6,0.3,2,14.6,0,0,-6
350,Bismack Biyombo,PHX,29,36,30,6,14.1,5.8,2.4,4,59.3,0,0,0,1.1,2,53.5,1.8,2.9,4.6,0.6,0.7,0.3,0.7,1.9,14.8,6,0,1.4
351,Luka Garza,DET,23,32,3,29,12.2,5.8,2.1,4.6,44.9,0.5,1.5,32.7,1.2,1.9,62.3,1.8,1.3,3.1,0.6,0.6,0.3,0.2,1.7,11.3,2,0,-2
352,Xavier Moon,LAC,27,10,7,3,13.7,5.8,2.5,5.1,49,0.5,1.4,35.7,0.3,0.5,60,0.2,1.2,1.4,2.4,0.6,0.7,0.3,0.9,13.5,0,0,0.2
353,Cassius Stanley,DET,22,9,3,6,17.2,5.8,2.1,5.1,41.3,0.4,1.9,23.5,1.1,1.1,100,0.6,1.6,2.1,0.4,0.7,0.6,0.2,1.9,10.6,0,0,-1.7
354,Joshua Primo,SAS,19,50,22,28,19.3,5.8,2,5.4,37.4,0.8,2.7,30.7,0.9,1.2,74.6,0.6,1.6,2.3,1.6,1.1,0.4,0.5,1.6,12.3,0,0,-1.6
355,Eric Paschall,UTA,25,58,36,22,12.7,5.8,2,4.1,48.5,0.7,1.9,37,1.1,1.5,76.7,0.5,1.3,1.8,0.6,0.5,0.2,0.1,0.9,9.1,0,0,-0.5
356,Carsen Edwards,DET,24,4,1,3,19.8,5.8,2.3,7.5,30,1,4,25,0.3,0.3,100,0.5,1,1.5,3.5,1.3,0.5,0,1,13.1,0,0,-3
357,Matisse Thybulle,PHI,25,66,43,23,25.5,5.7,2.3,4.5,50,0.7,2.2,31.3,0.5,0.7,79.1,0.6,1.7,2.3,1.1,0.6,1.7,1.1,2.4,18.1,0,0,1.3
358,Justise Winslow,POR,26,48,24,24,16.1,5.7,2.3,5.4,42.8,0.3,1.4,22.7,0.8,1.4,59.1,1,3.2,4.2,1.8,1,0.7,0.5,1.4,16.1,2,0,0.6
359,Kelan Martin,BOS,26,30,14,16,15,5.7,2.3,5.7,40.9,0.7,2.5,29.3,0.3,0.4,69.2,0.6,1.3,1.8,0.7,0.5,0.4,0.3,1.2,10.7,0,0,-1.8
360,Naji Marshall,NOP,24,55,23,32,13.4,5.7,2,4.9,40.5,0.4,1.9,20,1.3,1.7,79.6,0.7,1.9,2.6,1.1,0.8,0.6,0.1,1.3,11.9,1,0,-0.9
361,Keita Bates-Diop,SAS,26,59,23,36,16.2,5.7,2.3,4.5,51.7,0.3,0.9,30.9,0.8,1,75.4,1.1,2.9,3.9,0.7,0.8,0.5,0.2,1,12.7,1,0,0.1
362,Keifer Sykes,IND,28,32,6,26,17.7,5.6,2.2,5.9,36.3,0.8,2.8,30,0.5,0.5,88.2,0.3,1.2,1.4,1.9,1,0.4,0.1,1.6,10.7,0,0,-2.2
363,Saben Lee,DET,23,37,8,29,16.3,5.6,1.9,4.8,39,0.4,1.6,23.3,1.5,1.9,78.9,0.5,1.9,2.4,2.9,1,1,0.3,1.2,15.7,1,0,-2.2
364,Derrick Jones Jr.,CHI,25,51,28,23,17.6,5.6,2.1,3.8,53.8,0.4,1.2,32.8,1.1,1.4,80,1.2,2.1,3.3,0.6,0.6,0.5,0.6,2.1,13.3,0,0,0.8
365,Dennis Smith Jr.,POR,24,37,15,22,17.3,5.6,2.1,5.1,41.8,0.2,0.7,22.2,1.1,1.7,65.6,0.5,1.8,2.4,3.6,1.4,1.2,0.3,1.4,17,0,0,-3.7
366,Davis Bertans,DAL,29,56,32,24,14.4,5.6,1.8,4.9,36,1.4,4.1,33.5,0.6,0.7,90,0.2,1.9,2.1,0.6,0.3,0.3,0.2,1.5,10.1,0,0,0.5
367,James Johnson,BKN,35,62,30,32,19.2,5.5,2.3,5,46.9,0.4,1.4,27.1,0.5,0.9,52.7,0.8,2.6,3.5,2.1,0.8,0.5,0.5,2.6,15.1,1,0,-1
368,Greg Monroe,MIN,32,14,7,7,13.9,5.4,2.3,4.1,56.1,0,0,0,0.9,1.6,52.2,2.1,2.4,4.6,1.6,0.9,0.6,0.7,1.7,16.3,0,0,0.4
369,Wenyen Gabriel,LAL,25,26,8,18,13.8,5.4,2.1,4.2,49.1,0.3,1.1,28.6,1,1.6,59.5,1.5,2.2,3.7,0.5,0.6,0.2,0.4,2.6,11.9,1,0,1.7
370,PJ Dozier,DEN,25,18,9,9,18.9,5.4,2,5.5,36.4,0.8,2.7,31.3,0.6,0.7,76.9,0.8,2.7,3.5,1.6,0.7,0.6,0.3,1.8,14.1,0,0,-5
371,Trey Murphy III,NOP,22,62,31,31,13.9,5.4,1.8,4.5,39.4,1.1,3,38.2,0.7,0.8,88.2,0.8,1.6,2.4,0.6,0.3,0.4,0.1,1,10.3,0,0,0
372,Rodney McGruder,DET,30,51,13,38,14.8,5.4,1.9,4.4,43.6,1.1,2.9,39.7,0.4,0.5,73.1,0.6,1.6,2.2,0.9,0.5,0.4,0.1,1.1,10.6,0,0,-1.1
373,D.J. Augustin,LAL,34,55,15,40,16.1,5.3,1.7,4,42.3,1.2,3,41.5,0.7,0.8,88.4,0.2,1,1.2,1.9,1,0.3,0,0.7,9.7,0,0,-3.2
374,Omer Yurtseven,MIA,24,56,39,17,12.6,5.3,2.3,4.4,52.6,0,0.2,9.1,0.7,1.1,62.3,1.5,3.7,5.3,0.9,0.7,0.3,0.4,1.5,14.2,8,0,1.1
375,Armoni Brooks,TOR,24,54,20,34,15.6,5.3,1.8,5.4,33.9,1.4,4.6,29.7,0.3,0.4,85.7,0.4,1.5,1.9,1.1,0.5,0.5,0.2,1.4,11,0,0,-1.5
376,Derrick Favors,OKC,30,39,15,24,16.7,5.3,2.4,4.7,51.6,0.1,0.4,12.5,0.4,0.6,64,1.5,3.2,4.7,0.6,0.2,0.4,0.3,1.6,13.9,1,0,-3.7
377,Dean Wade,CLE,25,51,27,24,19.2,5.3,1.9,4.3,45.6,1,2.8,35.9,0.4,0.6,66.7,0.6,2.3,2.9,1,0.3,0.6,0.1,1.7,12.1,1,0,0.7
378,Garrett Temple,NOP,36,59,23,36,18.6,5.2,1.9,5,37.6,1,3.1,31.9,0.5,0.7,68.3,0.5,1.9,2.4,1.3,0.7,0.7,0.4,1.4,12.7,0,0,-5.5
379,Cody Zeller,POR,29,27,13,14,13.1,5.2,1.9,3.3,56.7,0,0.1,0,1.4,1.8,77.6,1.9,2.8,4.6,0.8,0.7,0.3,0.2,2.1,12.8,0,0,-1
380,Facundo Campazzo,DEN,31,65,38,27,18.2,5.1,1.6,4.6,36.1,0.9,3,30.1,0.9,1.2,76.9,0.4,1.4,1.8,3.4,1,1,0.4,1.9,15.3,2,0,-3.3
381,Trey Burke,DAL,29,42,24,18,10.5,5.1,2,5.1,39.1,0.6,2,31.7,0.5,0.5,87,0.1,0.7,0.8,1.4,0.6,0.3,0,0.9,8.3,0,0,-0.2
382,Wesley Matthews,MIL,35,49,33,16,20.5,5.1,1.8,4.5,39.5,1.1,3.2,33.8,0.4,0.6,78.6,0.6,1.3,1.9,0.7,0.4,0.5,0.2,1.8,10,0,0,2.8
383,DeAndre' Bembry,MIL,27,56,31,25,18.3,5.1,2.2,3.9,56.1,0.3,0.6,41.7,0.4,0.6,60,0.8,2.2,2.9,1.2,0.6,0.9,0.4,2,13.7,0,0,-0.5
384,David Nwaba,HOU,29,46,6,40,13.2,5.1,1.8,3.8,48.3,0.3,1.1,30.6,1,1.5,71.6,0.9,2.4,3.3,0.8,0.5,0.6,0.4,1.2,12.8,0,0,-2.5
385,Ignas Brazdeikis,ORL,23,42,9,33,12.8,5,1.9,4.5,43.1,0.6,2.1,31,0.5,0.8,65.6,0.5,1.2,1.7,0.9,0.4,0.2,0.1,1.1,8.9,0,0,-4.1
386,Jock Landale,SAS,26,54,24,30,10.9,4.9,1.9,3.8,49.5,0.5,1.6,32.6,0.6,0.8,82.9,1.2,1.4,2.6,0.8,0.6,0.2,0.3,1,10,1,0,-0.3
387,John Konchar,MEM,26,72,48,24,17.9,4.8,1.9,3.6,51.5,0.7,1.8,41.3,0.4,0.7,55.1,1.2,3.4,4.6,1.5,0.4,0.6,0.3,1.3,15,3,1,1.3
388,Rajon Rondo,CLE,36,39,16,23,17.9,4.8,1.7,4.5,38.6,0.8,2.3,35.2,0.5,0.7,73.1,0.4,2.4,2.8,4.4,1.7,0.8,0.2,1.4,15.7,1,0,-2.8
389,Josh Green,DAL,21,67,44,23,15.5,4.8,1.9,3.8,50.8,0.4,1.2,35.9,0.5,0.7,68.9,0.8,1.6,2.4,1.2,0.7,0.7,0.2,1.7,11.4,1,0,1
390,Xavier Tillman,MEM,23,53,35,18,13.2,4.8,1.8,4.1,45.4,0.2,0.9,20.4,0.9,1.3,64.8,1.2,1.8,3,1.2,0.6,0.9,0.3,1.2,13.1,0,0,-0.5
391,Brandon Goodwin,CLE,26,36,19,17,13.9,4.8,1.8,4.3,41.6,0.5,1.5,34.5,0.7,1.1,63.2,0.4,1.5,1.9,2.5,1,0.7,0,1.1,11.9,1,0,-1.5
392,David Duke Jr.,BKN,22,22,10,12,15.5,4.7,1.8,4.9,36.1,0.4,1.7,24.3,0.8,1,81,1.4,1.7,3,0.8,0.4,0.6,0.3,1.6,12,2,0,-0.5
393,Udoka Azubuike,UTA,22,17,11,6,11.5,4.7,2.2,2.9,75.5,0,0,0,0.4,0.6,54.5,1.1,3.1,4.2,0,0.7,0.1,0.6,1.5,11.1,1,0,0.2
394,Greg Brown III,POR,20,48,14,34,13.3,4.7,1.7,4,42.6,0.4,1.3,31.1,0.9,1.4,67.7,0.8,2,2.8,0.7,0.8,0.5,0.5,1.9,11.5,0,0,-5
395,Cameron McGriff,POR,24,3,0,3,15.3,4.7,1.7,4.7,35.7,0.7,2,33.3,0.7,0.7,100,2,3,5,1,0,0,0.3,2.3,13.2,0,0,2.7
396,Maurice Harkless,SAC,29,47,15,32,18.4,4.6,1.8,3.9,45.9,0.7,2.1,30.7,0.4,0.6,71.4,0.3,2.1,2.4,0.5,0.7,0.6,0.5,1.6,10.9,1,0,-1.9
397,James Bouknight,CHA,21,31,15,16,9.8,4.6,1.6,4.5,34.8,0.5,1.6,34.7,0.9,1,87.1,0.7,1,1.7,0.8,0.5,0.2,0,0.9,8.1,0,0,-1.6
398,Svi Mykhailiuk,TOR,25,56,29,27,12.8,4.6,1.6,4.2,38.9,0.7,2.4,30.6,0.6,0.7,86.5,0.4,1.3,1.6,0.8,0.6,0.5,0.1,1,8.8,0,0,-1.4
399,Romeo Langford,SAS,22,48,24,24,16.1,4.5,1.7,4,43.5,0.6,1.8,34.1,0.5,0.9,54.8,0.6,1.6,2.3,0.4,0.3,0.5,0.3,1,9.9,0,0,0.1
400,Marquese Chriss,DAL,24,34,24,10,10.2,4.5,1.8,3.9,46.3,0.2,0.7,32,0.6,1,66.7,1,2.1,3,0.5,0.5,0.4,0.4,1.9,10.6,0,0,-0.3
401,Louis King,SAC,23,10,2,8,10.4,4.5,1.5,4.7,31.9,0.8,2.7,29.6,0.7,1,70,0,1.2,1.2,0.9,0,0.2,0.1,1.4,8.2,0,0,-2.9
402,Khem Birch,TOR,29,55,34,21,18,4.5,1.8,3.6,48.5,0,0.3,0,1,1.3,74.6,2.2,2.1,4.3,1,0.5,0.5,0.5,1.9,13.8,0,0,0.4
403,Delon Wright,ATL,30,77,42,35,18.9,4.4,1.6,3.5,45.4,0.6,1.5,37.9,0.7,0.8,85.7,0.6,2.2,2.9,2.4,0.6,1.2,0.2,0.7,15.3,0,0,0.8
404,Jabari Parker,BOS,27,12,4,8,9.4,4.4,1.5,3.2,47.4,0.7,1.3,50,0.8,0.8,100,0.4,1.9,2.3,0.5,0.7,0.3,0.1,1.1,8.6,0,0,-0.6
405,Taj Gibson,NYK,37,52,24,28,18.2,4.4,1.7,3.2,51.8,0.3,0.7,39.5,0.8,1,80.8,1.7,2.7,4.4,0.6,0.5,0.4,0.8,2.6,13.7,0,0,0.8
406,Moses Moody,GSW,20,52,35,17,11.7,4.4,1.5,3.5,43.7,0.8,2.1,36.4,0.5,0.7,77.8,0.3,1.2,1.5,0.4,0.3,0.1,0.2,0.8,7.6,0,0,-0.8
407,Timothe Luwawu-Cabarrot,ATL,27,52,30,22,13.2,4.4,1.4,3.6,39.8,0.8,2.3,36.1,0.7,0.8,85.4,0.3,1.3,1.6,0.8,0.4,0.3,0.1,1.5,8.4,0,0,-1
408,Davon Reed,DEN,27,48,29,19,13.9,4.4,1.7,3.4,50.3,0.8,1.8,43,0.2,0.3,66.7,0.3,2,2.3,1.1,0.3,0.5,0.2,1.3,10.4,0,0,-0.5
409,Mamadi Diakite,OKC,25,13,4,9,14.4,4.3,1.9,3.6,53.2,0,0.4,0,0.5,0.8,54.5,1.3,3.2,4.5,0.2,0.5,0.4,0.7,2.5,12.7,0,0,-1.1
410,Trevelin Queen,HOU,25,10,1,9,7.4,4.3,1.5,3.3,45.5,0.9,2.4,37.5,0.4,0.4,100,0.7,0.9,1.6,0.4,0.7,0.5,0.1,0.6,7.9,0,0,0.8
411,Malachi Flynn,TOR,24,44,25,19,12.2,4.3,1.6,4.2,39.3,0.7,2,33.3,0.3,0.5,62.5,0.2,1.2,1.4,1.6,0.3,0.5,0.1,1,9.7,0,0,-0.6
412,DeAndre Jordan,PHI,33,48,26,22,13,4.3,1.9,3,64.3,0,0,0,0.5,0.8,55,1.7,3.8,5.5,0.4,0.8,0.3,0.7,1.5,13.7,0,0,-3.1
413,Yuta Watanabe,TOR,27,38,21,17,11.7,4.3,1.5,3.6,40.6,0.7,2.1,34.2,0.6,1.1,60,0.5,1.9,2.4,0.6,0.5,0.3,0.4,1,9.7,2,0,-1.4
414,Troy Brown Jr.,CHI,22,66,37,29,16,4.3,1.6,3.9,41.9,0.7,2,35.3,0.3,0.4,76.9,0.6,2.5,3.1,1,0.4,0.5,0.1,0.9,10.9,1,0,-0.7
415,Moses Brown,CLE,22,40,19,21,8.6,4.3,1.6,2.7,59.3,0,0,0,1.1,1.8,59.7,1,2.4,3.4,0,0.5,0.2,0.4,1.3,9.6,3,0,-1.2
416,Boban Marjanovic,DAL,33,23,15,8,5.6,4.3,1.8,3,60,0,0.2,25,0.6,1,59.1,0.3,1.3,1.7,0.1,0.7,0,0.1,1,6.2,0,0,1.5
417,Lindell Wigginton,MIL,24,19,11,8,10.5,4.2,1.4,3.2,42.6,0.5,1.4,34.6,1,1.8,54.3,0.2,1.2,1.3,1.2,0.6,0.3,0.1,0.9,7.9,0,0,-2.5
418,Rayjon Tucker,MIL,24,5,2,3,14.2,4.2,1.2,1.8,66.7,0.8,1,80,1,1.4,71.4,0.6,1,1.6,2,0.2,0.8,0,1,11.3,0,0,-0.4
419,Jevon Carter,MIL,26,66,39,27,13.7,4.2,1.5,3.8,38.7,1,2.6,38.8,0.2,0.3,83.3,0.2,1.5,1.7,1.5,0.5,0.4,0.2,1,9.6,0,0,-0.8
420,Sam Merrill,MEM,26,6,2,4,9.6,4.2,1.3,4,33.3,1.2,3.8,30.4,0.3,0.7,50,0.2,1,1.2,0.7,0.3,0,0,0.5,6.2,0,0,-1.5
421,James Ennis III,DEN,31,7,3,4,7.9,4.1,1.6,3.4,45.8,0.4,1.1,37.5,0.6,0.7,80,0.7,1,1.7,0.4,0.3,0.3,0.3,0.7,8.3,0,0,0
422,Frank Ntilikina,DAL,23,58,34,24,11.8,4.1,1.5,3.8,39.9,0.7,1.9,34.2,0.4,0.4,96,0.2,1.2,1.4,1.2,0.5,0.5,0.1,1.1,8.8,0,0,1.1
423,Vlatko Cancar,DEN,25,15,7,8,11.8,4.1,1.5,2.7,56.1,0.5,0.8,58.3,0.6,0.9,64.3,0.5,1.5,2.1,1.1,0.6,0.1,0.2,1.2,8.7,0,0,0.3
424,Santi Aldama,MEM,21,32,20,12,11.2,4.1,1.7,4.1,40.2,0.2,1.5,12.5,0.6,1,62.5,1,1.7,2.7,0.7,0.5,0.2,0.3,1.1,9.4,2,0,0.5
425,Anthony Gill,WAS,29,44,15,29,10.5,4.1,1.4,2.5,56.9,0.3,0.6,53.8,1,1.2,80.8,0.8,1.2,1.9,0.6,0.4,0.1,0.3,1.3,8,0,0,1.4
426,Juan Toscano-Anderson,GSW,29,73,51,22,13.6,4.1,1.6,3.2,48.9,0.4,1.2,32.2,0.5,1,57.1,0.4,2,2.4,1.7,0.9,0.7,0.2,1.6,11.3,0,0,0.6
427,Markus Howard,DEN,23,31,17,14,5.7,4.1,1.3,3.3,38.6,0.9,2.3,40,0.6,0.7,87,0.1,0.3,0.4,0.2,0.2,0.3,0,0.5,5.5,0,0,-0.4
428,Mychal Mulder,MIA,28,17,3,14,14.1,4.1,1.4,4.5,31.2,1,3.2,31.5,0.2,0.2,100,0.1,1.3,1.4,0.3,0.5,0.2,0.1,0.8,6.8,0,0,-3.2
429,Matt Thomas,CHI,27,40,23,17,11.5,4,1.4,3.4,41,0.9,2.3,38.5,0.4,0.5,80,0.1,1.2,1.3,0.5,0.2,0.2,0.1,0.5,6.9,0,0,0.8
430,Andre Iguodala,GSW,38,31,20,11,19.4,4,1.5,3.9,38,0.5,2.4,23,0.5,0.6,75,0.7,2.5,3.2,3.7,0.9,0.9,0.7,1.1,17.2,0,0,3.7
430,Gabe York,IND,28,2,0,2,10.7,4,1,3.5,28.6,0.5,3,16.7,1.5,2.5,60,0,1,1,2,0.5,1,0.5,2,12.2,0,0,-2
430,Mac McClung,LAL,23,2,2,0,12.2,4,1.5,3,50,0.5,1.5,33.3,0.5,0.5,100,0,1.5,1.5,0.5,1.5,0.5,0.5,2.5,8.1,0,0,3.5
430,Micah Potter,DET,24,3,2,1,10.3,4,1.7,3.7,45.5,0,0.7,0,0.7,0.7,100,1.3,1.7,3,0,0.3,0.3,0.3,1.3,9.3,0,0,-13.3
430,Scotty Hopson,OKC,32,1,0,1,17.7,4,2,4,50,0,1,0,0,0,0,0,1,1,1,2,0,0,1,4.7,0,0,-6
430,Trevor Ariza,LAL,37,24,8,16,19.3,4,1.4,4.1,33.3,0.8,3.1,27,0.4,0.8,55.6,0.4,3,3.4,1.1,0.5,0.5,0.3,0.8,11.7,0,0,-2.3
436,Kyle Guy,MIA,24,19,15,4,9.8,3.9,1.4,3.4,40,0.7,2.1,35,0.4,0.6,66.7,0.2,0.7,0.9,0.9,0.7,0.4,0.1,0.6,6.9,0,0,-2.5
437,Didi Louzada,POR,22,9,0,9,14.4,3.9,1.3,3.7,36.4,1,2.6,39.1,0.2,0.2,100,0.6,1.3,1.9,0.6,0.6,0.2,0.2,1.4,7.8,0,0,-9
438,Jamorko Pickett,DET,24,13,4,9,13.6,3.8,1.4,3.8,36,1,3,33.3,0.1,0.2,50,0.5,2,2.5,0.5,0.4,0,0.5,0.9,8.8,0,0,0
439,Admiral Schofield,ORL,25,38,10,28,12.3,3.8,1.4,3.4,41.9,0.7,2.1,32.9,0.3,0.4,80,0.4,1.9,2.3,0.7,0.6,0.1,0.1,1.5,7.8,0,0,-3.4
440,Jared Butler,UTA,21,42,31,11,8.6,3.8,1.5,3.6,40.4,0.7,2.1,31.8,0.3,0.4,68.8,0.1,1,1.1,1.5,0.8,0.4,0.2,1.1,8.4,0,0,-0.3
441,Malcolm Hill,CHI,26,19,8,11,11.2,3.8,1.3,2.7,46.2,0.7,1.9,36.1,0.6,0.7,78.6,0.6,1.3,1.8,0.4,0.2,0.4,0.2,1.3,8.1,0,0,-1.6
442,Aaron Nesmith,BOS,22,52,32,20,11,3.8,1.4,3.5,39.6,0.6,2.2,27,0.4,0.5,80.8,0.3,1.4,1.7,0.4,0.6,0.4,0.1,1.3,7.3,0,0,0.4
443,Jordan McLaughlin,MIN,26,62,36,26,14.5,3.8,1.4,3.2,44,0.4,1.4,31.8,0.5,0.6,75,0.4,1.2,1.5,2.9,0.6,0.9,0.2,0.9,12.6,1,0,0.6
444,Sandro Mamukelashvili,MIL,23,41,22,19,9.9,3.8,1.4,2.8,49.6,0.5,1.3,42.3,0.4,0.5,81.8,0.9,1.1,2,0.5,0.4,0.2,0.2,0.7,7.9,1,0,-3.5
445,Nathan Knight,MIN,24,37,22,15,7.2,3.7,1.2,2.4,51.1,0.1,0.4,30.8,1.2,1.6,73.3,0.9,1.4,2.3,0.6,0.5,0.2,0.2,1.1,8.1,1,0,0.6
446,Cheick Diallo,DET,25,3,0,3,10.2,3.7,1,2.7,37.5,0,0,0,1.7,2,83.3,1.3,2.7,4,0,0.3,0.3,0,2,9.1,0,0,-11
446,KZ Okpala,MIA,23,21,14,7,11.6,3.7,1.4,3.3,43.5,0.4,1.2,34.6,0.4,0.5,72.7,0.5,1.4,2,0.7,0.2,0.2,0.3,1.2,8.3,0,0,0.3
448,Enes Freedom,BOS,30,35,20,15,11.8,3.7,1.5,2.8,52.6,0.1,0.1,40,0.7,0.8,85.7,1.7,2.8,4.6,0.2,0.6,0.1,0.4,1.2,10.5,2,0,2
449,Brad Wanamaker,WAS,32,23,10,13,13.9,3.6,1.2,3.3,36.4,0.2,0.7,23.5,1,1.1,92,0.3,1.4,1.7,2.4,1,0.3,0.3,2,9.9,0,0,-1.9
450,Isaiah Joe,PHI,22,55,35,20,11.1,3.6,1.1,3.2,35,0.8,2.5,33.3,0.5,0.6,93.5,0.1,0.9,1,0.6,0.3,0.3,0.1,0.9,6.4,0,0,0.4
450,Tomas Satoransky,WAS,30,55,21,34,16.5,3.6,1.3,3.5,37.7,0.2,1,20.8,0.8,1,79.6,0.5,1.8,2.3,3.3,0.8,0.5,0.1,1.3,12.4,1,0,-3
452,Thanasis Antetokounmpo,MIL,29,48,26,22,9.9,3.6,1.5,2.7,54.7,0,0.3,14.3,0.6,1,63,0.8,1.3,2.1,0.5,0.5,0.3,0.3,1.4,8,0,0,-2.4
453,Tony Snell,NOP,30,53,19,34,15.5,3.5,1.3,3.2,40.4,0.8,2.4,35.2,0.1,0.1,100,0.3,1.6,1.9,0.5,0.4,0.3,0.2,1.3,7.7,0,0,-2.2
454,Jarrett Culver,MEM,23,37,28,9,9.1,3.5,1.4,3.6,37.8,0.3,1.3,25.5,0.4,0.9,47.1,0.4,0.9,1.3,0.9,0.5,0.5,0.1,1.1,7.9,0,0,-0.5
455,Elijah Hughes,POR,24,36,15,21,12.1,3.5,1.3,4,32.6,0.7,2.6,26.3,0.2,0.3,77.8,0.2,1.4,1.6,0.6,0.5,0.4,0.2,1.1,7.7,0,0,-6.4
455,Gorgui Dieng,ATL,32,44,23,21,8.4,3.5,1.2,2.5,47.3,0.7,1.5,42.6,0.4,0.6,73.1,0.7,2,2.8,0.8,0.5,0.3,0.3,1.2,9.1,0,0,-1.4
457,Paul Millsap,PHI,37,33,22,11,11.4,3.5,1.4,3.5,39.1,0.2,1.1,22.9,0.5,0.7,70.8,1.2,2.2,3.5,0.9,0.6,0.3,0.4,2,10.5,0,0,-0.7
458,Alfonzo McKinnie,CHI,29,17,8,9,12.1,3.5,1.4,3.6,39.3,0.5,1.6,33.3,0.1,0.5,25,0.8,1.2,1.9,0.3,0.4,0.1,0.2,1.5,6.7,0,0,-3.2
459,Paul Watson,OKC,27,9,2,7,17.4,3.4,1.3,3.9,34.3,0.7,2.9,23.1,0.1,0.2,50,0.3,2.7,3,0.9,0.4,0.3,0.3,1.1,9.9,0,0,-6.2
460,Nerlens Noel,NYK,28,25,10,15,22.5,3.4,1.3,2.4,53.3,0,0.1,0,0.8,1.2,70,1.9,3.7,5.6,0.9,0.8,1.2,1.2,2.7,18.1,0,0,-2.7
461,Kent Bazemore,LAL,32,39,16,23,14,3.4,1.2,3.6,32.4,0.7,2.1,36.3,0.3,0.4,76.5,0.3,1.4,1.8,0.9,0.5,0.6,0.2,1.8,8.9,0,0,-3
462,Tyler Cook,CHI,24,20,13,7,10,3.4,1.2,1.9,60.5,0,0,0,1.1,1.6,65.6,0.8,1.9,2.7,0.2,0.4,0.2,0.2,1.4,7.6,0,0,-1.4
463,Tremont Waters,WAS,24,3,0,3,16.8,3.3,1.3,4.7,28.6,0.7,3,22.2,0,0,0,0,1.3,1.3,2.3,1.3,1.7,0,1.3,12.1,0,0,-6.3
464,Killian Tillie,MEM,24,36,27,9,12.8,3.3,1.2,3.5,33.9,0.8,2.4,31.4,0.1,0.2,62.5,0.6,1.1,1.7,0.6,0.4,0.6,0.4,1.6,9,0,0,0.8
465,Juancho Hernangomez,UTA,26,40,20,20,11.1,3.3,1.1,2.7,41.5,0.6,1.7,34.8,0.5,0.9,55.9,0.7,1.8,2.5,0.5,0.4,0.4,0.3,0.6,8.4,0,0,-0.1
466,Semi Ojeleye,LAC,27,30,14,16,13.5,3.3,1,3.3,30.3,0.5,1.7,30,0.8,1,79.3,0.9,1.6,2.5,0.3,0.3,0.2,0.2,1,7.7,0,0,-4.8
467,Sterling Brown,DAL,27,49,31,18,12.8,3.3,1.2,3.2,38.1,0.6,1.9,30.4,0.3,0.3,93.3,0.5,2.5,3,0.7,0.5,0.3,0.1,1.1,8.8,2,0,0.7
468,Gabriel Lundberg,PHX,27,4,1,3,11.1,3.3,1.3,4.8,26.3,0.8,2,37.5,0,0,0,0.5,1.3,1.8,2.8,0.8,0.8,0,1.8,11,0,0,4.8
468,Tim Frazier,CLE,31,12,1,11,17.3,3.3,1.2,3.8,31.1,0.5,1.4,35.3,0.4,0.8,55.6,0.4,1.2,1.6,2.8,1.3,0.3,0.1,2.3,9.2,0,0,-6.7
468,Trent Forrest,UTA,24,60,36,24,12.8,3.3,1.3,2.6,49,0.1,0.5,18.5,0.6,0.8,79.2,0.4,1.3,1.7,1.8,0.8,0.5,0.1,0.7,8.9,0,0,1.3
471,Daishen Nix,HOU,20,24,3,21,10.9,3.2,1.1,2.8,40.3,0.3,1.1,26.9,0.7,1.3,53.3,0.3,1.1,1.4,1.7,1.1,0.6,0,0.9,8.2,0,0,-1.9
472,Dalano Banton,TOR,22,64,37,27,10.9,3.2,1.3,3.2,41.1,0.2,0.8,25.5,0.4,0.7,59.1,0.6,1.3,1.9,1.5,0.8,0.4,0.2,1.1,8.8,0,0,0.5
473,Jahmi'us Ramsey,SAC,21,19,2,17,7,3.2,1.3,3.1,41.4,0.3,0.9,27.8,0.4,0.7,50,0.2,0.5,0.7,0.4,0.3,0.1,0.1,0.5,4.6,0,0,-1.1
474,Rodney Hood,LAC,29,52,30,22,13.6,3.1,1.1,3,36.9,0.6,1.8,33,0.3,0.4,89.5,0.3,1.2,1.5,0.7,0.2,0.3,0.1,0.6,7,0,0,0.2
475,Justin Robinson,DET,24,25,13,12,12.1,3.1,1.1,3.7,30.1,0.7,2.4,29.5,0.2,0.3,50,0.2,0.7,0.8,1.3,0.7,0.4,0,1.1,6.6,0,0,-4.9
476,Kevin Knox II,ATL,22,30,18,12,7.4,3.1,1,2.8,36.5,0.5,1.8,27.8,0.5,0.7,72.7,0.5,1,1.5,0.3,0.2,0.1,0.1,0.6,5.7,0,0,-2.3
477,Devontae Cacok,SAS,25,15,5,10,8.1,3.1,1.4,2.1,67.7,0,0,0,0.3,0.5,57.1,0.5,2.3,2.8,0.4,0.2,0.5,0.5,1.1,9.8,0,0,-0.1
478,Keljin Blevins,POR,26,31,4,27,11.3,3.1,1.1,3.6,30.6,0.7,2.3,29.2,0.2,0.4,54.5,0.5,0.9,1.5,0.6,0.5,0.4,0,0.9,6.5,0,0,-6.7
479,Paul Reed,PHI,23,38,21,17,8,3.1,1.4,2.5,56.3,0.1,0.2,25,0.2,0.4,42.9,1.2,1.3,2.4,0.4,0.3,0.9,0.4,1.5,10,0,0,-1.1
480,Charles Bassey,PHI,21,23,11,12,7.3,3,1.3,2,63.8,0,0.2,0,0.4,0.5,75,1,1.7,2.7,0.3,0.3,0.2,0.7,1.4,9.2,1,0,-1.5
480,Daniel Oturu,TOR,22,3,1,2,9.1,3,1,2,50,0,0.3,0,1,1.7,60,0.3,1.3,1.7,0,0,0,0.7,0.3,7,0,0,-8
480,Elfrid Payton,PHX,28,50,39,11,11,3,1.3,3.5,38.3,0.1,0.4,22.2,0.2,0.6,37.5,0.4,1.3,1.8,2,0.9,0.5,0.1,0.8,9,0,0,-0.9
480,Javonte Smart,MIA,23,17,11,6,11.8,3,1.1,3.5,31.7,0.5,1.6,29.6,0.3,0.4,83.3,0.3,1.1,1.4,0.9,0.6,0.4,0.2,0.7,7,0,0,-2.5
480,Matt Ryan,BOS,25,1,1,0,5.3,3,1,5,20,1,5,20,0,0,0,0,0,0,0,0,1,0,0,6,0,0,3
480,Neemias Queta,SAC,22,15,4,11,8,3,1.1,2.5,44.7,0,0,0,0.7,1.1,64.7,0.9,1.1,2.1,0.4,0.4,0.1,0.5,1.2,7.5,0,0,-0.5
480,Nick Richards,CHA,24,50,25,25,7.3,3,1.2,1.8,66.7,0,0,0,0.6,0.9,69.8,0.7,1,1.7,0.3,0.5,0.2,0.4,1,6.8,0,0,-2.2
480,Paris Bass,PHX,26,2,2,0,3.7,3,1,3,33.3,0,1,0,1,1,100,1,1,2,0,1,0.5,0,1,5.9,0,0,1
480,Trevon Scott,CLE,25,2,1,1,5.7,3,1.5,3,50,0,0.5,0,0,0,0,0.5,0.5,1,0,0,0.5,0.5,1,7.2,0,0,2
489,Tony Bradley,CHI,24,55,28,27,10,3,1.3,2.2,58.5,0,0,0,0.3,0.5,65.5,1.2,2.2,3.4,0.5,0.6,0.2,0.6,1.1,9.5,0,0,1.3
490,Bruno Fernando,HOU,23,30,15,15,5.1,2.9,1.2,1.8,65.5,0,0.1,50,0.5,0.8,62.5,0.6,1.2,1.8,0.2,0.5,0,0.4,0.8,6.2,2,0,-1.1
491,Denzel Valentine,UTA,28,24,14,10,9.2,2.9,1,2.8,37.9,0.8,2,40.4,0,0,0,0.4,1.4,1.8,0.5,0.5,0.3,0,0.8,6.2,0,0,-1.1
492,Skylar Mays,ATL,24,28,17,11,7.9,2.9,1.1,2.3,50,0.3,0.9,32,0.3,0.3,88.9,0.2,0.7,0.9,0.6,0.4,0.3,0,0.3,5.2,1,0,-1.9
492,Vernon Carey Jr.,WAS,21,7,3,4,6.3,2.9,1,1.9,53.8,0,0,0,0.9,1.9,46.2,1.1,0.6,1.7,0,0.4,0.3,0.1,0.6,5.8,0,0,-6.3
494,Tyler Johnson,SAS,30,6,2,4,15.2,2.8,1,3.3,30,0.8,2.2,38.5,0,0,0,0.5,1.5,2,1.2,0.3,0.5,0.5,1.2,9.7,0,0,-1
494,Tyrone Wallace,NOP,28,6,4,2,12.5,2.8,1.2,3.3,35,0.3,1.3,25,0.2,0.8,20,0,1.3,1.3,0.2,0.3,0.5,0.2,1.2,6.4,0,0,-3
496,Aleem Ford,ORL,24,5,2,3,14.7,2.8,1.2,4,30,0.4,3,13.3,0,0,0,0.4,2.6,3,0.4,0.8,0.2,0,1.4,6.8,0,0,-7
497,Quinndary Weatherspoon,GSW,25,11,8,3,6.7,2.7,1.1,1.9,57.1,0.1,0.5,20,0.5,0.5,100,0.2,1.1,1.3,0.5,0.3,0.1,0.1,1.4,5.2,0,0,-0.9
498,Jay Scrubb,LAC,21,18,8,10,6.7,2.7,1,2.6,39.1,0.3,1.2,28.6,0.4,0.6,70,0.1,0.8,0.9,0.4,0.4,0.2,0.2,0.5,5.2,0,0,0.9
499,Josh Okogie,MIN,23,49,23,26,10.5,2.7,0.9,2.1,40.4,0.3,1,29.8,0.7,1,68.6,0.6,0.8,1.4,0.5,0.5,0.5,0.2,1.1,7.1,0,0,0.8
500,Gary Clark,NOP,27,38,20,18,10,2.7,0.9,2.3,37.5,0.7,1.8,40,0.2,0.3,70,0.6,1.8,2.4,0.5,0.3,0.3,0.2,0.5,7.5,0,0,-0.5
501,Devon Dotson,CHI,22,11,5,6,7.7,2.6,1,2.1,47.8,0.2,0.8,22.2,0.5,0.8,55.6,0.1,0.7,0.8,1.4,0.5,0.1,0,1,5.5,0,0,-0.2
502,Chris Silva,MIA,25,10,7,3,9.1,2.6,0.8,1.5,53.3,0,0,0,1,1.2,83.3,1.3,2.3,3.6,0.7,0.8,0,0.1,2,7.5,0,0,-2.9
503,Gabriel Deck,OKC,27,7,2,5,7.9,2.6,1.1,2,57.1,0.3,0.6,50,0,0,0,0.1,0.7,0.9,0.7,0.3,0.1,0,0.3,4.8,0,0,-2
504,Theo Pinson,DAL,26,19,14,5,7.8,2.5,0.7,2.1,35.9,0.5,1.6,33.3,0.5,0.5,100,0.1,1,1.1,0.9,0.3,0.3,0.1,0.6,6,0,0,-2.2
505,Juwan Morgan,BOS,25,2,1,1,15.5,2.5,1,1.5,66.7,0.5,1,50,0,0,0,1,1,2,0.5,0,0,0,1.5,5.7,0,0,-8.5
505,Sam Hauser,BOS,24,26,20,6,6.1,2.5,0.9,1.9,46,0.7,1.7,43.2,0,0,0,0.2,0.9,1.1,0.4,0.1,0,0.1,0.3,4.7,0,0,0
507,Udonis Haslem,MIA,42,13,10,3,6.4,2.5,1.1,2.4,45.2,0.1,0.3,25,0.2,0.2,100,0.3,1.6,1.9,0.3,0.4,0.1,0.1,1.2,5.3,0,0,-1.2
508,Abdel Nader,PHX,28,14,11,3,10.4,2.4,0.9,2.5,34.3,0.3,1,28.6,0.4,0.7,60,0.3,1.6,1.9,0.5,0.8,0.6,0.3,1.4,7.3,0,0,-0.1
509,Ish Wainright,PHX,27,45,36,9,8,2.4,0.9,2.3,39.4,0.4,1.3,32.2,0.2,0.3,58.3,0.6,0.6,1.2,0.3,0.3,0.4,0.1,1.1,5.8,0,0,0.9
510,Jake Layman,MIN,28,34,20,14,6.8,2.4,0.9,2.1,41.1,0.2,1,22.9,0.4,0.5,72.2,0.2,0.9,1.1,0.3,0.3,0.2,0.1,0.4,4.8,0,0,-0.3
511,Jalen Johnson,ATL,20,22,14,8,5.5,2.4,1,1.9,53.7,0.1,0.6,23.1,0.2,0.3,71.4,0.1,1.1,1.2,0.1,0.4,0.1,0.1,0.4,4.3,0,0,-0.9
512,Bol Bol,ORL,22,14,5,9,5.8,2.4,1.1,1.9,55.6,0.1,0.3,25,0.1,0.4,40,0.3,1.1,1.4,0.4,0.3,0.1,0.1,0.3,5,0,0,0.4
513,Freddie Gillespie,ORL,25,9,1,8,13.2,2.3,1,2.4,40.9,0,0.1,0,0.3,0.8,42.9,1.4,2.6,4,0.6,0.6,0.3,1,2,11.4,0,0,-3.2
514,Haywood Highsmith,MIA,25,19,13,6,8.6,2.3,0.8,2.4,34.8,0.5,1.5,32.1,0.1,0.3,40,0.5,0.8,1.4,0.3,0.2,0.1,0.2,0.7,5,0,0,-1.9
515,Justin Champagnie,TOR,21,36,21,15,7.8,2.3,0.9,1.9,46.3,0.3,0.8,35.7,0.3,0.3,100,1,1,2,0.3,0.2,0.2,0.1,0.9,5.9,0,0,1.4
515,Nik Stauskas,BOS,28,8,7,1,4.8,2.3,0.6,1.8,35.7,0.5,1.3,40,0.5,0.8,66.7,0.1,0.3,0.4,0.3,0.1,0,0,0.1,3,0,0,2.3
517,Miles McBride,NYK,21,40,19,21,9.3,2.2,0.8,2.7,29.6,0.4,1.7,25,0.2,0.3,66.7,0.1,1,1.1,1,0.1,0.4,0,1.1,6,0,0,2.5
518,Dylan Windler,CLE,25,50,28,22,9.2,2.2,0.7,2,37.8,0.4,1.4,30,0.3,0.4,83.3,0.4,1.4,1.8,0.7,0.3,0.3,0.1,0.9,6.1,0,0,-0.2
519,Jericho Sims,NYK,23,41,19,22,13.5,2.2,1,1.3,72.2,0,0,0,0.3,0.7,41.4,1.5,2.6,4.1,0.5,0.5,0.3,0.5,1.6,9.8,1,0,1.9
520,Justin Jackson,PHX,27,7,6,1,5.2,2.1,0.7,2.1,33.3,0.4,1.3,33.3,0.3,0.3,100,0.1,0.9,1,0.3,0.1,0,0,0.4,3.6,0,0,-1.9
521,Jeff Dowtin Jr.,ORL,25,9,4,5,12,2.1,0.9,2.9,30.8,0.1,1,11.1,0.2,0.2,100,0.9,1.1,2,1.1,0.6,0.6,0.1,0.6,7.6,0,0,-2.9
522,Joe Wieskamp,SAS,22,29,11,18,7.1,2.1,0.7,1.9,35.7,0.5,1.5,32.6,0.2,0.4,53.8,0.1,0.3,0.5,0.3,0.1,0.1,0.1,0.5,3.8,0,0,0
523,JT Thor,CHA,19,33,18,15,7.9,2,0.7,1.7,43.6,0.2,0.8,25.9,0.4,0.6,60,0.3,1,1.3,0.6,0.3,0.2,0.3,0.8,5.9,0,0,-0.2
524,Ahmad Caver,IND,25,1,0,1,0.8,2,1,1,100,0,0,0,0,0,0,0,0,0,0,0,0,0,0,2,0,0,2
524,Cassius Winston,WAS,24,7,1,6,5.6,2,0.6,1.6,36.4,0.3,0.9,33.3,0.6,0.6,100,0,0.1,0.1,1,0.4,0,0,1.3,3.2,0,0,-0.9
524,Craig Sword,WAS,28,3,1,2,6.3,2,1,1.3,75,0,0.3,0,0,0,0,0,0,0,0.3,0.3,1.3,0,2.3,6.2,0,0,0.3
524,Damyean Dotson,NYK,28,2,1,1,10.3,2,1,2,50,0,0.5,0,0,0,0,0,1,1,0.5,0,0,0,0,4,0,0,1.5
524,Jemerrio Jones,LAL,27,2,0,2,7.4,2,1,1.5,66.7,0,0,0,0,0,0,1,0.5,1.5,0,0,0.5,0,1,5.3,0,0,-6.5
524,Joe Johnson,BOS,41,1,1,0,2,2,1,1,100,0,0,0,0,0,0,0,0,0,0,0,0,0,0,2,0,0,-5
524,Langston Galloway,MIL,30,7,4,3,15.2,2,0.9,3.7,23.1,0.3,2.3,12.5,0,0,0,0.4,2.1,2.6,1.7,0.9,0.1,0,1,7.2,0,0,-1.7
524,Luke Kornet,BOS,26,15,11,4,6.9,2,0.9,1.8,48.1,0,0.3,0,0.3,0.4,66.7,0.9,1.1,1.9,0.6,0,0.2,0.2,0.6,6.4,0,0,1.5
524,Norvel Pelle,UTA,29,3,0,3,6.3,2,1,1.7,60,0,0,0,0,0,0,1,1,2,0,0.7,0,0.3,0.3,4.7,0,0,-6.3
524,Shaquille Harrison,BKN,28,2,1,1,11.3,2,1,3,33.3,0,1,0,0,0,0,0.5,1.5,2,1.5,1,0.5,0.5,1.5,8.7,0,0,-2
524,Usman Garuba,HOU,20,24,2,22,10,2,0.8,1.8,43.2,0.2,0.8,25,0.2,0.3,71.4,0.9,2.6,3.5,0.7,0.3,0.4,0.5,1.2,9.6,0,0,1.4
535,Chris Chiozza,GSW,26,34,21,13,10.9,2,0.7,2.4,29.6,0.5,1.6,32.1,0.1,0.1,66.7,0.3,0.8,1.1,1.9,0.9,0.4,0,0.9,6.3,0,0,-1.4
536,Marko Simonovic,CHI,22,9,4,5,3.9,1.9,0.4,1.7,26.7,0.1,0.6,20,0.9,1.2,72.7,0.6,0.6,1.1,0,0.2,0.1,0.1,0.7,3.7,0,0,0.3
537,Alize Johnson,NOP,26,23,14,9,7.3,1.8,0.7,1.7,43.6,0,0.2,0,0.3,0.5,58.3,1.2,1.4,2.7,0.4,0.5,0.2,0,0.8,5.7,0,0,-2
538,Brodric Thomas,BOS,25,12,8,4,5,1.8,0.7,1.5,44.4,0.2,0.8,22.2,0.3,0.4,60,0.2,0.7,0.8,0.9,0.5,0.1,0.1,0.6,4.1,0,0,0.3
538,Eugene Omoruyi,DAL,25,4,1,3,4.5,1.8,0.5,1.3,40,0.3,0.5,50,0.5,1,50,0.5,1.3,1.8,0.5,0,0,0,0.5,4.6,0,0,0.8
540,Willie Cauley-Stein,PHI,28,20,12,8,9.1,1.7,0.8,1.8,45.7,0.1,0.1,50,0.1,0.1,50,0.7,1.4,2,0.5,0.4,0.3,0.2,1,5.9,0,0,1.2
541,Isaiah Todd,WAS,20,12,1,11,6.2,1.7,0.6,2.2,26.9,0.3,1.3,25,0.2,0.5,33.3,0.3,0.8,1,0.3,0.3,0.3,0.2,0.3,4.5,0,0,-2
541,Wayne Selden,NYK,27,3,2,1,6.4,1.7,0.3,1.3,25,0.3,0.7,50,0.7,1.3,50,0,0.3,0.3,0.3,0,0,0,0.3,2.6,0,0,-4.3
543,Kevin Pangos,CLE,29,24,16,8,6.9,1.6,0.6,1.9,32.6,0.3,1.1,23.1,0.1,0.2,75,0.1,0.4,0.5,1.3,0.3,0.1,0,0.5,4.1,0,0,-1.5
544,Ryan Arcidiacono,NYK,28,10,8,2,7.6,1.6,0.6,1.2,50,0.4,0.9,44.4,0,0,0,0,0.8,0.8,0.4,0.3,0.1,0,0.5,3.2,0,0,-1.2
545,Emmanuel Mudiay,SAC,26,2,0,2,5.5,1.5,0,1,0,0,0,0,1.5,2,75,0,0,0,2,0.5,0.5,0,0.5,5.5,0,0,-3.5
545,Rob Edwards,OKC,25,2,0,2,5.4,1.5,0.5,2,25,0.5,2,25,0,0,0,0,1.5,1.5,0,0.5,0,0,0,2.8,0,0,-7
547,Leandro Bolmaro,MIN,21,35,19,16,6.9,1.4,0.5,1.5,31.5,0.1,0.5,27.8,0.3,0.4,84.6,0.5,0.8,1.2,0.6,0.4,0.2,0,0.7,3.9,0,0,0.1
548,Malik Fitts,BOS,24,15,13,2,4.2,1.4,0.5,1.3,42.1,0.3,0.7,50,0,0,0,0.1,1,1.1,0.3,0.1,0,0,0.3,3.1,0,0,-1.3
549,Charlie Brown Jr.,PHI,25,22,16,6,8.1,1.4,0.5,1.8,25.6,0,0.5,8.3,0.4,0.5,90,0.6,0.8,1.5,0.3,0.2,0.5,0.2,0.8,5.2,0,0,-1
550,Darren Collison,LAL,34,3,1,2,12.4,1.3,0.7,2.3,28.6,0,1,0,0,0,0,0,1.3,1.3,0.7,0.3,0.3,0,1.7,4.6,0,0,-4.7
551,Jordan Schakel,WAS,24,4,1,3,7.6,1.3,0.3,2.8,9.1,0.3,1.5,16.7,0.5,0.5,100,0.5,1.5,2,0,0.3,0.3,0,0,4.2,0,0,0.5
551,Moses Wright,DAL,23,4,4,0,3.7,1.3,0.3,1,25,0,0.3,0,0.8,0.8,100,0.3,0.5,0.8,0.5,0,0,0.3,0,3.7,0,0,-1.8
553,Myles Powell,PHI,24,11,8,3,4.7,1.2,0.5,1.5,29.4,0.1,0.5,16.7,0.2,0.2,100,0.1,0.5,0.5,0.3,0.3,0.1,0,0.7,2.2,0,0,-1.6
554,Tacko Fall,CLE,26,11,4,7,5.3,1.1,0.5,1.1,41.7,0,0,0,0.2,0.6,28.6,0.6,1.5,2.1,0.2,0.3,0,0.5,0.3,5.2,0,0,0.5
555,Marcus Garrett,MIA,23,12,11,1,10.7,1.1,0.4,1.8,23.8,0.1,0.3,25,0.2,0.4,40,0.8,1.2,1.9,0.6,0.2,0.4,0.3,1.3,6.1,0,0,1.4
555,Yves Pons,MEM,23,12,9,3,5.9,1.1,0.4,1.3,31.3,0.3,0.8,33.3,0,0.2,0,0.4,0.6,1,0.1,0.1,0.1,0.3,0.5,3.6,0,0,-2.5
557,Petr Cornelie,DEN,26,13,3,10,2.9,1.1,0.4,1.2,33.3,0.1,0.6,12.5,0.2,0.3,75,0.5,0.5,1.1,0.2,0.3,0.1,0.1,0.5,2.9,0,0,0.6
558,RJ Nembhard Jr.,CLE,23,14,6,8,4.5,1.1,0.4,1.3,33.3,0,0.1,0,0.2,0.3,75,0.2,0.3,0.5,0.9,0.2,0.1,0,0.1,3,0,0,-0.5
559,Kai Jones,CHA,21,21,14,7,3,1,0.4,0.7,64.3,0,0.1,50,0.1,0.4,37.5,0.1,0.4,0.5,0.2,0.3,0,0.1,0.4,2.1,0,0,-0.7
560,Dakota Mathias,MEM,26,6,5,1,2.7,1,0.3,1,33.3,0.3,1,33.3,0,0,0,0,0.3,0.3,0.2,0,0.2,0,0.2,2.2,0,0,-1.8
560,Deividas Sirvydis,DET,22,3,1,2,8.9,1,0.3,3.3,10,0.3,2.3,14.3,0,0,0,0,2,2,0.3,0,1,0.3,1.3,7.9,0,0,-9.3
560,Jaden Springer,PHI,19,2,2,0,2.8,1,0.5,0.5,100,0,0,0,0,0,0,0.5,0.5,1,0,0.5,0,1,0,4.7,0,0,-4
560,McKinley Wright IV,MIN,23,5,3,2,3.8,1,0.4,0.6,66.7,0.2,0.4,50,0,0,0,0,0,0,0.6,0.2,0,0,0.2,1.7,0,0,-1.4
560,Shaq Buchanan,MEM,25,2,2,0,4.9,1,0.5,2,25,0,1,0,0,0,0,0.5,0.5,1,1,1,0.5,0,0.5,4.2,0,0,-1
560,Tyrell Terry,MEM,21,2,2,0,1.5,1,0.5,0.5,100,0,0,0,0,0,0,0,0,0,0,0,0,0,0.5,1,0,0,-1
566,Ed Davis,CLE,33,31,15,16,6.5,0.9,0.4,0.5,68.8,0,0,0,0.2,0.5,42.9,0.5,1.6,2.1,0.2,0.2,0.1,0.3,1.1,4.7,0,0,0.5
567,Carlik Jones,DEN,24,5,3,2,4.7,0.8,0.2,1.8,11.1,0,0.2,0,0.4,0.4,100,0.2,0.4,0.6,1,0.6,0.2,0,0,3,0,0,-4
567,Isaac Bonga,TOR,22,15,9,6,4.6,0.8,0.2,0.9,23.1,0.1,0.3,25,0.3,0.5,62.5,0.3,0.2,0.5,0.3,0.1,0.5,0.1,0.7,3.6,0,0,-2.1
569,Chandler Hutchison,PHX,26,6,4,2,3.7,0.7,0.2,0.3,50,0,0,0,0.3,0.3,100,0,0.8,0.8,0.3,0.7,0,0,0.2,1.5,0,0,2.5
569,DaQuan Jeffries,MEM,24,3,3,0,2.9,0.7,0.3,0.7,50,0,0.3,0,0,0,0,0,0.7,0.7,0.3,0,0,0,0.3,2,0,0,-1
569,Jarron Cumberland,POR,24,3,0,3,4.1,0.7,0.3,0.7,50,0,0.3,0,0,0,0,0.3,0.7,1,0.3,0,0,0,0.7,2.4,0,0,3
569,Jaylen Morris,SAS,26,3,0,3,5.3,0.7,0,2,0,0,0.7,0,0.7,1.3,50,0,0.7,0.7,0.7,0.3,0,0,0.7,2.1,0,0,2.7
573,Solomon Hill,ATL,31,13,7,6,10.7,0.6,0.2,1.5,15,0.2,1,15.4,0,0,0,0.5,1.3,1.8,0.9,0.1,0.3,0.2,1.2,5.4,0,0,3.2
574,Robert Woodard II,SAS,22,12,0,12,3.5,0.6,0.2,1.3,12.5,0.1,0.3,25,0.2,0.2,100,0.4,0.5,0.9,0.3,0.1,0.1,0.1,0.3,2.5,0,0,1.3
575,Xavier Sneed,UTA,24,9,7,2,4.3,0.6,0.2,1.1,20,0.1,0.9,12.5,0,0,0,0.2,0.4,0.7,0.1,0,0,0,0.2,1.5,0,0,-0.7
576,Sharife Cooper,ATL,21,13,8,5,3,0.5,0.2,1.1,21.4,0.1,0.5,16.7,0,0,0,0,0.4,0.4,0.4,0.4,0,0,0.1,1.2,0,0,-2.7
577,Scottie Lewis,CHA,22,2,1,1,3.3,0.5,0,0,0,0,0,0,0.5,1,50,0,0,0,0.5,0,0.5,0,0,2.8,0,0,-2
578,Aaron Henry,PHI,22,6,6,0,2.8,0.3,0.2,0.8,20,0,0.2,0,0,0,0,0,0.2,0.2,0,0.3,0,0.3,0.3,1.2,0,0,-3.3
579,Miye Oni,UTA,24,16,15,1,2.8,0.3,0.1,0.6,22.2,0.1,0.5,12.5,0,0.1,0,0.1,0.4,0.4,0.3,0.1,0,0,0.4,1.2,0,0,-2
580,Joel Ayayi,WAS,22,7,1,6,2.9,0.3,0.1,0.9,16.7,0,0.1,0,0,0,0,0.1,0.3,0.4,0.6,0,0,0,0,1.7,0,0,0.4
581,George King,DAL,28,4,2,2,4.8,0.3,0,1.3,0,0,1,0,0.3,0.5,50,0,1.3,1.3,0,0.3,0,0,1,1.5,0,0,-6.8
582,Ade Murkey,SAC,24,1,0,1,1.5,0,0,0,0,0,0,0,0,0,0,0,0,0,0,0,0,0,0,0,0,0,-1
582,Anthony Lamb,HOU,24,2,0,2,3.8,0,0,1,0,0,1,0,0,0,0,0,0.5,0.5,1,0,0,0,0,2.1,0,0,2.5
582,Arnoldas Kulboka,CHA,24,2,2,0,2.7,0,0,0.5,0,0,0.5,0,0,0,0,0,0,0,0,0,0,0,0.5,0,0,0,-6
582,CJ Miles,BOS,35,1,1,0,2,0,0,0,0,0,0,0,0,0,0,0,0,0,0,0,0,0,1,0,0,0,-5
582,Cat Barber,ATL,27,3,0,3,4.3,0,0,1.3,0,0,0,0,0,1.3,0,0.3,0.7,1,1,0.3,0,0,0.3,2.4,0,0,3.7
582,David Johnson,TOR,21,2,2,0,1,0,0,0.5,0,0,0.5,0,0,0,0,0,0,0,0,0,0,0,0,0,0,0,-1
582,DeJon Jarreau,IND,24,1,0,1,0.9,0,0,0,0,0,0,0,0,0,0,0,0,0,0,0,0,0,0,0,0,0,2
582,Emanuel Terry,PHX,25,3,2,1,6.1,0,0,1.7,0,0,0,0,0,0,0,2.7,2.3,5,0.7,1.7,0.3,0,1.3,6.3,0,0,-6.3
582,Feron Hunt,NYK,22,2,2,0,4.2,0,0,1,0,0,0,0,0,0,0,0.5,0,0.5,0.5,0.5,0.5,0,0.5,2.4,0,0,-0.5
582,JaQuori McLaughlin,DAL,24,4,2,2,2.7,0,0,0.5,0,0,0.3,0,0,0,0,0,0,0,0.5,0,0,0,0.3,0.8,0,0,-2.3
582,Jaime Echenique,WAS,25,1,1,0,3.1,0,0,0,0,0,0,0,0,0,0,0,0,0,0,0,0,0,0,0,0,0,-1
582,Javin DeLaurier,MIL,24,1,1,0,2.8,0,0,0,0,0,0,0,0,0,0,0,1,1,0,0,1,0,1,4.2,0,0,4
582,Jay Huff,LAL,24,4,0,4,5.1,0,0,0.8,0,0,0.5,0,0,0,0,0.3,0.8,1,0.3,0.3,0.3,0.3,0.3,2.8,0,0,3.8
582,Jaysean Paige,DET,27,1,1,0,6.6,0,0,3,0,0,2,0,0,0,0,0,1,1,1,1,0,0,2,1.7,0,0,-10
582,Jon Teske,MEM,25,3,3,0,2.6,0,0,0.3,0,0,0,0,0,0.7,0,0,0.7,0.7,0.3,0,0.3,0,0.3,2.3,0,0,-1
582,Jordan Bell,CHI,27,1,1,0,2,0,0,0,0,0,0,0,0,0,0,1,0,1,0,0,1,0,2,4.2,0,0,1
582,Jordan Goodwin,WAS,23,2,1,1,3,0,0,1.5,0,0,0.5,0,0,0,0,0,0.5,0.5,0,0,0,0,0.5,0.6,0,0,-4
582,MJ Walker,PHX,24,2,1,1,4.2,0,0,2,0,0,1,0,0,0,0,0,0.5,0.5,0.5,0,1,0,0.5,4.4,0,0,-1.5
582,Matt Mooney,NYK,27,1,1,0,1.9,0,0,1,0,0,1,0,0,0,0,0,0,0,0,1,1,0,0,2,0,0,-5
582,Nate Hinton,IND,23,2,0,2,1.2,0,0,0.5,0,0,0,0,0,0,0,0,0,0,0,0.5,0,0,0,-0.5,0,0,2
582,Sam Dekker,TOR,28,1,1,0,0.9,0,0,0,0,0,0,0,0,0,0,0,0,0,0,0,0,0,0,0,0,0,-5
582,Trayvon Palmer,DET,27,1,0,1,16.8,0,0,1,0,0,0,0,0,0,0,0,2,2,0,1,0,0,2,1.4,0,0,-12
582,Tyler Hall,NYK,25,1,1,0,1.9,0,0,0,0,0,0,0,0,0,0,0,0,0,0,0,0,0,0,0,0,0,-5
582,Zylan Cheatham,UTA,26,1,0,1,5.2,0,0,3,0,0,2,0,0,0,0,0,0,0,0,0,0,0,0,0,0,0,-13