,W,L,%,P_W,P_L,P_%
0,83.0,93.0,0.472,2.0,3.0,0.4
1,15.0,17.0,0.469,0.0,0.0,0.0
2,58.0,86.0,0.403,1.0,1.0,0.5
3,36.0,11.0,0.76,5.0,3.0,0.625
4,8.0,26.0,0.235,0.0,0.0,0.0
5,205.0,220.0,0.482,7.0,9.0,0.438
6,70.0,44.0,0.614,1.0,4.0,0.2
7,3.0,14.0,0.176,0.0,0.0,0.0
8,23.0,11.0,0.677,3.0,2.0,0.6
9,159.0,129.0,0.552,7.0,9.0,0.438
10,50.0,46.0,0.521,1.0,2.0,0.333
11,,,,,,
12,211.0,144.0,0.594,10.0,14.0,0.417
13,9.0,8.0,0.529,0.0,0.0,0.0
14,8.0,9.0,0.471,0.0,0.0,0.0
15,88.0,59.0,0.599,3.0,4.0,0.429
16,16.0,18.0,0.471,0.0,0.0,0.0
17,2.0,11.0,0.154,0.0,0.0,0.0
18,25.0,55.0,0.312,0.0,0.0,0.0
19,108.0,87.0,0.554,9.0,5.0,0.643
20,268.0,210.0,0.56,16.0,18.0,0.471
21,63.0,65.0,0.492,0.0,1.0,0.0
22,238.0,210.0,0.531,8.0,10.0,0.444
23,33.0,48.0,0.409,0.0,1.0,0.0
24,17.0,31.0,0.354,0.0,0.0,0.0
25,117.0,158.0,0.425,8.0,3.0,0.727
26,3.0,14.0,0.176,0.0,0.0,0.0
27,210.0,197.0,0.516,17.0,6.0,0.739
28,146.0,95.0,0.605,14.0,10.0,0.583
29,41.0,42.0,0.494,0.0,2.0,0.0
30,12.0,22.0,0.353,0.0,0.0,0.0
31,,,,,,
32,24.0,24.0,0.5,0.0,1.0,0.0
33,170.0,263.0,0.393,7.0,5.0,0.583
34,232.0,207.0,0.528,7.0,12.0,0.368
35,34.0,17.0,0.667,2.0,3.0,0.4
36,90.0,86.0,0.511,3.0,6.0,0.333
37,26.0,22.0,0.542,2.0,2.0,0.5
38,219.0,168.0,0.566,9.0,9.0,0.5
39,99.0,76.0,0.565,7.0,6.0,0.538
40,,,,,,
41,30.0,19.0,0.612,1.0,2.0,0.333
42,,,,,,
43,56.0,75.0,0.427,0.0,2.0,0.0
44,62.0,33.0,0.651,3.0,5.0,0.375
45,96.0,48.0,0.667,6.0,6.0,0.5
46,49.0,63.0,0.438,0.0,3.0,0.0
47,183.0,152.0,0.546,7.0,11.0,0.389
48,,,,,,
49,144.0,146.0,0.497,8.0,8.0,0.5
0,79.0,97.0,0.449,5.0,4.0,0.556
1,32.0,32.0,0.5,1.0,1.0,0.5
2,199.0,219.0,0.476,4.0,9.0,0.308
3,,,,,,
4,180.0,247.0,0.422,6.0,5.0,0.545
5,98.0,128.0,0.434,2.0,3.0,0.4
6,14.0,34.0,0.292,0.0,0.0,0.0
7,7.0,9.0,0.438,0.0,0.0,0.0
8,21.0,13.0,0.618,2.0,1.0,0.667
9,127.0,144.0,0.469,2.0,4.0,0.333
10,34.0,31.0,0.523,0.0,2.0,0.0
11,269.0,224.0,0.545,8.0,12.0,0.4
12,,,,,,
13,21.0,30.0,0.412,0.0,0.0,0.0
14,16.0,18.0,0.471,0.0,0.0,0.0
15,81.0,146.0,0.357,3.0,2.0,0.6
16,34.0,15.0,0.694,3.0,3.0,0.5
17,77.0,51.0,0.602,7.0,6.0,0.538
18,,,,,,
19,35.0,15.0,0.7,3.0,3.0,0.5
20,29.0,53.0,0.354,0.0,0.0,0.0
21,9.0,8.0,0.529,0.0,0.0,0.0
22,196.0,191.0,0.506,7.0,9.0,0.438
23,58.0,70.0,0.453,2.0,2.0,0.5
24,22.0,42.0,0.344,0.0,0.0,0.0
25,17.0,63.0,0.212,0.0,0.0,0.0
26,121.0,138.0,0.467,4.0,6.0,0.4
27,11.0,5.0,0.688,3.0,0.0,1.0
28,11.0,23.0,0.324,0.0,0.0,0.0
29,21.0,11.0,0.656,1.0,2.0,0.333
30,52.0,44.0,0.542,0.0,1.0,0.0
31,123.0,149.0,0.452,6.0,4.0,0.6
32,170.0,167.0,0.504,7.0,8.0,0.467
33,244.0,131.0,0.648,17.0,13.0,0.567
34,150.0,170.0,0.469,3.0,5.0,0.375
35,162.0,159.0,0.505,9.0,8.0,0.529
36,94.0,50.0,0.653,7.0,6.0,0.538
37,27.0,24.0,0.529,0.0,1.0,0.0
38,224.0,141.0,0.613,18.0,11.0,0.621
39,53.0,27.0,0.662,5.0,4.0,0.556
40,107.0,180.0,0.373,0.0,2.0,0.0
41,42.0,25.0,0.627,1.0,3.0,0.25
42,42.0,70.0,0.375,0.0,1.0,0.0
43,92.0,70.0,0.568,3.0,5.0,0.375
44,225.0,219.0,0.507,16.0,7.0,0.696
45,39.0,41.0,0.487,0.0,2.0,0.0
46,133.0,161.0,0.452,6.0,6.0,0.5
47,12.0,36.0,0.25,0.0,0.0,0.0
48,128.0,179.0,0.417,6.0,2.0,0.75
49,259.0,236.0,0.523,13.0,14.0,0.481
50,67.0,77.0,0.465,5.0,2.0,0.714
51,98.0,96.0,0.505,5.0,4.0,0.556
52,187.0,147.0,0.559,11.0,14.0,0.44
53,,,,,,
54,79.0,67.0,0.541,4.0,5.0,0.444
55,52.0,31.0,0.626,1.0,3.0,0.25
56,,,,,,
57,10.0,23.0,0.303,0.0,0.0,0.0
58,171.0,217.0,0.441,7.0,4.0,0.636
59,13.0,19.0,0.406,0.0,0.0,0.0
60,,,,,,
61,10.0,6.0,0.625,0.0,1.0,0.0
62,70.0,41.0,0.63,9.0,5.0,0.643
63,12.0,5.0,0.706,0.0,1.0,0.0
64,,,,,,
65,34.0,17.0,0.667,2.0,3.0,0.4
66,81.0,95.0,0.46,2.0,4.0,0.333
67,50.0,78.0,0.391,0.0,2.0,0.0
68,12.0,37.0,0.245,0.0,0.0,0.0
69,92.0,98.0,0.484,0.0,6.0,0.0
70,219.0,132.0,0.624,17.0,14.0,0.548
71,4.0,13.0,0.235,0.0,0.0,0.0
72,164.0,155.0,0.514,8.0,7.0,0.533
73,38.0,45.0,0.458,0.0,0.0,0.0
74,,,,,,
75,38.0,45.0,0.458,1.0,2.0,0.333
76,164.0,196.0,0.456,4.0,5.0,0.444
77,23.0,41.0,0.359,0.0,1.0,0.0
78,16.0,32.0,0.333,0.0,0.0,0.0
79,5.0,11.0,0.312,0.0,0.0,0.0
80,106.0,137.0,0.436,1.0,3.0,0.25
81,245.0,236.0,0.509,10.0,12.0,0.455
82,57.0,39.0,0.594,1.0,3.0,0.25
83,90.0,169.0,0.348,0.0,0.0,0.0
84,5.0,11.0,0.312,0.0,0.0,0.0
85,37.0,43.0,0.463,1.0,2.0,0.333
86,3.0,12.0,0.219,0.0,0.0,0.0
87,8.0,9.0,0.471,0.0,0.0,0.0
88,,,,,,
89,48.0,63.0,0.433,0.0,2.0,0.0
90,159.0,134.0,0.542,7.0,7.0,0.5
91,136.0,168.0,0.447,3.0,4.0,0.429
92,,,,,,
93,0.0,0.0,0.0,0.0,0.0,0.0
94,321.0,337.0,0.488,11.0,12.0,0.478
95,48.0,41.0,0.539,3.0,3.0,0.5
96,24.0,9.0,0.727,2.0,2.0,0.5
97,5.0,12.0,0.294,0.0,0.0,0.0
98,275.0,220.0,0.555,21.0,10.0,0.677
99,55.0,57.0,0.491,1.0,2.0,0.333
100,34.0,31.0,0.523,0.0,2.0,0.0
101,,,,,,
102,29.0,37.0,0.439,2.0,1.0,0.667
103,15.0,19.0,0.441,0.0,1.0,0.0
104,,,,,,
105,,,,,,
106,10.0,38.0,0.208,0.0,0.0,0.0
107,,,,,,
108,6.0,10.0,0.375,0.0,0.0,0.0
109,88.0,72.0,0.55,5.0,4.0,0.556
110,149.0,139.0,0.517,4.0,5.0,0.444
111,34.0,31.0,0.523,0.0,2.0,0.0
112,4.0,13.0,0.235,0.0,0.0,0.0
113,,,,,,
114,10.0,23.0,0.303,0.0,0.0,0.0
115,110.0,148.0,0.427,4.0,4.0,0.5
116,112.0,124.0,0.475,4.0,5.0,0.444
117,183.0,185.0,0.497,6.0,10.0,0.375
118,47.0,49.0,0.49,2.0,3.0,0.4
119,144.0,187.0,0.435,4.0,4.0,0.5
120,85.0,75.0,0.531,9.0,4.0,0.692
121,217.0,198.0,0.523,7.0,10.0,0.412
122,87.0,57.0,0.604,10.0,3.0,0.769
123,0.0,0.0,0.0,0.0,0.0,0.0
124,51.0,38.0,0.572,1.0,3.0,0.25
125,,,,,,
126,231.0,198.0,0.538,13.0,14.0,0.481
127,,,,,,
128,31.0,36.0,0.463,4.0,1.0,0.8
129,76.0,116.0,0.396,1.0,2.0,0.333
130,34.0,30.0,0.531,0.0,1.0,0.0
131,185.0,173.0,0.517,8.0,9.0,0.471
132,55.0,44.0,0.556,5.0,3.0,0.625
133,,,,,,
134,,,,,,
135,9.0,23.0,0.281,0.0,0.0,0.0
136,22.0,10.0,0.688,5.0,1.0,0.833
137,20.0,14.0,0.588,0.0,2.0,0.0
138,99.0,78.0,0.559,2.0,6.0,0.25
139,46.0,19.0,0.708,5.0,3.0,0.625
140,15.0,19.0,0.441,0.0,1.0,0.0
141,117.0,171.0,0.406,1.0,2.0,0.333
142,127.0,131.0,0.492,4.0,5.0,0.444
143,59.0,36.0,0.62,7.0,4.0,0.636
144,3.0,13.0,0.188,0.0,0.0,0.0
145,89.0,57.0,0.609,6.0,6.0,0.5
146,60.0,54.0,0.526,5.0,3.0,0.625
147,,,,,,
148,120.0,170.0,0.414,4.0,3.0,0.571
149,28.0,22.0,0.56,0.0,1.0,0.0
150,,,,,,
151,62.0,20.0,0.756,14.0,2.0,0.875
152,23.0,25.0,0.479,0.0,2.0,0.0
153,279.0,186.0,0.6,20.0,11.0,0.645
154,60.0,68.0,0.469,3.0,4.0,0.429
155,186.0,149.0,0.555,9.0,12.0,0.429
156,,,,,,
157,127.0,119.0,0.516,5.0,8.0,0.385
158,145.0,110.0,0.569,5.0,8.0,0.385
159,10.0,23.0,0.303,0.0,0.0,0.0
160,70.0,90.0,0.438,1.0,3.0,0.25
161,,,,,,
162,143.0,184.0,0.438,3.0,6.0,0.333
163,9.0,7.0,0.562,0.0,0.0,0.0
164,183.0,152.0,0.546,12.0,11.0,0.522
165,27.0,40.0,0.403,0.0,1.0,0.0
166,13.0,4.0,0.765,0.0,1.0,0.0
167,,,,,,
168,47.0,65.0,0.42,1.0,1.0,0.5
169,13.0,20.0,0.397,0.0,0.0,0.0
170,,,,,,
171,74.0,86.0,0.463,3.0,3.0,0.5
172,38.0,60.0,0.389,0.0,1.0,0.0
173,330.0,208.0,0.613,28.0,17.0,0.622
174,38.0,60.0,0.389,0.0,1.0,0.0
175,68.0,76.0,0.472,4.0,3.0,0.571
176,134.0,188.0,0.416,5.0,4.0,0.556
177,202.0,164.0,0.552,5.0,11.0,0.312
178,,,,,,
179,12.0,21.0,0.368,0.0,0.0,0.0
180,151.0,152.0,0.498,1.0,5.0,0.167
181,,,,,,
182,129.0,178.0,0.42,1.0,1.0,0.5
183,125.0,147.0,0.46,2.0,5.0,0.286
184,5.0,12.0,0.294,0.0,0.0,0.0
185,10.0,6.0,0.625,0.0,1.0,0.0
186,104.0,74.0,0.584,10.0,6.0,0.625
187,52.0,46.0,0.531,1.0,3.0,0.25
188,147.0,180.0,0.45,9.0,4.0,0.692
189,66.0,110.0,0.375,0.0,1.0,0.0
190,27.0,21.0,0.562,1.0,2.0,0.333
191,113.0,142.0,0.443,2.0,3.0,0.4
192,77.0,34.0,0.692,7.0,6.0,0.538
193,36.0,31.0,0.537,0.0,2.0,0.0
194,193.0,191.0,0.503,2.0,10.0,0.167
195,44.0,68.0,0.394,2.0,1.0,0.667
196,11.0,37.0,0.229,0.0,0.0,0.0
197,192.0,114.0,0.627,14.0,11.0,0.56
198,164.0,155.0,0.514,11.0,6.0,0.647
199,236.0,228.0,0.509,5.0,13.0,0.278
200,29.0,35.0,0.453,0.0,0.0,0.0
201,39.0,40.0,0.494,3.0,2.0,0.6
202,19.0,13.0,0.594,1.0,2.0,0.333
203,97.0,65.0,0.599,4.0,5.0,0.444
204,,,,,,
205,49.0,65.0,0.43,0.0,2.0,0.0
206,104.0,55.0,0.653,8.0,7.0,0.533
207,143.0,123.0,0.538,3.0,5.0,0.375
208,114.0,94.0,0.548,4.0,7.0,0.364
209,6.0,10.0,0.375,0.0,0.0,0.0
210,148.0,121.0,0.55,7.0,10.0,0.412
211,66.0,62.0,0.516,3.0,4.0,0.429
212,205.0,181.0,0.531,9.0,9.0,0.5
213,48.0,32.0,0.6,2.0,3.0,0.4
214,16.0,48.0,0.25,0.0,0.0,0.0
215,218.0,119.0,0.646,22.0,13.0,0.629
216,140.0,166.0,0.458,7.0,5.0,0.583
217,,,,,,
218,52.0,44.0,0.542,2.0,3.0,0.4
219,269.0,181.0,0.598,18.0,12.0,0.6
220,52.0,44.0,0.542,3.0,3.0,0.5
221,2.0,14.0,0.125,0.0,0.0,0.0
222,,,,,,
223,225.0,230.0,0.495,8.0,10.0,0.444
224,,,,,,
225,,,,,,
226,38.0,42.0,0.475,1.0,1.0,0.5
227,474.0,298.0,0.614,43.0,21.0,0.672
228,16.0,34.0,0.32,0.0,0.0,0.0
229,,,,,,
230,25.0,9.0,0.735,4.0,2.0,0.667
231,298.0,204.0,0.593,22.0,13.0,0.629
232,5.0,12.0,0.294,0.0,0.0,0.0
233,16.0,16.0,0.5,0.0,0.0,0.0
234,164.0,108.0,0.603,16.0,5.0,0.762
235,18.0,15.0,0.545,0.0,1.0,0.0
236,149.0,125.0,0.544,6.0,5.0,0.545
237,82.0,62.0,0.569,5.0,4.0,0.556
238,156.0,212.0,0.424,2.0,6.0,0.25
239,167.0,231.0,0.42,2.0,3.0,0.4
240,,,,,,
241,113.0,205.0,0.356,1.0,2.0,0.333
242,,,,,,
243,38.0,29.0,0.567,0.0,1.0,0.0
244,56.0,55.0,0.505,2.0,2.0,0.5
245,132.0,76.0,0.633,5.0,8.0,0.385
246,,,,,,
247,9.0,8.0,0.529,1.0,1.0,0.5
248,39.0,41.0,0.487,2.0,2.0,0.5
249,188.0,146.0,0.562,7.0,11.0,0.389
250,109.0,142.0,0.435,2.0,5.0,0.286
251,121.0,136.0,0.471,9.0,3.0,0.75
252,,,,,,
253,81.0,48.0,0.626,2.0,5.0,0.286
254,6.0,10.0,0.375,0.0,0.0,0.0
255,94.0,165.0,0.363,1.0,3.0,0.25
256,21.0,30.0,0.412,1.0,1.0,0.5
257,20.0,28.0,0.417,0.0,0.0,0.0
258,4.0,12.0,0.25,0.0,0.0,0.0
259,50.0,79.0,0.389,3.0,2.0,0.6
260,180.0,164.0,0.523,3.0,9.0,0.25
261,119.0,89.0,0.572,3.0,7.0,0.3
262,49.0,113.0,0.302,3.0,2.0,0.6
263,266.0,279.0,0.488,19.0,9.0,0.679
264,149.0,138.0,0.519,5.0,6.0,0.455
265,203.0,172.0,0.541,11.0,9.0,0.55
266,38.0,58.0,0.396,0.0,0.0,0.0
267,,,,,,
268,151.0,201.0,0.429,3.0,6.0,0.333
269,32.0,32.0,0.5,1.0,1.0,0.5
270,56.0,39.0,0.589,8.0,2.0,0.8
271,182.0,154.0,0.542,9.0,12.0,0.429
272,66.0,78.0,0.458,4.0,2.0,0.667
273,51.0,61.0,0.455,1.0,2.0,0.333
274,209.0,174.0,0.545,13.0,11.0,0.542
275,149.0,202.0,0.425,0.0,3.0,0.0
276,23.0,28.0,0.451,0.0,1.0,0.0
277,41.0,42.0,0.494,0.0,2.0,0.0
278,75.0,40.0,0.652,2.0,5.0,0.286
279,43.0,40.0,0.518,0.0,2.0,0.0
280,76.0,71.0,0.517,3.0,5.0,0.375
281,204.0,107.0,0.655,20.0,9.0,0.69
282,53.0,62.0,0.461,2.0,2.0,0.5
283,47.0,49.0,0.49,3.0,2.0,0.6
284,123.0,71.0,0.633,9.0,8.0,0.529
285,8.0,8.0,0.5,0.0,0.0,0.0
286,103.0,75.0,0.578,6.0,6.0,0.5
287,16.0,16.0,0.5,0.0,0.0,0.0
288,122.0,102.0,0.545,2.0,5.0,0.286
289,,,,,,
290,161.0,162.0,0.498,10.0,7.0,0.588
291,24.0,24.0,0.5,0.0,1.0,0.0
292,,,,,,
293,31.0,33.0,0.484,0.0,1.0,0.0
294,157.0,126.0,0.554,6.0,7.0,0.461
295,81.0,95.0,0.46,2.0,3.0,0.4
296,,,,,,
297,9.0,8.0,0.529,0.0,0.0,0.0
298,14.0,18.0,0.438,1.0,1.0,0.5
299,154.0,247.0,0.384,5.0,4.0,0.556
300,98.0,65.0,0.601,3.0,6.0,0.333
301,,,,,,
302,183.0,151.0,0.548,12.0,11.0,0.522
303,109.0,68.0,0.615,7.0,8.0,0.467
304,5.0,11.0,0.312,0.0,0.0,0.0
305,91.0,167.0,0.353,0.0,1.0,0.0
306,50.0,94.0,0.347,2.0,2.0,0.5
307,,,,,,
308,179.0,174.0,0.507,7.0,8.0,0.467
309,121.0,103.0,0.54,8.0,7.0,0.533
310,34.0,65.0,0.343,0.0,0.0,0.0
311,11.0,21.0,0.344,0.0,0.0,0.0
312,58.0,54.0,0.518,3.0,3.0,0.5
313,101.0,61.0,0.623,7.0,7.0,0.5
314,,,,,,
315,52.0,91.0,0.365,0.0,1.0,0.0
316,66.0,33.0,0.667,2.0,5.0,0.286
317,4.0,12.0,0.25,0.0,0.0,0.0
318,71.0,75.0,0.486,1.0,3.0,0.25
319,,,,,,
320,20.0,11.0,0.641,2.0,2.0,0.5
321,,,,,,
322,97.0,93.0,0.51,3.0,4.0,0.429
323,11.0,21.0,0.344,0.0,0.0,0.0
324,148.0,108.0,0.578,9.0,5.0,0.643
325,130.0,192.0,0.404,3.0,5.0,0.375
326,65.0,65.0,0.5,6.0,3.0,0.667
327,,,,,,
328,53.0,35.0,0.602,3.0,4.0,0.429
329,3.0,13.0,0.188,0.0,0.0,0.0
330,12.0,21.0,0.368,0.0,0.0,0.0
331,57.0,57.0,0.5,4.0,3.0,0.571
332,74.0,88.0,0.457,3.0,2.0,0.6
333,159.0,162.0,0.495,7.0,6.0,0.538
334,113.0,97.0,0.538,3.0,6.0,0.333
335,,,,,,
336,57.0,55.0,0.509,3.0,2.0,0.6
337,72.0,58.0,0.553,3.0,4.0,0.429
338,6.0,10.0,0.375,0.0,0.0,0.0
339,20.0,11.0,0.641,1.0,1.0,0.5
340,50.0,48.0,0.51,1.0,2.0,0.333
341,,,,,,
342,12.0,20.0,0.375,0.0,0.0,0.0
343,11.0,37.0,0.229,0.0,0.0,0.0
344,72.0,74.0,0.493,5.0,2.0,0.714
345,,,,,,
346,15.0,50.0,0.235,0.0,0.0,0.0
347,283.0,193.0,0.594,14.0,16.0,0.467
348,114.0,144.0,0.442,0.0,3.0,0.0
349,49.0,65.0,0.43,0.0,2.0,0.0
350,27.0,21.0,0.562,2.0,1.0,0.667
351,54.0,74.0,0.422,0.0,2.0,0.0
352,159.0,177.0,0.473,1.0,6.0,0.143
353,174.0,153.0,0.532,1.0,7.0,0.125
354,37.0,11.0,0.771,4.0,2.0,0.667
355,98.0,61.0,0.616,10.0,7.0,0.588
356,226.0,208.0,0.521,7.0,9.0,0.438
357,,,,,,
358,217.0,200.0,0.52,8.0,10.0,0.444
359,25.0,23.0,0.521,1.0,1.0,0.5
360,,,,,,
361,,,,,,
362,,,,,,
363,37.0,44.0,0.457,5.0,2.0,0.714
364,36.0,62.0,0.369,0.0,1.0,0.0
365,9.0,25.0,0.265,0.0,0.0,0.0
366,,,,,,
367,83.0,93.0,0.472,3.0,4.0,0.429
368,155.0,86.0,0.642,13.0,11.0,0.542
369,21.0,11.0,0.656,1.0,1.0,0.5
370,42.0,70.0,0.375,0.0,1.0,0.0
371,15.0,17.0,0.469,0.0,1.0,0.0
372,66.0,63.0,0.511,3.0,4.0,0.429
373,2.0,14.0,0.125,0.0,0.0,0.0
374,23.0,41.0,0.359,0.0,0.0,0.0
375,59.0,39.0,0.602,6.0,3.0,0.667
376,7.0,9.0,0.438,0.0,0.0,0.0
377,203.0,165.0,0.552,7.0,10.0,0.412
378,31.0,33.0,0.484,0.0,1.0,0.0
379,7.0,25.0,0.219,0.0,0.0,0.0
380,40.0,26.0,0.605,0.0,3.0,0.0
381,164.0,108.0,0.603,11.0,12.0,0.478
382,130.0,126.0,0.508,8.0,5.0,0.615
383,86.0,91.0,0.486,3.0,4.0,0.429
384,34.0,13.0,0.719,1.0,3.0,0.25
385,12.0,22.0,0.353,0.0,0.0,0.0
386,4.0,12.0,0.25,0.0,0.0,0.0
387,69.0,59.0,0.539,4.0,3.0,0.571
388,178.0,127.0,0.584,9.0,8.0,0.529
389,119.0,124.0,0.49,3.0,6.0,0.333
390,299.0,262.0,0.533,15.0,15.0,0.5
391,235.0,232.0,0.503,7.0,12.0,0.368
392,42.0,54.0,0.438,0.0,1.0,0.0
393,18.0,16.0,0.529,0.0,1.0,0.0
394,153.0,170.0,0.474,9.0,6.0,0.6
395,,,,,,
396,19.0,15.0,0.559,0.0,1.0,0.0
397,56.0,27.0,0.675,3.0,4.0,0.429
398,18.0,14.0,0.562,1.0,1.0,0.5
399,21.0,11.0,0.656,0.0,1.0,0.0
400,,,,,,
401,131.0,125.0,0.512,6.0,7.0,0.461
402,12.0,20.0,0.375,0.0,0.0,0.0
403,143.0,166.0,0.463,2.0,6.0,0.25
404,8.0,24.0,0.25,0.0,0.0,0.0
405,243.0,292.0,0.454,6.0,9.0,0.4
406,123.0,137.0,0.473,3.0,6.0,0.333
407,,,,,,
408,41.0,26.0,0.612,6.0,3.0,0.667
409,56.0,27.0,0.675,2.0,4.0,0.333
410,103.0,75.0,0.579,5.0,6.0,0.455
411,31.0,17.0,0.646,4.0,2.0,0.667
412,257.0,170.0,0.602,19.0,10.0,0.655
413,,,,,,
414,80.0,143.0,0.359,1.0,3.0,0.25
415,120.0,120.0,0.5,9.0,5.0,0.643
416,272.0,206.0,0.569,17.0,12.0,0.586
417,70.0,92.0,0.432,1.0,2.0,0.333
418,14.0,20.0,0.412,0.0,0.0,0.0
419,79.0,95.0,0.455,4.0,3.0,0.571
420,25.0,25.0,0.5,0.0,1.0,0.0
421,33.0,32.0,0.508,0.0,2.0,0.0
422,47.0,81.0,0.367,0.0,0.0,0.0
423,4.0,12.0,0.25,0.0,0.0,0.0
424,25.0,23.0,0.521,1.0,1.0,0.5
425,105.0,119.0,0.469,1.0,5.0,0.167
426,171.0,197.0,0.465,7.0,6.0,0.538
427,20.0,14.0,0.588,0.0,2.0,0.0
428,52.0,60.0,0.464,1.0,1.0,0.5
429,48.0,35.0,0.578,1.0,3.0,0.25
430,5.0,12.0,0.294,0.0,0.0,0.0
431,59.0,85.0,0.41,0.0,1.0,0.0
432,23.0,57.0,0.287,0.0,0.0,0.0
433,76.0,84.0,0.475,3.0,5.0,0.375
434,35.0,60.0,0.371,0.0,1.0,0.0
435,137.0,119.0,0.535,5.0,6.0,0.455
436,81.0,129.0,0.386,2.0,2.0,0.5
437,11.0,6.0,0.647,0.0,1.0,0.0
438,112.0,147.0,0.432,4.0,6.0,0.4
439,12.0,5.0,0.706,2.0,1.0,0.667
440,20.0,12.0,0.625,1.0,1.0,0.5
441,10.0,6.0,0.625,1.0,1.0,0.5
442,129.0,161.0,0.445,5.0,5.0,0.5
443,16.0,33.0,0.327,0.0,0.0,0.0
444,32.0,34.0,0.485,1.0,2.0,0.333
445,122.0,86.0,0.587,7.0,8.0,0.467
446,,,,,,
447,227.0,201.0,0.53,8.0,12.0,0.4
448,33.0,50.0,0.398,0.0,0.0,0.0
449,37.0,44.0,0.457,5.0,2.0,0.714
450,134.0,157.0,0.46,4.0,7.0,0.364
451,167.0,107.0,0.61,9.0,8.0,0.529
452,189.0,183.0,0.508,7.0,9.0,0.438
453,,,,,,
454,19.0,29.0,0.396,0.0,0.0,0.0
455,73.0,90.0,0.448,2.0,4.0,0.333
456,114.0,110.0,0.509,6.0,4.0,0.6
457,43.0,55.0,0.439,2.0,3.0,0.4
458,32.0,48.0,0.4,0.0,1.0,0.0
459,6.0,26.0,0.188,0.0,0.0,0.0
460,7.0,9.0,0.438,0.0,0.0,0.0
461,116.0,108.0,0.518,13.0,3.0,0.812
462,189.0,134.0,0.585,14.0,11.0,0.56
463,37.0,59.0,0.385,0.0,0.0,0.0
464,14.0,18.0,0.438,1.0,1.0,0.5
465,62.0,34.0,0.646,1.0,3.0,0.25
466,14.0,18.0,0.438,1.0,1.0,0.5
467,37.0,44.0,0.457,5.0,2.0,0.714
468,7.0,26.0,0.221,0.0,0.0,0.0
469,293.0,283.0,0.509,12.0,15.0,0.444
470,183.0,216.0,0.459,7.0,7.0,0.5
471,263.0,253.0,0.51,11.0,11.0,0.5
472,9.0,7.0,0.562,1.0,1.0,0.5
473,129.0,193.0,0.401,2.0,4.0,0.333
474,24.0,27.0,0.471,0.0,1.0,0.0
475,,,,,,
476,,,,,,
477,86.0,89.0,0.491,3.0,5.0,0.375
478,,,,,,
479,87.0,73.0,0.544,6.0,5.0,0.545
480,144.0,111.0,0.565,11.0,6.0,0.647
481,201.0,152.0,0.569,12.0,11.0,0.522
482,22.0,26.0,0.458,0.0,0.0,0.0
483,191.0,194.0,0.496,12.0,7.0,0.632
484,37.0,27.0,0.578,0.0,1.0,0.0
485,80.0,112.0,0.417,1.0,3.0,0.25
486,21.0,11.0,0.656,3.0,0.0,1.0
487,4.0,13.0,0.235,0.0,0.0,0.0
488,52.0,60.0,0.464,0.0,3.0,0.0
489,103.0,153.0,0.402,4.0,4.0,0.5
490,23.0,11.0,0.677,1.0,2.0,0.333
491,40.0,56.0,0.417,0.0,0.0,0.0
492,24.0,27.0,0.471,0.0,1.0,0.0
493,,,,,,
494,38.0,40.0,0.487,3.0,2.0,0.6
495,37.0,29.0,0.56,4.0,3.0,0.571
496,179.0,111.0,0.617,17.0,8.0,0.68
497,120.0,75.0,0.615,14.0,5.0,0.737
498,75.0,78.0,0.49,4.0,5.0,0.444
499,32.0,16.0,0.667,4.0,3.0,0.571
500,0.0,16.0,0.0,0.0,0.0,0.0
501,79.0,81.0,0.494,2.0,4.0,0.333
502,55.0,42.0,0.567,1.0,3.0,0.25
503,34.0,46.0,0.425,0.0,0.0,0.0
504,27.0,20.0,0.573,3.0,2.0,0.6
505,17.0,15.0,0.531,1.0,1.0,0.5
506,7.0,10.0,0.412,0.0,0.0,0.0
507,41.0,37.0,0.525,0.0,2.0,0.0
508,7.0,9.0,0.438,0.0,0.0,0.0
509,18.0,14.0,0.562,4.0,0.0,1.0
510,67.0,45.0,0.598,2.0,3.0,0.4
511,25.0,42.0,0.373,0.0,0.0,0.0
512,,,,,,
513,17.0,33.0,0.34,0.0,0.0,0.0
514,5.0,11.0,0.312,0.0,0.0,0.0
515,81.0,97.0,0.455,2.0,2.0,0.5
516,297.0,205.0,0.591,26.0,16.0,0.619
517,7.0,9.0,0.438,0.0,0.0,0.0
518,32.0,34.0,0.485,2.0,2.0,0.5
519,23.0,25.0,0.479,0.0,1.0,0.0
520,6.0,10.0,0.375,0.0,0.0,0.0
521,34.0,17.0,0.667,2.0,3.0,0.4
522,14.0,18.0,0.438,1.0,1.0,0.5
523,8.0,9.0,0.471,0.0,0.0,0.0
524,3.0,13.0,0.206,0.0,0.0,0.0
525,11.0,6.0,0.647,0.0,1.0,0.0
526,37.0,30.0,0.552,0.0,2.0,0.0
527,13.0,20.0,0.397,1.0,1.0,0.5
528,143.0,196.0,0.422,4.0,5.0,0.444
529,21.0,27.0,0.438,1.0,1.0,0.5
530,9.0,7.0,0.559,0.0,1.0,0.0
531,144.0,98.0,0.595,11.0,10.0,0.524
532,4.0,12.0,0.25,0.0,0.0,0.0
533,97.0,130.0,0.427,3.0,3.0,0.5
534,,,,,,
535,188.0,174.0,0.519,18.0,4.0,0.818
536,130.0,109.0,0.544,8.0,7.0,0.533
537,107.0,103.0,0.51,3.0,4.0,0.429
538,169.0,182.0,0.481,10.0,6.0,0.625
539,186.0,253.0,0.424,4.0,7.0,0.364
540,173.0,132.0,0.567,11.0,8.0,0.579
541,,,,,,
542,137.0,134.0,0.505,7.0,5.0,0.583
543,142.0,162.0,0.467,7.0,5.0,0.583
544,13.0,4.0,0.765,1.0,1.0,0.5
545,180.0,235.0,0.434,5.0,7.0,0.417
546,16.0,16.0,0.5,0.0,0.0,0.0
547,31.0,19.0,0.62,5.0,2.0,0.714
548,126.0,117.0,0.518,5.0,4.0,0.556
549,66.0,46.0,0.589,1.0,4.0,0.2
550,61.0,86.0,0.415,0.0,3.0,0.0
551,86.0,92.0,0.483,2.0,3.0,0.4
552,9.0,23.0,0.281,0.0,0.0,0.0
553,92.0,116.0,0.442,0.0,3.0,0.0
554,105.0,135.0,0.438,3.0,4.0,0.429
555,130.0,158.0,0.452,2.0,4.0,0.333
556,131.0,125.0,0.512,4.0,7.0,0.364
557,303.0,241.0,0.557,13.0,16.0,0.448
558,180.0,134.0,0.573,9.0,11.0,0.45
559,90.0,70.0,0.562,2.0,6.0,0.25
560,108.0,116.0,0.482,3.0,3.0,0.5
561,60.0,52.0,0.536,5.0,3.0,0.625
562,137.0,137.0,0.5,7.0,5.0,0.583
563,18.0,16.0,0.529,0.0,1.0,0.0
564,41.0,26.0,0.612,6.0,3.0,0.667
565,31.0,33.0,0.484,0.0,1.0,0.0
566,353.0,347.0,0.504,20.0,15.0,0.571
567,246.0,185.0,0.571,14.0,10.0,0.583
568,,,,,,
569,,,,,,
570,17.0,33.0,0.343,1.0,1.0,0.5
571,42.0,39.0,0.518,1.0,2.0,0.333
572,,,,,,
573,52.0,45.0,0.536,1.0,2.0,0.333
574,2.0,14.0,0.125,0.0,0.0,0.0
575,177.0,188.0,0.485,12.0,9.0,0.571
576,69.0,46.0,0.6,1.0,4.0,0.2
577,7.0,9.0,0.438,0.0,0.0,0.0
578,4.0,13.0,0.235,0.0,0.0,0.0
579,56.0,72.0,0.438,3.0,2.0,0.6
580,61.0,99.0,0.381,0.0,2.0,0.0
581,4.0,12.0,0.25,0.0,0.0,0.0
582,268.0,166.0,0.618,19.0,18.0,0.514
583,,,,,,
584,64.0,80.0,0.444,2.0,2.0,0.5
585,24.0,27.0,0.471,0.0,1.0,0.0
586,147.0,158.0,0.482,1.0,5.0,0.167
587,38.0,60.0,0.389,0.0,1.0,0.0
588,169.0,152.0,0.526,7.0,8.0,0.467
589,113.0,80.0,0.585,10.0,6.0,0.625
590,61.0,67.0,0.477,3.0,3.0,0.5
591,3.0,13.0,0.188,0.0,0.0,0.0
592,,,,,,
593,24.0,56.0,0.3,0.0,0.0,0.0
594,36.0,60.0,0.375,0.0,0.0,0.0
595,30.0,52.0,0.366,0.0,0.0,0.0
596,49.0,63.0,0.438,2.0,2.0,0.5
597,28.0,37.0,0.432,0.0,1.0,0.0
598,31.0,20.0,0.608,1.0,2.0,0.333
599,14.0,20.0,0.412,0.0,0.0,0.0
600,136.0,136.0,0.5,4.0,6.0,0.4
601,82.0,77.0,0.516,3.0,5.0,0.375
602,35.0,46.0,0.432,2.0,1.0,0.667
603,88.0,75.0,0.54,2.0,4.0,0.333
604,138.0,137.0,0.502,7.0,7.0,0.5
605,17.0,15.0,0.531,1.0,1.0,0.5
606,99.0,123.0,0.446,4.0,5.0,0.444
607,48.0,51.0,0.485,0.0,3.0,0.0
608,43.0,39.0,0.524,1.0,3.0,0.25
609,83.0,48.0,0.634,2.0,5.0,0.286
610,8.0,9.0,0.471,0.0,0.0,0.0
611,8.0,8.0,0.5,0.0,0.0,0.0
612,252.0,213.0,0.542,5.0,15.0,0.25
613,231.0,216.0,0.517,7.0,13.0,0.35
614,67.0,60.0,0.527,5.0,4.0,0.556
615,19.0,13.0,0.594,3.0,0.0,1.0
616,40.0,40.0,0.5,2.0,3.0,0.4
617,10.0,23.0,0.303,0.0,0.0,0.0
618,76.0,67.0,0.531,2.0,3.0,0.4
619,82.0,109.0,0.429,0.0,1.0,0.0
620,106.0,102.0,0.51,3.0,5.0,0.375
621,193.0,138.0,0.583,12.0,12.0,0.5
622,184.0,214.0,0.463,10.0,5.0,0.667
623,158.0,130.0,0.549,12.0,7.0,0.632
624,25.0,23.0,0.521,0.0,0.0,0.0
625,213.0,202.0,0.513,9.0,10.0,0.474
626,49.0,34.0,0.59,1.0,2.0,0.333
627,6.0,10.0,0.375,0.0,0.0,0.0
628,51.0,93.0,0.354,0.0,0.0,0.0
629,259.0,231.0,0.528,10.0,11.0,0.476
630,3.0,13.0,0.206,0.0,0.0,0.0
631,,,,,,
632,8.0,7.0,0.531,0.0,0.0,0.0
633,,,,,,
634,6.0,25.0,0.203,0.0,0.0,0.0
635,40.0,56.0,0.417,0.0,1.0,0.0
636,4.0,13.0,0.235,0.0,0.0,0.0
637,81.0,129.0,0.386,0.0,2.0,0.0
638,42.0,25.0,0.627,1.0,3.0,0.25
639,172.0,110.0,0.61,8.0,9.0,0.471
640,7.0,9.0,0.438,0.0,0.0,0.0
641,356.0,212.0,0.627,32.0,17.0,0.653
642,73.0,55.0,0.57,4.0,6.0,0.4
643,13.0,38.0,0.255,0.0,0.0,0.0
644,10.0,24.0,0.294,0.0,0.0,0.0
645,,,,,,
646,39.0,28.0,0.582,0.0,2.0,0.0
647,104.0,90.0,0.536,5.0,5.0,0.5
648,64.0,51.0,0.556,4.0,5.0,0.444
649,67.0,30.0,0.691,9.0,3.0,0.75
650,152.0,165.0,0.48,4.0,6.0,0.4
651,38.0,44.0,0.463,0.0,2.0,0.0
652,2.0,14.0,0.125,0.0,0.0,0.0
653,24.0,26.0,0.48,2.0,1.0,0.667
654,87.0,57.0,0.604,6.0,4.0,0.6
655,19.0,32.0,0.372,1.0,1.0,0.5
656,7.0,9.0,0.438,0.0,0.0,0.0
657,,,,,,
658,145.0,176.0,0.452,1.0,8.0,0.111
659,29.0,53.0,0.354,0.0,0.0,0.0
660,159.0,81.0,0.662,11.0,12.0,0.478
661,11.0,27.0,0.289,0.0,0.0,0.0
662,106.0,73.0,0.592,5.0,5.0,0.5
663,88.0,56.0,0.61,6.0,5.0,0.545
664,31.0,49.0,0.389,0.0,1.0,0.0
665,7.0,9.0,0.438,0.0,0.0,0.0
666,,,,,,
667,25.0,42.0,0.373,0.0,1.0,0.0
668,15.0,17.0,0.469,0.0,0.0,0.0
669,90.0,119.0,0.431,3.0,3.0,0.5
670,8.0,39.0,0.177,0.0,0.0,0.0
671,,,,,,
672,,,,,,
673,49.0,34.0,0.59,6.0,2.0,0.75
674,251.0,168.0,0.599,20.0,16.0,0.556
675,213.0,171.0,0.554,13.0,12.0,0.52
676,,,,,,
677,54.0,109.0,0.331,3.0,2.0,0.6
678,11.0,21.0,0.344,0.0,0.0,0.0
679,15.0,17.0,0.469,0.0,0.0,0.0
680,34.0,47.0,0.421,2.0,1.0,0.667
681,,,,,,
682,24.0,24.0,0.5,2.0,1.0,0.667
683,21.0,45.0,0.321,1.0,1.0,0.5
684,11.0,5.0,0.688,0.0,1.0,0.0
685,114.0,80.0,0.587,3.0,6.0,0.333
686,4.0,13.0,0.235,0.0,0.0,0.0
687,93.0,83.0,0.528,3.0,5.0,0.375
688,44.0,19.0,0.695,5.0,3.0,0.625
689,165.0,217.0,0.432,2.0,5.0,0.286
690,40.0,55.0,0.422,1.0,2.0,0.333
691,17.0,15.0,0.531,3.0,1.0,0.75
692,71.0,43.0,0.623,4.0,5.0,0.444
693,75.0,40.0,0.652,2.0,5.0,0.286
694,27.0,21.0,0.562,5.0,1.0,0.833
695,122.0,104.0,0.54,5.0,5.0,0.5
696,76.0,85.0,0.472,4.0,3.0,0.571
697,158.0,265.0,0.374,2.0,3.0,0.4
698,18.0,62.0,0.225,0.0,0.0,0.0
699,51.0,50.0,0.505,0.0,2.0,0.0
700,57.0,25.0,0.695,4.0,5.0,0.444
701,264.0,222.0,0.543,17.0,14.0,0.548
702,316.0,262.0,0.547,11.0,17.0,0.393
703,113.0,143.0,0.441,0.0,2.0,0.0
704,230.0,173.0,0.571,14.0,13.0,0.518
705,114.0,188.0,0.378,2.0,2.0,0.5
706,90.0,54.0,0.625,9.0,3.0,0.75
707,9.0,23.0,0.281,0.0,0.0,0.0
708,27.0,21.0,0.562,1.0,2.0,0.333
709,187.0,85.0,0.688,18.0,8.0,0.692
710,69.0,76.0,0.476,2.0,2.0,0.5
711,126.0,116.0,0.521,7.0,6.0,0.538
712,12.0,20.0,0.375,0.0,0.0,0.0
713,,,,,,
714,40.0,56.0,0.417,0.0,0.0,0.0
715,34.0,13.0,0.719,1.0,3.0,0.25
716,,,,,,
717,48.0,64.0,0.429,1.0,1.0,0.5
718,74.0,41.0,0.643,3.0,4.0,0.429
719,53.0,75.0,0.414,2.0,1.0,0.667
720,3.0,13.0,0.188,0.0,0.0,0.0
721,136.0,154.0,0.469,3.0,6.0,0.333
722,,,,,,
723,116.0,93.0,0.554,6.0,7.0,0.461
724,,,,,,
725,43.0,38.0,0.531,2.0,3.0,0.4
726,90.0,87.0,0.508,6.0,5.0,0.545
727,9.0,8.0,0.529,0.0,1.0,0.0
728,11.0,5.0,0.688,1.0,1.0,0.5
729,277.0,296.0,0.484,8.0,12.0,0.4
730,75.0,88.0,0.46,6.0,3.0,0.667
731,,,,,,
732,184.0,156.0,0.541,8.0,9.0,0.471
733,82.0,78.0,0.512,1.0,3.0,0.25
734,24.0,27.0,0.471,0.0,1.0,0.0
735,83.0,96.0,0.464,1.0,2.0,0.333
736,76.0,53.0,0.589,1.0,5.0,0.167
737,10.0,38.0,0.208,0.0,0.0,0.0
738,88.0,88.0,0.5,3.0,5.0,0.375
739,122.0,123.0,0.498,2.0,3.0,0.4
740,,,,,,
741,13.0,19.0,0.406,0.0,0.0,0.0
742,157.0,210.0,0.428,3.0,5.0,0.375
743,,,,,,
744,80.0,75.0,0.516,8.0,3.0,0.727
745,53.0,43.0,0.552,3.0,3.0,0.5
746,,,,,,
747,5.0,12.0,0.294,0.0,0.0,0.0
748,39.0,41.0,0.487,0.0,1.0,0.0
749,122.0,121.0,0.502,1.0,3.0,0.25
750,195.0,79.0,0.712,20.0,10.0,0.667
751,178.0,160.0,0.526,8.0,8.0,0.5
752,169.0,104.0,0.618,11.0,11.0,0.5
753,177.0,160.0,0.525,10.0,8.0,0.556
754,,,,,,
755,76.0,54.0,0.585,7.0,3.0,0.7
756,6.0,11.0,0.353,0.0,0.0,0.0
757,264.0,240.0,0.524,13.0,15.0,0.464
758,,,,,,
759,83.0,111.0,0.428,0.0,3.0,0.0
760,102.0,109.0,0.483,3.0,3.0,0.5
761,19.0,32.0,0.372,0.0,1.0,0.0
762,265.0,174.0,0.603,11.0,18.0,0.379
763,185.0,159.0,0.538,10.0,6.0,0.625
764,193.0,159.0,0.548,12.0,9.0,0.571
765,,,,,,
766,122.0,149.0,0.45,4.0,5.0,0.444
767,56.0,27.0,0.675,2.0,4.0,0.333
768,18.0,14.0,0.562,4.0,0.0,1.0
769,38.0,42.0,0.475,0.0,2.0,0.0
770,80.0,95.0,0.457,2.0,3.0,0.4
771,10.0,22.0,0.312,0.0,0.0,0.0
772,59.0,37.0,0.615,3.0,5.0,0.375
773,97.0,50.0,0.66,9.0,5.0,0.643
774,72.0,43.0,0.626,3.0,4.0,0.429
775,8.0,9.0,0.471,0.0,0.0,0.0
776,106.0,87.0,0.549,5.0,5.0,0.5
777,98.0,127.0,0.436,2.0,2.0,0.5
778,69.0,43.0,0.616,5.0,3.0,0.625
779,,,,,,
780,198.0,282.0,0.412,6.0,7.0,0.461
781,98.0,109.0,0.474,5.0,3.0,0.625
782,,,,,,
783,76.0,54.0,0.584,7.0,4.0,0.636
784,110.0,165.0,0.4,4.0,3.0,0.571
785,167.0,108.0,0.607,12.0,10.0,0.545
786,22.0,27.0,0.45,1.0,1.0,0.5
787,29.0,19.0,0.604,0.0,2.0,0.0
788,195.0,237.0,0.451,12.0,7.0,0.632
789,79.0,100.0,0.441,4.0,3.0,0.571
790,94.0,133.0,0.414,3.0,4.0,0.429
791,105.0,144.0,0.422,4.0,3.0,0.571
792,32.0,49.0,0.396,0.0,1.0,0.0
793,,,,,,
794,175.0,144.0,0.549,14.0,7.0,0.667
795,319.0,297.0,0.518,23.0,12.0,0.657
796,,,,,,
797,,,,,,
798,102.0,76.0,0.573,5.0,5.0,0.5
799,4.0,13.0,0.235,0.0,0.0,0.0
800,22.0,26.0,0.458,1.0,1.0,0.5
801,151.0,184.0,0.451,2.0,6.0,0.25
802,197.0,170.0,0.537,11.0,10.0,0.524
803,,,,,,
804,4.0,13.0,0.235,0.0,0.0,0.0
805,88.0,90.0,0.494,5.0,6.0,0.455
806,185.0,180.0,0.507,12.0,8.0,0.6
807,,,,,,
808,,,,,,
809,106.0,73.0,0.592,3.0,6.0,0.333
810,10.0,22.0,0.312,0.0,0.0,0.0
811,,,,,,
812,191.0,177.0,0.519,14.0,8.0,0.636
813,2.0,14.0,0.125,0.0,0.0,0.0
814,28.0,38.0,0.424,1.0,1.0,0.5
815,,,,,,
816,254.0,292.0,0.465,11.0,8.0,0.579
817,7.0,10.0,0.412,0.0,0.0,0.0
818,,,,,,
819,97.0,65.0,0.598,7.0,5.0,0.583
820,16.0,16.0,0.5,1.0,1.0,0.5
821,31.0,17.0,0.646,4.0,1.0,0.8
822,35.0,30.0,0.538,5.0,2.0,0.714
823,45.0,35.0,0.562,2.0,2.0,0.5
824,119.0,89.0,0.572,4.0,6.0,0.4
825,76.0,71.0,0.517,3.0,5.0,0.375
826,38.0,10.0,0.792,6.0,2.0,0.75
827,17.0,33.0,0.34,0.0,0.0,0.0
828,66.0,47.0,0.583,0.0,3.0,0.0
829,,,,,,
830,23.0,25.0,0.479,0.0,0.0,0.0
831,16.0,16.0,0.5,0.0,0.0,0.0
832,24.0,9.0,0.727,2.0,2.0,0.5
833,41.0,26.0,0.612,6.0,3.0,0.667
834,8.0,7.0,0.531,0.0,0.0,0.0
835,,,,,,
836,94.0,49.0,0.656,7.0,6.0,0.538
837,0.0,0.0,0.0,0.0,0.0,0.0
838,59.0,101.0,0.369,0.0,0.0,0.0
839,78.0,68.0,0.534,8.0,4.0,0.667
840,54.0,42.0,0.562,2.0,3.0,0.4
841,142.0,179.0,0.443,5.0,6.0,0.455
842,201.0,244.0,0.452,12.0,4.0,0.75
843,253.0,177.0,0.588,16.0,10.0,0.615
844,18.0,16.0,0.529,1.0,1.0,0.5
845,115.0,159.0,0.42,5.0,4.0,0.556
846,197.0,203.0,0.492,12.0,9.0,0.571
847,20.0,12.0,0.625,2.0,1.0,0.667
848,53.0,44.0,0.546,2.0,4.0,0.333
849,13.0,3.0,0.812,1.0,1.0,0.5
850,91.0,104.0,0.467,3.0,5.0,0.375
851,5.0,11.0,0.312,0.0,0.0,0.0
852,5.0,11.0,0.312,0.0,0.0,0.0
853,179.0,144.0,0.554,14.0,8.0,0.636
854,30.0,21.0,0.588,1.0,2.0,0.333
855,157.0,131.0,0.545,5.0,8.0,0.385
856,,,,,,
857,28.0,36.0,0.438,0.0,0.0,0.0
858,40.0,72.0,0.357,0.0,0.0,0.0
859,64.0,83.0,0.435,5.0,2.0,0.714
860,,,,,,
861,16.0,0.0,1.0,2.0,1.0,0.667
862,,,,,,
863,12.0,5.0,0.706,0.0,1.0,0.0
864,,,,,,
865,93.0,147.0,0.388,0.0,1.0,0.0
866,72.0,90.0,0.445,1.0,2.0,0.333
867,39.0,28.0,0.582,0.0,2.0,0.0
868,60.0,52.0,0.536,3.0,3.0,0.5
869,65.0,50.0,0.565,5.0,3.0,0.625
870,29.0,38.0,0.433,0.0,1.0,0.0
871,15.0,17.0,0.469,0.0,0.0,0.0
872,219.0,119.0,0.648,17.0,11.0,0.607
873,55.0,108.0,0.337,0.0,0.0,0.0
874,15.0,19.0,0.441,0.0,1.0,0.0
875,,,,,,
876,194.0,157.0,0.553,16.0,9.0,0.64
877,5.0,12.0,0.294,0.0,0.0,0.0
878,156.0,156.0,0.5,7.0,6.0,0.538
879,164.0,172.0,0.488,3.0,7.0,0.3
880,,,,,,
881,,,,,,
882,228.0,147.0,0.608,9.0,15.0,0.375
883,105.0,154.0,0.405,1.0,1.0,0.5
884,115.0,124.0,0.481,2.0,4.0,0.333
885,135.0,141.0,0.489,8.0,9.0,0.471
886,6.0,11.0,0.353,0.0,0.0,0.0
887,48.0,35.0,0.578,1.0,3.0,0.25
888,87.0,77.0,0.53,1.0,5.0,0.167
889,6.0,11.0,0.353,0.0,0.0,0.0
890,137.0,90.0,0.604,5.0,7.0,0.417
891,206.0,164.0,0.557,23.0,8.0,0.742
892,1.0,15.0,0.062,0.0,0.0,0.0
893,42.0,101.0,0.295,0.0,0.0,0.0
894,13.0,19.0,0.406,0.0,0.0,0.0
895,24.0,25.0,0.49,0.0,0.0,0.0
896,67.0,64.0,0.511,8.0,4.0,0.667
897,38.0,28.0,0.575,2.0,3.0,0.4
898,32.0,50.0,0.392,0.0,1.0,0.0
899,8.0,8.0,0.5,0.0,0.0,0.0
900,9.0,8.0,0.529,1.0,1.0,0.5
901,78.0,97.0,0.446,3.0,3.0,0.5
902,6.0,10.0,0.375,0.0,0.0,0.0
903,197.0,217.0,0.476,5.0,9.0,0.357
904,236.0,179.0,0.569,15.0,10.0,0.6
905,,,,,,
906,114.0,65.0,0.637,3.0,8.0,0.273
907,22.0,42.0,0.344,0.0,0.0,0.0
908,216.0,160.0,0.575,6.0,12.0,0.333
909,21.0,42.0,0.336,0.0,0.0,0.0
910,24.0,9.0,0.727,2.0,2.0,0.5
911,19.0,29.0,0.396,0.0,0.0,0.0
912,10.0,22.0,0.312,0.0,0.0,0.0
913,159.0,146.0,0.521,6.0,8.0,0.429
914,117.0,107.0,0.522,9.0,5.0,0.643
915,67.0,77.0,0.465,0.0,2.0,0.0
916,59.0,53.0,0.527,7.0,3.0,0.7
917,5.0,11.0,0.312,0.0,0.0,0.0
918,11.0,37.0,0.229,0.0,0.0,0.0
919,186.0,168.0,0.525,4.0,8.0,0.333
920,24.0,27.0,0.471,0.0,1.0,0.0
921,19.0,29.0,0.396,0.0,0.0,0.0
922,134.0,76.0,0.637,9.0,5.0,0.643
923,53.0,42.0,0.557,3.0,3.0,0.5
924,246.0,201.0,0.55,8.0,13.0,0.381
925,7.0,9.0,0.438,0.0,0.0,0.0
926,97.0,95.0,0.505,8.0,5.0,0.615
927,72.0,88.0,0.45,1.0,1.0,0.5
928,,,,,,
929,23.0,11.0,0.677,1.0,2.0,0.333
930,59.0,53.0,0.527,2.0,4.0,0.333
931,,,,,,
932,222.0,169.0,0.568,12.0,10.0,0.545
933,27.0,37.0,0.422,0.0,0.0,0.0
934,20.0,12.0,0.625,0.0,1.0,0.0
935,48.0,35.0,0.578,1.0,3.0,0.25
936,35.0,45.0,0.438,0.0,0.0,0.0
937,196.0,190.0,0.508,9.0,7.0,0.562
938,54.0,45.0,0.545,2.0,3.0,0.4
939,171.0,184.0,0.482,10.0,7.0,0.588
940,24.0,43.0,0.358,0.0,0.0,0.0
941,81.0,66.0,0.551,4.0,5.0,0.444
942,203.0,195.0,0.51,13.0,9.0,0.591
943,19.0,29.0,0.396,0.0,0.0,0.0
944,133.0,106.0,0.556,7.0,7.0,0.5
945,60.0,50.0,0.545,5.0,4.0,0.556
946,85.0,61.0,0.582,5.0,5.0,0.5
947,,,,,,
948,158.0,165.0,0.489,4.0,8.0,0.333
949,82.0,81.0,0.503,4.0,4.0,0.5
950,102.0,157.0,0.394,1.0,3.0,0.25
951,75.0,95.0,0.442,1.0,2.0,0.333
952,,,,,,
953,24.0,40.0,0.375,2.0,1.0,0.667
954,9.0,8.0,0.529,1.0,1.0,0.5
955,,,,,,
956,,,,,,
957,,,,,,
958,40.0,24.0,0.625,1.0,2.0,0.333
959,22.0,27.0,0.449,0.0,2.0,0.0
960,37.0,30.0,0.552,0.0,2.0,0.0
961,58.0,72.0,0.447,0.0,1.0,0.0
962,30.0,31.0,0.492,1.0,1.0,0.5
963,7.0,10.0,0.412,0.0,0.0,0.0
964,8.0,23.0,0.266,0.0,0.0,0.0
965,110.0,84.0,0.567,3.0,5.0,0.375
966,29.0,37.0,0.44,2.0,1.0,0.667
967,,,,,,
968,101.0,123.0,0.451,6.0,3.0,0.667
969,,,,,,
970,73.0,56.0,0.566,6.0,1.0,0.857
971,39.0,44.0,0.47,0.0,1.0,0.0
972,228.0,271.0,0.457,13.0,9.0,0.591
973,69.0,107.0,0.392,1.0,2.0,0.333
974,14.0,34.0,0.292,0.0,0.0,0.0
975,21.0,45.0,0.321,1.0,1.0,0.5
976,183.0,121.0,0.602,11.0,12.0,0.478
977,85.0,78.0,0.521,3.0,5.0,0.375
978,,,,,,
979,26.0,23.0,0.53,2.0,2.0,0.5
980,15.0,17.0,0.469,0.0,0.0,0.0
981,56.0,74.0,0.431,2.0,3.0,0.4
982,283.0,193.0,0.594,14.0,16.0,0.467
983,241.0,177.0,0.577,29.0,12.0,0.707
984,20.0,28.0,0.417,0.0,0.0,0.0
985,228.0,187.0,0.549,16.0,15.0,0.516
986,37.0,44.0,0.457,5.0,2.0,0.714
987,212.0,158.0,0.573,12.0,13.0,0.48
988,11.0,6.0,0.647,4.0,0.0,1.0
989,,,,,,
990,108.0,177.0,0.38,3.0,3.0,0.5
991,61.0,66.0,0.48,4.0,2.0,0.667
992,139.0,130.0,0.517,6.0,7.0,0.461
993,38.0,26.0,0.594,1.0,3.0,0.25
994,3.0,13.0,0.188,0.0,0.0,0.0
995,,,,,,
996,29.0,37.0,0.44,2.0,1.0,0.667
997,65.0,113.0,0.366,0.0,1.0,0.0
998,25.0,26.0,0.49,0.0,1.0,0.0
999,202.0,167.0,0.547,11.0,12.0,0.478
1000,81.0,103.0,0.44,2.0,3.0,0.4
1001,15.0,33.0,0.312,0.0,0.0,0.0
1002,81.0,175.0,0.316,0.0,2.0,0.0
1003,87.0,123.0,0.415,1.0,3.0,0.25
1004,53.0,43.0,0.552,0.0,2.0,0.0
1005,,,,,,
1006,48.0,48.0,0.5,1.0,3.0,0.25
1007,29.0,33.0,0.469,0.0,2.0,0.0
1008,57.0,58.0,0.496,1.0,2.0,0.333
1009,25.0,39.0,0.391,0.0,1.0,0.0
1010,71.0,74.0,0.49,1.0,2.0,0.333
1011,49.0,50.0,0.495,0.0,2.0,0.0
1012,12.0,20.0,0.375,0.0,0.0,0.0
1013,16.0,48.0,0.25,0.0,0.0,0.0
1014,36.0,78.0,0.317,0.0,0.0,0.0
1015,94.0,81.0,0.537,0.0,4.0,0.0
1016,177.0,178.0,0.499,5.0,6.0,0.455
1017,45.0,35.0,0.562,0.0,2.0,0.0
1018,31.0,20.0,0.608,1.0,2.0,0.333
1019,48.0,51.0,0.485,0.0,2.0,0.0
1020,63.0,81.0,0.438,4.0,1.0,0.8
1021,124.0,53.0,0.699,17.0,7.0,0.708
1022,35.0,45.0,0.438,0.0,1.0,0.0
1023,153.0,231.0,0.398,10.0,3.0,0.769
1024,91.0,100.0,0.477,3.0,4.0,0.429
1025,24.0,26.0,0.48,2.0,1.0,0.667
1026,105.0,87.0,0.547,3.0,5.0,0.375
1027,12.0,20.0,0.375,0.0,0.0,0.0
1028,91.0,86.0,0.514,3.0,4.0,0.429
1029,101.0,154.0,0.396,2.0,3.0,0.4
1030,,,,,,
1031,74.0,24.0,0.755,15.0,3.0,0.833
1032,,,,,,
1033,53.0,46.0,0.535,2.0,3.0,0.4
1034,17.0,15.0,0.531,0.0,0.0,0.0
1035,10.0,6.0,0.625,0.0,1.0,0.0
1036,,,,,,
1037,12.0,22.0,0.353,0.0,0.0,0.0
1038,67.0,157.0,0.299,2.0,1.0,0.667
1039,75.0,55.0,0.576,4.0,5.0,0.444
1040,30.0,21.0,0.588,1.0,2.0,0.333
1041,93.0,99.0,0.484,3.0,2.0,0.6
1042,249.0,238.0,0.511,12.0,15.0,0.444
1043,163.0,146.0,0.527,11.0,8.0,0.579
1044,150.0,93.0,0.617,8.0,7.0,0.533
1045,300.0,315.0,0.488,8.0,13.0,0.381
1046,75.0,69.0,0.521,0.0,2.0,0.0
1047,113.0,97.0,0.538,4.0,7.0,0.364
1048,9.0,8.0,0.529,0.0,0.0,0.0
1049,39.0,44.0,0.47,2.0,1.0,0.667
1050,243.0,127.0,0.657,23.0,13.0,0.639
1051,,,,,,
1052,4.0,12.0,0.25,0.0,0.0,0.0
1053,108.0,132.0,0.45,1.0,3.0,0.25
1054,12.0,5.0,0.706,0.0,1.0,0.0
1055,48.0,35.0,0.578,6.0,3.0,0.667
1056,56.0,27.0,0.675,3.0,4.0,0.429
1057,67.0,45.0,0.598,4.0,5.0,0.444
1058,142.0,116.0,0.55,14.0,8.0,0.636
1059,5.0,11.0,0.312,0.0,0.0,0.0
1060,73.0,74.0,0.497,0.0,3.0,0.0
1061,17.0,47.0,0.266,0.0,0.0,0.0
1062,15.0,17.0,0.469,0.0,1.0,0.0
1063,102.0,103.0,0.498,0.0,6.0,0.0
1064,0.0,0.0,0.0,0.0,0.0,0.0
1065,61.0,114.0,0.349,0.0,0.0,0.0
1066,148.0,188.0,0.44,9.0,7.0,0.562
1067,156.0,150.0,0.51,3.0,6.0,0.333
1068,114.0,128.0,0.471,2.0,4.0,0.333
1069,202.0,185.0,0.522,9.0,12.0,0.429
1070,16.0,48.0,0.25,0.0,0.0,0.0
1071,126.0,117.0,0.518,8.0,7.0,0.533
1072,9.0,7.0,0.562,2.0,1.0,0.667
1073,153.0,170.0,0.474,8.0,7.0,0.533
1074,30.0,37.0,0.448,0.0,1.0,0.0
1075,7.0,9.0,0.438,0.0,0.0,0.0
1076,166.0,151.0,0.523,1.0,8.0,0.111
1077,119.0,105.0,0.531,3.0,6.0,0.333
1078,,,,,,
1079,75.0,40.0,0.652,2.0,5.0,0.286
1080,33.0,47.0,0.412,1.0,1.0,0.5
1081,75.0,85.0,0.469,1.0,3.0,0.25
1082,35.0,16.0,0.686,6.0,3.0,0.667
1083,34.0,33.0,0.507,1.0,1.0,0.5
1084,39.0,57.0,0.406,0.0,1.0,0.0
1085,129.0,159.0,0.448,3.0,5.0,0.375
1086,135.0,188.0,0.418,5.0,5.0,0.5
1087,,,,,,
1088,12.0,5.0,0.706,0.0,1.0,0.0
1089,17.0,34.0,0.333,0.0,0.0,0.0
1090,47.0,82.0,0.364,0.0,1.0,0.0
1091,63.0,49.0,0.562,2.0,3.0,0.4
1092,34.0,17.0,0.667,2.0,3.0,0.4
1093,,,,,,
1094,,,,,,
1095,,,,,,
1096,158.0,116.0,0.576,11.0,8.0,0.579
1097,91.0,69.0,0.569,5.0,3.0,0.625
1098,88.0,55.0,0.615,8.0,3.0,0.727
1099,62.0,34.0,0.646,4.0,6.0,0.4
1100,130.0,96.0,0.575,4.0,6.0,0.4
1101,192.0,211.0,0.476,8.0,7.0,0.533
1102,79.0,52.0,0.603,8.0,3.0,0.727
1103,49.0,47.0,0.51,5.0,2.0,0.714
1104,89.0,89.0,0.5,2.0,4.0,0.333
1105,23.0,11.0,0.677,1.0,2.0,0.333
1106,226.0,97.0,0.7,24.0,10.0,0.706
1107,9.0,23.0,0.281,0.0,0.0,0.0
1108,,,,,,
1109,76.0,87.0,0.466,2.0,3.0,0.4
1110,21.0,27.0,0.438,0.0,0.0,0.0
1111,31.0,49.0,0.388,0.0,0.0,0.0
1112,89.0,102.0,0.466,1.0,4.0,0.2
1113,119.0,153.0,0.438,4.0,5.0,0.444
1114,54.0,25.0,0.681,3.0,4.0,0.429
1115,108.0,103.0,0.512,6.0,5.0,0.545
1116,151.0,214.0,0.414,7.0,1.0,0.875
1117,,,,,,
1118,23.0,11.0,0.677,1.0,2.0,0.333
1119,120.0,140.0,0.461,3.0,5.0,0.375
1120,9.0,8.0,0.529,0.0,1.0,0.0
1121,,,,,,
1122,8.0,9.0,0.471,0.0,0.0,0.0
1123,11.0,37.0,0.229,0.0,0.0,0.0
1124,113.0,162.0,0.411,1.0,4.0,0.2
1125,183.0,185.0,0.497,11.0,9.0,0.55
1126,183.0,264.0,0.409,1.0,4.0,0.2
1127,29.0,19.0,0.604,2.0,3.0,0.4
1128,216.0,202.0,0.517,11.0,9.0,0.55
1129,28.0,21.0,0.571,4.0,1.0,0.8
1130,126.0,99.0,0.56,3.0,10.0,0.231
1131,77.0,117.0,0.397,2.0,2.0,0.5
1132,9.0,23.0,0.281,0.0,0.0,0.0
1133,20.0,12.0,0.625,3.0,0.0,1.0
1134,34.0,30.0,0.531,1.0,1.0,0.5
1135,104.0,88.0,0.542,4.0,7.0,0.364
1136,3.0,13.0,0.206,0.0,0.0,0.0
1137,30.0,37.0,0.448,0.0,1.0,0.0
1138,102.0,122.0,0.455,4.0,5.0,0.444
1139,56.0,43.0,0.566,2.0,4.0,0.333
1140,9.0,23.0,0.281,0.0,0.0,0.0
1141,95.0,97.0,0.495,1.0,4.0,0.2
1142,,,,,,
1143,3.0,13.0,0.188,0.0,0.0,0.0
1144,21.0,12.0,0.636,2.0,1.0,0.667
1145,17.0,15.0,0.531,1.0,1.0,0.5
1146,,,,,,
1147,,,,,,
1148,4.0,13.0,0.235,0.0,0.0,0.0
1149,181.0,250.0,0.42,6.0,5.0,0.545
1150,86.0,74.0,0.537,3.0,5.0,0.375
1151,,,,,,
1152,69.0,75.0,0.479,3.0,3.0,0.5
1153,169.0,153.0,0.525,10.0,9.0,0.526
1154,29.0,18.0,0.615,2.0,2.0,0.5
1155,76.0,68.0,0.528,4.0,5.0,0.444
1156,,,,,,
1157,,,,,,
1158,118.0,122.0,0.492,4.0,6.0,0.4
1159,84.0,30.0,0.737,15.0,4.0,0.789
1160,122.0,158.0,0.436,6.0,2.0,0.75
1161,,,,,,
1162,45.0,67.0,0.402,2.0,2.0,0.5
1163,101.0,75.0,0.574,6.0,4.0,0.6
1164,49.0,34.0,0.59,1.0,4.0,0.2
1165,,,,,,
1166,7.0,8.0,0.469,0.0,0.0,0.0
1167,4.0,12.0,0.25,0.0,0.0,0.0
1168,186.0,236.0,0.441,1.0,8.0,0.111
1169,91.0,37.0,0.711,7.0,6.0,0.538
1170,40.0,24.0,0.625,5.0,2.0,0.714
1171,156.0,182.0,0.462,1.0,5.0,0.167
1172,180.0,132.0,0.576,15.0,8.0,0.652
1173,211.0,159.0,0.57,24.0,8.0,0.75
1174,108.0,71.0,0.603,9.0,6.0,0.6
1175,10.0,23.0,0.303,0.0,0.0,0.0
1176,,,,,,
1177,,,,,,
1178,,,,,,
1179,58.0,41.0,0.586,3.0,4.0,0.429
1180,12.0,30.0,0.286,0.0,0.0,0.0
1181,30.0,18.0,0.625,3.0,3.0,0.5
1182,,,,,,
1183,130.0,128.0,0.504,8.0,5.0,0.615
1184,154.0,87.0,0.638,10.0,11.0,0.476
1185,219.0,131.0,0.625,20.0,11.0,0.645
1186,152.0,167.0,0.476,9.0,7.0,0.562
1187,10.0,7.0,0.588,1.0,1.0,0.5
1188,3.0,14.0,0.176,0.0,0.0,0.0
1189,,,,,,
1190,14.0,34.0,0.292,0.0,0.0,0.0
1191,74.0,104.0,0.416,0.0,2.0,0.0
1192,51.0,78.0,0.397,0.0,1.0,0.0
1193,11.0,53.0,0.172,0.0,0.0,0.0
1194,9.0,8.0,0.529,0.0,0.0,0.0
1195,13.0,3.0,0.812,1.0,1.0,0.5
1196,35.0,45.0,0.438,0.0,1.0,0.0
1197,24.0,56.0,0.3,1.0,1.0,0.5
1198,140.0,165.0,0.459,2.0,6.0,0.25
1199,26.0,76.0,0.255,0.0,0.0,0.0
1200,20.0,12.0,0.625,4.0,2.0,0.667
1201,61.0,53.0,0.535,2.0,4.0,0.333
1202,90.0,85.0,0.514,3.0,3.0,0.5
1203,15.0,49.0,0.234,0.0,0.0,0.0
1204,,,,,,
1205,83.0,158.0,0.345,0.0,1.0,0.0
1206,83.0,96.0,0.464,7.0,3.0,0.7
1207,215.0,185.0,0.537,11.0,11.0,0.5
1208,14.0,34.0,0.292,0.0,0.0,0.0
1209,43.0,55.0,0.439,1.0,2.0,0.333
1210,43.0,55.0,0.439,1.0,2.0,0.333
1211,131.0,125.0,0.512,2.0,7.0,0.222
1212,13.0,21.0,0.382,0.0,0.0,0.0
1213,27.0,36.0,0.43,0.0,0.0,0.0
1214,86.0,104.0,0.453,0.0,5.0,0.0
1215,49.0,77.0,0.391,2.0,1.0,0.667
1216,,,,,,
1217,12.0,5.0,0.706,2.0,1.0,0.667
1218,21.0,30.0,0.412,0.0,0.0,0.0
1219,61.0,51.0,0.545,1.0,3.0,0.25
1220,,,,,,
1221,8.0,8.0,0.5,0.0,0.0,0.0
1222,31.0,33.0,0.484,1.0,2.0,0.333
1223,12.0,5.0,0.706,2.0,1.0,0.667
1224,283.0,241.0,0.539,9.0,16.0,0.36
1225,160.0,190.0,0.457,3.0,7.0,0.3
1226,251.0,248.0,0.503,13.0,11.0,0.542
1227,59.0,56.0,0.513,0.0,2.0,0.0
1228,,,,,,
1229,18.0,46.0,0.281,0.0,0.0,0.0
1230,151.0,153.0,0.497,10.0,5.0,0.667
1231,128.0,130.0,0.496,8.0,5.0,0.615
1232,132.0,94.0,0.584,9.0,7.0,0.562
1233,146.0,110.0,0.57,5.0,9.0,0.357
1234,9.0,7.0,0.562,0.0,0.0,0.0
1235,88.0,59.0,0.599,3.0,4.0,0.429
1236,30.0,35.0,0.461,2.0,1.0,0.667
1237,186.0,156.0,0.544,10.0,9.0,0.526
1238,,,,,,
1239,45.0,38.0,0.542,2.0,3.0,0.4
1240,21.0,26.0,0.447,0.0,1.0,0.0
1241,118.0,154.0,0.434,3.0,5.0,0.375
1242,18.0,16.0,0.529,0.0,1.0,0.0
1243,67.0,48.0,0.583,6.0,3.0,0.667
1244,42.0,23.0,0.646,8.0,1.0,0.889
1245,,,,,,
1246,75.0,104.0,0.419,0.0,2.0,0.0
1247,,,,,,
1248,,,,,,
1249,6.0,10.0,0.375,0.0,0.0,0.0
1250,42.0,38.0,0.525,3.0,2.0,0.6
1251,62.0,66.0,0.484,1.0,2.0,0.333
1252,51.0,62.0,0.452,0.0,2.0,0.0
1253,113.0,145.0,0.438,7.0,5.0,0.583
1254,50.0,63.0,0.443,1.0,2.0,0.333
1255,63.0,50.0,0.557,2.0,3.0,0.4
1256,29.0,19.0,0.604,3.0,1.0,0.75
1257,46.0,34.0,0.575,1.0,2.0,0.333
1258,103.0,106.0,0.493,3.0,5.0,0.375
1259,151.0,125.0,0.547,11.0,7.0,0.611
1260,156.0,211.0,0.425,1.0,4.0,0.2
1261,93.0,86.0,0.52,8.0,5.0,0.615
1262,121.0,104.0,0.538,11.0,7.0,0.611
1263,5.0,12.0,0.294,0.0,0.0,0.0
1264,176.0,210.0,0.456,3.0,7.0,0.3
1265,56.0,73.0,0.434,0.0,2.0,0.0
1266,43.0,21.0,0.672,7.0,1.0,0.875
1267,6.0,11.0,0.353,0.0,0.0,0.0
1268,234.0,260.0,0.474,4.0,9.0,0.308
1269,100.0,59.0,0.628,5.0,8.0,0.385
1270,45.0,38.0,0.542,2.0,3.0,0.4
1271,,,,,,
1272,69.0,93.0,0.426,3.0,2.0,0.6
1273,211.0,189.0,0.527,11.0,10.0,0.524
1274,,,,,,
1275,9.0,23.0,0.281,0.0,0.0,0.0
1276,132.0,140.0,0.485,4.0,4.0,0.5
1277,131.0,122.0,0.518,0.0,7.0,0.0
1278,315.0,282.0,0.527,16.0,16.0,0.5
1279,161.0,143.0,0.53,15.0,8.0,0.652
1280,210.0,126.0,0.624,8.0,16.0,0.333
1281,74.0,54.0,0.578,1.0,3.0,0.25
1282,,,,,,
1283,151.0,106.0,0.587,9.0,9.0,0.5
1284,202.0,238.0,0.459,8.0,7.0,0.533
1285,12.0,20.0,0.375,0.0,0.0,0.0
1286,1.0,15.0,0.062,0.0,0.0,0.0
1287,109.0,163.0,0.401,5.0,4.0,0.556
1288,25.0,23.0,0.521,0.0,1.0,0.0
1289,50.0,47.0,0.515,1.0,2.0,0.333
1290,,,,,,
1291,4.0,13.0,0.235,0.0,0.0,0.0
1292,6.0,10.0,0.375,0.0,0.0,0.0
1293,28.0,39.0,0.418,0.0,1.0,0.0
1294,57.0,41.0,0.582,3.0,3.0,0.5
1295,7.0,9.0,0.438,0.0,0.0,0.0
1296,19.0,13.0,0.594,0.0,2.0,0.0
1297,134.0,138.0,0.493,6.0,5.0,0.545
1298,93.0,83.0,0.528,3.0,4.0,0.429
1299,175.0,177.0,0.497,5.0,6.0,0.455
1300,98.0,209.0,0.319,0.0,3.0,0.0
1301,23.0,8.0,0.734,4.0,2.0,0.667
1302,96.0,54.0,0.638,9.0,6.0,0.6
1303,115.0,63.0,0.645,12.0,8.0,0.6
1304,58.0,54.0,0.518,3.0,3.0,0.5
1305,,,,,,
1306,25.0,9.0,0.735,7.0,0.0,1.0
1307,93.0,118.0,0.441,1.0,2.0,0.333
1308,27.0,21.0,0.562,1.0,1.0,0.5
1309,28.0,35.0,0.445,2.0,2.0,0.5
1310,165.0,138.0,0.544,10.0,7.0,0.588
1311,67.0,61.0,0.523,3.0,4.0,0.429
1312,14.0,20.0,0.412,0.0,0.0,0.0
1313,54.0,42.0,0.562,5.0,2.0,0.714
1314,9.0,8.0,0.529,0.0,0.0,0.0
1315,,,,,,
1316,11.0,5.0,0.688,0.0,1.0,0.0
1317,276.0,239.0,0.536,15.0,9.0,0.625
1318,64.0,67.0,0.488,3.0,3.0,0.5
1319,201.0,166.0,0.548,10.0,8.0,0.556
1320,55.0,41.0,0.573,3.0,3.0,0.5
1321,23.0,28.0,0.451,0.0,1.0,0.0
1322,34.0,17.0,0.667,2.0,3.0,0.4
1323,151.0,298.0,0.337,1.0,2.0,0.333
1324,13.0,36.0,0.265,0.0,0.0,0.0
1325,,,,,,
1326,,,,,,
1327,187.0,102.0,0.647,19.0,11.0,0.633
1328,165.0,126.0,0.567,8.0,10.0,0.444
1329,19.0,32.0,0.372,0.0,0.0,0.0
1330,71.0,41.0,0.634,6.0,4.0,0.6
1331,,,,,,
1332,,,,,,
1333,208.0,195.0,0.516,9.0,10.0,0.474
1334,47.0,33.0,0.585,0.0,2.0,0.0
1335,57.0,57.0,0.5,5.0,1.0,0.833
1336,14.0,20.0,0.412,0.0,0.0,0.0
1337,112.0,112.0,0.5,1.0,6.0,0.143
1338,41.0,25.0,0.621,1.0,2.0,0.333
1339,95.0,65.0,0.594,5.0,4.0,0.556
1340,13.0,4.0,0.765,1.0,1.0,0.5
1341,48.0,35.0,0.578,2.0,4.0,0.333
1342,67.0,64.0,0.511,3.0,4.0,0.429
1343,5.0,10.0,0.344,0.0,0.0,0.0
1344,123.0,120.0,0.506,4.0,6.0,0.4
1345,85.0,109.0,0.439,0.0,2.0,0.0
1346,36.0,29.0,0.554,0.0,1.0,0.0
1347,199.0,185.0,0.518,10.0,11.0,0.476
1348,218.0,204.0,0.517,18.0,8.0,0.692
1349,92.0,117.0,0.441,1.0,4.0,0.2
1350,103.0,76.0,0.575,13.0,3.0,0.812
1351,56.0,56.0,0.5,2.0,4.0,0.333
1352,25.0,26.0,0.49,0.0,1.0,0.0
1353,24.0,40.0,0.375,0.0,0.0,0.0
1354,,,,,,
1355,60.0,69.0,0.465,2.0,4.0,0.333
1356,43.0,69.0,0.384,3.0,3.0,0.5
1357,,,,,,
1358,14.0,3.0,0.823,2.0,1.0,0.667
1359,112.0,160.0,0.412,3.0,2.0,0.6
1360,44.0,20.0,0.688,1.0,3.0,0.25
1361,42.0,73.0,0.365,0.0,0.0,0.0
1362,53.0,43.0,0.552,3.0,3.0,0.5
1363,,,,,,
1364,,,,,,
1365,33.0,15.0,0.688,1.0,2.0,0.333
1366,,,,,,
1367,104.0,115.0,0.475,4.0,4.0,0.5
1368,,,,,,
1369,298.0,182.0,0.621,28.0,11.0,0.718
1370,149.0,182.0,0.45,3.0,7.0,0.3
1371,121.0,98.0,0.552,3.0,7.0,0.3
1372,30.0,51.0,0.37,0.0,1.0,0.0
1373,57.0,74.0,0.435,0.0,1.0,0.0
1374,29.0,35.0,0.453,0.0,0.0,0.0
1375,,,,,,
1376,260.0,291.0,0.472,2.0,10.0,0.167
1377,232.0,118.0,0.662,20.0,13.0,0.606
1378,48.0,113.0,0.298,3.0,2.0,0.6
1379,30.0,20.0,0.6,1.0,2.0,0.333
1380,59.0,23.0,0.72,11.0,2.0,0.846
1381,75.0,152.0,0.33,2.0,2.0,0.5
1382,,,,,,
1383,86.0,71.0,0.548,5.0,7.0,0.417
1384,21.0,30.0,0.412,1.0,1.0,0.5
1385,19.0,14.0,0.576,0.0,0.0,0.0
1386,,,,,,
1387,85.0,93.0,0.478,2.0,4.0,0.333
1388,221.0,177.0,0.555,15.0,12.0,0.556
1389,24.0,27.0,0.471,0.0,1.0,0.0
1390,67.0,45.0,0.598,0.0,4.0,0.0
1391,99.0,112.0,0.469,1.0,4.0,0.2
1392,39.0,42.0,0.481,4.0,2.0,0.667
1393,93.0,147.0,0.388,1.0,2.0,0.333
1394,180.0,156.0,0.536,10.0,8.0,0.556
1395,215.0,152.0,0.585,13.0,11.0,0.542
1396,9.0,7.0,0.562,0.0,1.0,0.0
1397,178.0,190.0,0.484,9.0,6.0,0.6
1398,45.0,51.0,0.469,4.0,2.0,0.667
1399,,,,,,
1400,19.0,76.0,0.203,0.0,0.0,0.0
1401,226.0,159.0,0.587,11.0,12.0,0.478
1402,8.0,8.0,0.5,0.0,0.0,0.0
1403,10.0,24.0,0.294,0.0,0.0,0.0
1404,,,,,,
1405,71.0,60.0,0.542,1.0,3.0,0.25
1406,145.0,110.0,0.568,14.0,8.0,0.636
1407,42.0,22.0,0.656,1.0,3.0,0.25
1408,66.0,81.0,0.449,3.0,1.0,0.75
1409,10.0,7.0,0.588,1.0,1.0,0.5
1410,272.0,241.0,0.53,15.0,11.0,0.577
1411,321.0,270.0,0.543,12.0,16.0,0.429
1412,130.0,126.0,0.508,5.0,7.0,0.417
1413,,,,,,
1414,56.0,73.0,0.435,2.0,2.0,0.5
1415,57.0,55.0,0.509,3.0,4.0,0.429
1416,84.0,108.0,0.438,1.0,2.0,0.333
1417,,,,,,
1418,,,,,,
1419,,,,,,
1420,145.0,127.0,0.533,4.0,6.0,0.4
1421,171.0,174.0,0.496,4.0,10.0,0.286
1422,228.0,247.0,0.48,9.0,10.0,0.474
1423,80.0,64.0,0.556,9.0,4.0,0.692
1424,2.0,14.0,0.125,0.0,0.0,0.0
1425,32.0,16.0,0.667,1.0,2.0,0.333
1426,29.0,20.0,0.592,4.0,2.0,0.667
1427,42.0,40.0,0.512,6.0,1.0,0.857
1428,,,,,,
1429,29.0,35.0,0.453,0.0,0.0,0.0
1430,91.0,70.0,0.565,6.0,4.0,0.6
1431,59.0,69.0,0.461,0.0,2.0,0.0
1432,82.0,93.0,0.469,2.0,2.0,0.5
1433,34.0,68.0,0.336,0.0,0.0,0.0
1434,112.0,95.0,0.541,4.0,4.0,0.5
1435,154.0,199.0,0.436,2.0,5.0,0.286
1436,58.0,70.0,0.453,1.0,2.0,0.333
1437,4.0,12.0,0.25,0.0,0.0,0.0
1438,230.0,171.0,0.573,11.0,11.0,0.5
1439,66.0,47.0,0.583,4.0,5.0,0.444
1440,162.0,96.0,0.628,13.0,9.0,0.591
1441,257.0,210.0,0.55,18.0,11.0,0.621
1442,107.0,143.0,0.428,2.0,3.0,0.4
1443,23.0,57.0,0.287,0.0,0.0,0.0
1444,244.0,254.0,0.49,16.0,8.0,0.667
1445,175.0,180.0,0.493,3.0,4.0,0.429
1446,235.0,228.0,0.508,9.0,13.0,0.409
1447,62.0,35.0,0.639,4.0,5.0,0.444
1448,208.0,191.0,0.521,3.0,10.0,0.231
1449,24.0,26.0,0.48,1.0,1.0,0.5
1450,218.0,266.0,0.45,12.0,6.0,0.667
1451,165.0,185.0,0.471,6.0,8.0,0.429
1452,187.0,180.0,0.51,11.0,7.0,0.611
1453,32.0,48.0,0.4,0.0,1.0,0.0
1454,241.0,213.0,0.531,15.0,15.0,0.5
1455,36.0,11.0,0.76,6.0,2.0,0.75
1456,123.0,134.0,0.479,6.0,7.0,0.461
1457,4.0,13.0,0.235,0.0,0.0,0.0
1458,31.0,35.0,0.47,0.0,0.0,0.0
1459,55.0,41.0,0.573,2.0,3.0,0.4
1460,158.0,114.0,0.581,9.0,6.0,0.6
1461,,,,,,
1462,37.0,44.0,0.457,5.0,2.0,0.714
1463,178.0,158.0,0.53,12.0,7.0,0.632
1464,12.0,20.0,0.375,0.0,0.0,0.0
1465,72.0,58.0,0.553,2.0,4.0,0.333
1466,,,,,,
1467,78.0,53.0,0.595,5.0,5.0,0.5
1468,24.0,9.0,0.727,2.0,2.0,0.5
1469,,,,,,
1470,14.0,20.0,0.412,0.0,0.0,0.0
1471,65.0,110.0,0.372,0.0,2.0,0.0
1472,64.0,115.0,0.357,0.0,2.0,0.0
1473,19.0,13.0,0.594,2.0,1.0,0.667
1474,,,,,,
1475,,,,,,
1476,67.0,77.0,0.465,2.0,2.0,0.5
1477,37.0,44.0,0.457,5.0,2.0,0.714
1478,,,,,,
1479,,,,,,
1480,234.0,286.0,0.45,7.0,8.0,0.467
1481,32.0,35.0,0.478,0.0,1.0,0.0
1482,147.0,156.0,0.485,10.0,7.0,0.588
1483,50.0,33.0,0.602,1.0,2.0,0.333
1484,158.0,180.0,0.468,7.0,9.0,0.438
1485,107.0,117.0,0.478,2.0,3.0,0.4
1486,32.0,34.0,0.485,0.0,0.0,0.0
1487,77.0,68.0,0.531,4.0,5.0,0.444
1488,47.0,52.0,0.475,1.0,2.0,0.333
1489,,,,,,
1490,22.0,26.0,0.458,0.0,1.0,0.0
1491,11.0,6.0,0.647,0.0,1.0,0.0
1492,4.0,12.0,0.25,0.0,0.0,0.0
1493,25.0,26.0,0.49,0.0,1.0,0.0
1494,172.0,177.0,0.493,13.0,7.0,0.65
1495,171.0,186.0,0.479,8.0,6.0,0.571
1496,164.0,267.0,0.38,1.0,6.0,0.143
1497,46.0,21.0,0.687,7.0,4.0,0.636
1498,35.0,16.0,0.686,6.0,3.0,0.667
1499,71.0,105.0,0.403,4.0,2.0,0.667
1500,12.0,5.0,0.706,2.0,1.0,0.667
1501,6.0,10.0,0.375,0.0,0.0,0.0
1502,19.0,28.0,0.406,0.0,0.0,0.0
1503,32.0,64.0,0.333,0.0,0.0,0.0
1504,42.0,54.0,0.438,5.0,2.0,0.714
1505,94.0,99.0,0.487,1.0,3.0,0.25
1506,175.0,240.0,0.422,6.0,9.0,0.4
1507,,,,,,
1508,86.0,45.0,0.657,3.0,5.0,0.375
1509,27.0,21.0,0.562,0.0,1.0,0.0
1510,105.0,106.0,0.498,4.0,5.0,0.444
1511,456.0,317.0,0.589,22.0,28.0,0.44
1512,21.0,27.0,0.438,3.0,0.0,1.0
1513,94.0,84.0,0.528,9.0,4.0,0.692
1514,123.0,119.0,0.508,5.0,6.0,0.455
1515,10.0,22.0,0.312,0.0,0.0,0.0
1516,40.0,42.0,0.488,2.0,2.0,0.5
1517,47.0,33.0,0.588,0.0,2.0,0.0
1518,58.0,54.0,0.518,1.0,3.0,0.25
1519,35.0,46.0,0.432,1.0,1.0,0.5
1520,13.0,20.0,0.397,0.0,0.0,0.0
1521,173.0,145.0,0.544,5.0,11.0,0.312
1522,155.0,196.0,0.442,3.0,4.0,0.429
1523,7.0,24.0,0.234,0.0,0.0,0.0
1524,7.0,10.0,0.412,0.0,0.0,0.0
1525,25.0,23.0,0.521,0.0,1.0,0.0
1526,4.0,12.0,0.25,0.0,0.0,0.0
1527,88.0,107.0,0.451,0.0,3.0,0.0
1528,80.0,131.0,0.379,0.0,0.0,0.0
1529,,,,,,
1530,119.0,102.0,0.538,5.0,6.0,0.455
1531,43.0,56.0,0.434,0.0,1.0,0.0
1532,167.0,171.0,0.494,4.0,7.0,0.364
1533,6.0,10.0,0.375,0.0,0.0,0.0
1534,38.0,58.0,0.396,0.0,2.0,0.0
1535,34.0,46.0,0.425,3.0,1.0,0.75
1536,26.0,40.0,0.395,0.0,1.0,0.0
1537,4.0,12.0,0.25,0.0,0.0,0.0
1538,161.0,111.0,0.592,12.0,11.0,0.522
1539,31.0,33.0,0.484,0.0,1.0,0.0
1540,79.0,51.0,0.608,5.0,6.0,0.455
1541,196.0,155.0,0.558,14.0,10.0,0.583
1542,168.0,200.0,0.457,4.0,8.0,0.333
1543,139.0,164.0,0.459,0.0,3.0,0.0
1544,296.0,245.0,0.547,22.0,13.0,0.629
1545,97.0,125.0,0.437,0.0,3.0,0.0
1546,69.0,30.0,0.697,10.0,5.0,0.667
1547,12.0,20.0,0.375,0.0,0.0,0.0
1548,10.0,22.0,0.312,0.0,0.0,0.0
1549,30.0,34.0,0.469,0.0,1.0,0.0
1550,14.0,34.0,0.292,0.0,0.0,0.0
1551,88.0,57.0,0.606,6.0,4.0,0.6
1552,184.0,182.0,0.503,5.0,8.0,0.385
1553,148.0,219.0,0.404,3.0,5.0,0.375
1554,45.0,37.0,0.549,2.0,1.0,0.667
1555,86.0,93.0,0.48,7.0,5.0,0.583
1556,1.0,10.0,0.091,0.0,0.0,0.0
1557,145.0,78.0,0.65,8.0,8.0,0.5
1558,18.0,14.0,0.562,1.0,1.0,0.5
1559,140.0,86.0,0.619,9.0,9.0,0.5
1560,52.0,43.0,0.547,7.0,2.0,0.778
1561,202.0,181.0,0.527,9.0,9.0,0.5
1562,55.0,41.0,0.573,5.0,1.0,0.833
1563,25.0,42.0,0.373,0.0,0.0,0.0
1564,,,,,,
1565,182.0,265.0,0.407,6.0,5.0,0.545
1566,126.0,129.0,0.494,5.0,5.0,0.5
1567,135.0,180.0,0.429,4.0,5.0,0.444
1568,6.0,10.0,0.375,0.0,0.0,0.0
1569,88.0,59.0,0.599,6.0,6.0,0.5
1570,260.0,235.0,0.525,14.0,12.0,0.538
1571,116.0,79.0,0.595,7.0,6.0,0.538
1572,79.0,67.0,0.541,7.0,4.0,0.636
1573,29.0,18.0,0.615,1.0,1.0,0.5
1574,102.0,186.0,0.354,0.0,4.0,0.0
1575,9.0,8.0,0.529,0.0,0.0,0.0
1576,258.0,190.0,0.576,14.0,17.0,0.452
1577,85.0,106.0,0.445,4.0,1.0,0.8
1578,89.0,54.0,0.621,9.0,6.0,0.6
1579,1.0,15.0,0.062,0.0,0.0,0.0
1580,36.0,45.0,0.444,0.0,1.0,0.0
1581,110.0,96.0,0.534,7.0,5.0,0.583
1582,237.0,208.0,0.532,17.0,9.0,0.654
1583,6.0,10.0,0.375,0.0,0.0,0.0
1584,77.0,99.0,0.438,2.0,3.0,0.4
1585,21.0,13.0,0.618,2.0,1.0,0.667
1586,8.0,9.0,0.471,0.0,0.0,0.0
1587,25.0,23.0,0.521,1.0,2.0,0.333
1588,73.0,101.0,0.42,0.0,2.0,0.0
1589,145.0,94.0,0.606,11.0,9.0,0.55
1590,,,,,,
1591,24.0,9.0,0.727,2.0,2.0,0.5
1592,2.0,14.0,0.125,0.0,0.0,0.0
1593,149.0,90.0,0.623,12.0,9.0,0.571
1594,13.0,19.0,0.406,0.0,0.0,0.0
1595,,,,,,
1596,39.0,56.0,0.411,1.0,1.0,0.5
1597,3.0,13.0,0.206,0.0,0.0,0.0
1598,12.0,20.0,0.375,0.0,0.0,0.0
1599,273.0,229.0,0.544,12.0,13.0,0.48
1600,35.0,16.0,0.686,6.0,3.0,0.667
1601,5.0,12.0,0.294,0.0,0.0,0.0
1602,58.0,70.0,0.453,1.0,2.0,0.333
1603,154.0,102.0,0.602,15.0,7.0,0.682
1604,117.0,91.0,0.562,7.0,4.0,0.636
1605,51.0,63.0,0.448,0.0,2.0,0.0
1606,58.0,53.0,0.522,2.0,3.0,0.4
1607,56.0,40.0,0.583,1.0,3.0,0.25
1608,13.0,19.0,0.406,0.0,0.0,0.0
1609,154.0,104.0,0.597,10.0,9.0,0.526
1610,69.0,43.0,0.616,1.0,4.0,0.2
1611,11.0,6.0,0.647,4.0,0.0,1.0
1612,12.0,20.0,0.375,0.0,0.0,0.0
1613,72.0,56.0,0.562,9.0,4.0,0.692
1614,60.0,39.0,0.606,2.0,3.0,0.4
1615,80.0,88.0,0.476,0.0,4.0,0.0
1616,54.0,58.0,0.482,2.0,2.0,0.5
1617,3.0,12.0,0.219,0.0,0.0,0.0
1618,17.0,15.0,0.531,1.0,1.0,0.5
1619,228.0,201.0,0.531,9.0,11.0,0.45
1620,42.0,38.0,0.525,1.0,2.0,0.333
1621,217.0,100.0,0.684,21.0,12.0,0.636
1622,18.0,33.0,0.353,0.0,0.0,0.0
1623,75.0,85.0,0.469,2.0,3.0,0.4
1624,11.0,21.0,0.344,0.0,0.0,0.0
1625,,,,,,
1626,119.0,124.0,0.49,5.0,7.0,0.417
1627,79.0,67.0,0.541,2.0,4.0,0.333
1628,22.0,58.0,0.275,1.0,1.0,0.5
1629,121.0,122.0,0.498,4.0,7.0,0.364
1630,108.0,167.0,0.393,3.0,3.0,0.5
1631,47.0,65.0,0.42,1.0,2.0,0.333
1632,23.0,27.0,0.46,1.0,2.0,0.333
1633,81.0,82.0,0.497,1.0,4.0,0.2
1634,119.0,124.0,0.49,2.0,4.0,0.333
1635,127.0,177.0,0.418,4.0,5.0,0.444
1636,,,,,,
1637,46.0,82.0,0.359,0.0,1.0,0.0
1638,25.0,26.0,0.49,4.0,0.0,1.0
1639,113.0,111.0,0.505,8.0,6.0,0.571
1640,310.0,187.0,0.624,31.0,13.0,0.705
1641,96.0,121.0,0.442,3.0,4.0,0.429
1642,4.0,12.0,0.25,0.0,0.0,0.0
1643,206.0,186.0,0.525,8.0,8.0,0.5
1644,64.0,67.0,0.488,2.0,3.0,0.4
1645,81.0,94.0,0.463,0.0,4.0,0.0
1646,196.0,190.0,0.508,6.0,9.0,0.4
1647,23.0,25.0,0.479,0.0,1.0,0.0
1648,246.0,242.0,0.504,14.0,13.0,0.518
1649,40.0,56.0,0.417,0.0,0.0,0.0
1650,19.0,15.0,0.559,0.0,1.0,0.0
1651,,,,,,
1652,38.0,74.0,0.339,0.0,0.0,0.0
1653,208.0,227.0,0.478,6.0,7.0,0.461
1654,137.0,89.0,0.606,10.0,9.0,0.526
1655,25.0,23.0,0.521,0.0,2.0,0.0
1656,103.0,185.0,0.358,4.0,4.0,0.5
1657,155.0,200.0,0.437,6.0,4.0,0.6
1658,50.0,33.0,0.602,1.0,3.0,0.25
1659,178.0,198.0,0.474,4.0,6.0,0.4
1660,46.0,50.0,0.479,6.0,2.0,0.75
1661,8.0,8.0,0.5,0.0,0.0,0.0
1662,29.0,18.0,0.615,2.0,2.0,0.5
1663,332.0,181.0,0.647,34.0,21.0,0.618
1664,91.0,133.0,0.406,2.0,2.0,0.5
1665,112.0,131.0,0.461,3.0,4.0,0.429
1666,143.0,226.0,0.388,3.0,5.0,0.375
1667,4.0,12.0,0.25,0.0,0.0,0.0
1668,35.0,61.0,0.365,0.0,1.0,0.0
1669,257.0,144.0,0.64,26.0,16.0,0.619
1670,21.0,30.0,0.412,0.0,0.0,0.0
1671,19.0,30.0,0.388,1.0,1.0,0.5
1672,4.0,12.0,0.25,0.0,0.0,0.0
1673,27.0,38.0,0.417,0.0,0.0,0.0
1674,79.0,96.0,0.452,2.0,3.0,0.4
1675,8.0,23.0,0.266,0.0,0.0,0.0
1676,31.0,34.0,0.477,1.0,2.0,0.333
1677,313.0,280.0,0.528,11.0,16.0,0.407
1678,152.0,120.0,0.559,8.0,9.0,0.471
1679,227.0,204.0,0.527,6.0,12.0,0.333
1680,136.0,103.0,0.569,6.0,5.0,0.545
1681,312.0,199.0,0.61,20.0,16.0,0.556
1682,57.0,70.0,0.449,2.0,2.0,0.5
1683,48.0,64.0,0.429,4.0,2.0,0.667
1684,9.0,8.0,0.529,1.0,1.0,0.5
1685,,,,,,
1686,266.0,215.0,0.553,15.0,17.0,0.469
1687,188.0,156.0,0.546,8.0,12.0,0.4
1688,34.0,31.0,0.523,0.0,2.0,0.0
1689,200.0,203.0,0.496,15.0,7.0,0.682
1690,101.0,78.0,0.564,9.0,6.0,0.6
1691,28.0,35.0,0.444,0.0,1.0,0.0
1692,24.0,26.0,0.48,2.0,1.0,0.667
1693,18.0,14.0,0.562,2.0,1.0,0.667
1694,20.0,14.0,0.588,0.0,1.0,0.0
1695,86.0,92.0,0.483,2.0,3.0,0.4
1696,26.0,40.0,0.395,0.0,1.0,0.0
1697,,,,,,
1698,,,,,,
1699,92.0,85.0,0.52,3.0,4.0,0.429
1700,4.0,12.0,0.25,0.0,0.0,0.0
1701,34.0,14.0,0.708,1.0,3.0,0.25
1702,74.0,89.0,0.454,0.0,3.0,0.0
1703,,,,,,
1704,119.0,107.0,0.526,5.0,6.0,0.455
1705,32.0,32.0,0.5,2.0,2.0,0.5
1706,53.0,58.0,0.478,0.0,2.0,0.0
1707,21.0,30.0,0.412,0.0,0.0,0.0
1708,79.0,81.0,0.494,6.0,5.0,0.545
1709,68.0,79.0,0.463,3.0,2.0,0.6
1710,122.0,135.0,0.475,4.0,4.0,0.5
1711,50.0,47.0,0.515,1.0,2.0,0.333
1712,6.0,10.0,0.382,0.0,0.0,0.0
1713,120.0,77.0,0.609,6.0,8.0,0.429
1714,100.0,75.0,0.571,7.0,6.0,0.538
1715,93.0,115.0,0.447,3.0,3.0,0.5
1716,26.0,7.0,0.788,1.0,2.0,0.333
1717,49.0,15.0,0.766,7.0,3.0,0.7
1718,22.0,43.0,0.339,0.0,0.0,0.0
1719,100.0,79.0,0.559,3.0,5.0,0.375
1720,76.0,67.0,0.531,3.0,4.0,0.429
1721,91.0,56.0,0.619,9.0,4.0,0.692
1722,69.0,91.0,0.431,0.0,1.0,0.0
1723,74.0,101.0,0.423,2.0,4.0,0.333
1724,76.0,52.0,0.594,2.0,6.0,0.25
1725,,,,,,
1726,5.0,27.0,0.156,0.0,0.0,0.0
1727,158.0,114.0,0.581,9.0,6.0,0.6
1728,,,,,,
1729,12.0,24.0,0.333,0.0,0.0,0.0
1730,232.0,175.0,0.57,5.0,14.0,0.263
1731,135.0,209.0,0.392,3.0,4.0,0.429
1732,,,,,,
1733,54.0,45.0,0.545,2.0,3.0,0.4
1734,57.0,25.0,0.695,7.0,4.0,0.636
1735,26.0,25.0,0.51,0.0,1.0,0.0
1736,180.0,185.0,0.493,8.0,9.0,0.471
1737,169.0,134.0,0.558,10.0,9.0,0.526
1738,100.0,94.0,0.515,5.0,6.0,0.455
1739,8.0,8.0,0.5,0.0,0.0,0.0
1740,73.0,71.0,0.507,3.0,4.0,0.429
1741,49.0,81.0,0.378,0.0,2.0,0.0
1742,182.0,154.0,0.542,7.0,9.0,0.438
1743,,,,,,
1744,176.0,113.0,0.609,13.0,11.0,0.542
1745,71.0,59.0,0.546,3.0,4.0,0.429
1746,,,,,,
1747,59.0,53.0,0.526,1.0,2.0,0.333
1748,,,,,,
1749,156.0,211.0,0.425,6.0,4.0,0.6
1750,116.0,92.0,0.558,9.0,7.0,0.562
1751,46.0,37.0,0.554,5.0,2.0,0.714
1752,35.0,48.0,0.422,1.0,1.0,0.5
1753,130.0,158.0,0.451,0.0,2.0,0.0
1754,2.0,14.0,0.125,0.0,0.0,0.0
1755,10.0,38.0,0.208,0.0,0.0,0.0
1756,20.0,11.0,0.641,2.0,2.0,0.5
1757,25.0,24.0,0.51,1.0,1.0,0.5
1758,,,,,,
1759,17.0,17.0,0.5,1.0,1.0,0.5
1760,31.0,33.0,0.484,0.0,0.0,0.0
1761,167.0,203.0,0.452,3.0,6.0,0.333
1762,218.0,226.0,0.491,10.0,8.0,0.556
1763,108.0,132.0,0.45,2.0,4.0,0.333
1764,181.0,235.0,0.435,2.0,6.0,0.25
1765,,,,,,
1766,37.0,43.0,0.463,0.0,2.0,0.0
1767,4.0,13.0,0.235,0.0,0.0,0.0
1768,14.0,18.0,0.438,0.0,0.0,0.0
1769,7.0,10.0,0.412,0.0,0.0,0.0
1770,6.0,11.0,0.353,0.0,0.0,0.0
1771,,,,,,
1772,93.0,115.0,0.448,2.0,3.0,0.4
1773,124.0,132.0,0.484,3.0,6.0,0.333
1774,5.0,27.0,0.156,0.0,0.0,0.0
1775,27.0,53.0,0.338,0.0,0.0,0.0
1776,100.0,77.0,0.565,5.0,5.0,0.5
1777,117.0,180.0,0.394,3.0,5.0,0.375
1778,192.0,270.0,0.416,3.0,6.0,0.333
1779,11.0,23.0,0.324,0.0,0.0,0.0
1780,,,,,,
1781,35.0,30.0,0.538,5.0,2.0,0.714
1782,12.0,21.0,0.368,0.0,0.0,0.0
1783,29.0,51.0,0.362,1.0,1.0,0.5
1784,178.0,124.0,0.589,11.0,12.0,0.478
1785,88.0,137.0,0.392,0.0,3.0,0.0
1786,111.0,175.0,0.389,1.0,2.0,0.333
1787,137.0,209.0,0.396,0.0,3.0,0.0
1788,124.0,150.0,0.453,8.0,3.0,0.727
1789,35.0,28.0,0.555,4.0,2.0,0.667
1790,10.0,7.0,0.588,0.0,1.0,0.0
1791,18.0,14.0,0.562,0.0,1.0,0.0
1792,,,,,,
1793,169.0,167.0,0.503,7.0,7.0,0.5
1794,53.0,43.0,0.552,2.0,3.0,0.4
1795,17.0,33.0,0.34,0.0,0.0,0.0
1796,122.0,166.0,0.424,3.0,5.0,0.375
1797,10.0,22.0,0.312,0.0,0.0,0.0
1798,40.0,42.0,0.488,6.0,1.0,0.857
1799,60.0,68.0,0.469,0.0,3.0,0.0
1800,84.0,30.0,0.737,15.0,4.0,0.789
1801,135.0,188.0,0.418,3.0,3.0,0.5
1802,,,,,,
1803,14.0,18.0,0.438,1.0,1.0,0.5
1804,7.0,8.0,0.469,0.0,0.0,0.0
1805,169.0,167.0,0.503,11.0,10.0,0.524
1806,,,,,,
1807,21.0,27.0,0.438,3.0,1.0,0.75
1808,40.0,40.0,0.5,4.0,2.0,0.667
1809,181.0,202.0,0.473,5.0,8.0,0.385
1810,4.0,12.0,0.25,0.0,0.0,0.0
1811,81.0,98.0,0.453,0.0,4.0,0.0
1812,58.0,69.0,0.457,0.0,2.0,0.0
1813,47.0,64.0,0.424,0.0,1.0,0.0
1814,64.0,51.0,0.556,8.0,4.0,0.667
1815,173.0,116.0,0.598,26.0,6.0,0.812
1816,114.0,112.0,0.504,5.0,7.0,0.417
1817,135.0,153.0,0.469,5.0,4.0,0.556
1818,,,,,,
1819,136.0,154.0,0.469,6.0,4.0,0.6
1820,,,,,,
1821,194.0,188.0,0.508,10.0,11.0,0.476
1822,39.0,41.0,0.487,0.0,2.0,0.0
1823,29.0,38.0,0.433,5.0,1.0,0.833
1824,163.0,140.0,0.538,4.0,8.0,0.333
1825,127.0,152.0,0.455,10.0,6.0,0.625
1826,39.0,41.0,0.487,3.0,2.0,0.6
1827,238.0,180.0,0.569,19.0,12.0,0.613
1828,,,,,,
1829,127.0,115.0,0.525,3.0,5.0,0.375
1830,271.0,145.0,0.651,23.0,17.0,0.575
1831,,,,,,
1832,37.0,44.0,0.457,5.0,2.0,0.714
1833,28.0,36.0,0.438,1.0,1.0,0.5
1834,,,,,,
1835,44.0,68.0,0.393,0.0,1.0,0.0
1836,22.0,27.0,0.45,1.0,1.0,0.5
1837,3.0,14.0,0.176,0.0,0.0,0.0
1838,44.0,19.0,0.695,5.0,3.0,0.625
1839,117.0,156.0,0.429,2.0,4.0,0.333
1840,36.0,28.0,0.562,4.0,3.0,0.571
1841,74.0,24.0,0.755,15.0,3.0,0.833
1842,12.0,4.0,0.75,1.0,1.0,0.5
1843,122.0,149.0,0.45,3.0,6.0,0.333
1844,48.0,35.0,0.578,6.0,3.0,0.667
1845,9.0,7.0,0.562,0.0,1.0,0.0
1846,82.0,64.0,0.562,2.0,6.0,0.25
1847,101.0,126.0,0.445,3.0,5.0,0.375
1848,10.0,7.0,0.588,0.0,1.0,0.0
1849,55.0,108.0,0.337,0.0,0.0,0.0
1850,52.0,46.0,0.53,3.0,3.0,0.5
1851,276.0,266.0,0.509,9.0,14.0,0.391
1852,65.0,63.0,0.508,2.0,3.0,0.4
1853,27.0,37.0,0.422,0.0,0.0,0.0
1854,50.0,48.0,0.51,1.0,2.0,0.333
1855,58.0,70.0,0.453,2.0,1.0,0.667
1856,18.0,31.0,0.37,1.0,1.0,0.5
1857,,,,,,
1858,149.0,156.0,0.489,6.0,7.0,0.461
1859,70.0,44.0,0.614,6.0,4.0,0.6
1860,234.0,124.0,0.654,30.0,10.0,0.75
1861,31.0,51.0,0.38,0.0,1.0,0.0
1862,121.0,122.0,0.498,1.0,5.0,0.167
1863,12.0,22.0,0.353,0.0,0.0,0.0
1864,141.0,132.0,0.516,3.0,7.0,0.3
1865,25.0,26.0,0.49,0.0,1.0,0.0
1866,175.0,153.0,0.533,11.0,9.0,0.55
1867,31.0,49.0,0.388,0.0,1.0,0.0
1868,0.0,0.0,0.0,0.0,0.0,0.0
1869,254.0,164.0,0.607,15.0,14.0,0.517
1870,62.0,20.0,0.756,14.0,2.0,0.875
1871,261.0,250.0,0.511,8.0,12.0,0.4
1872,83.0,128.0,0.393,1.0,2.0,0.333
1873,63.0,81.0,0.438,0.0,2.0,0.0
1874,96.0,82.0,0.539,5.0,4.0,0.556
1875,46.0,50.0,0.479,2.0,2.0,0.5
1876,7.0,10.0,0.412,0.0,0.0,0.0
1877,140.0,71.0,0.663,16.0,7.0,0.696
1878,80.0,160.0,0.333,0.0,1.0,0.0
1879,37.0,59.0,0.385,0.0,1.0,0.0
1880,114.0,174.0,0.396,3.0,4.0,0.429
1881,64.0,47.0,0.576,5.0,4.0,0.556
1882,53.0,27.0,0.662,3.0,4.0,0.429
1883,32.0,48.0,0.4,1.0,1.0,0.5
1884,25.0,23.0,0.521,2.0,2.0,0.5
1885,81.0,63.0,0.562,3.0,5.0,0.375
1886,19.0,32.0,0.372,0.0,0.0,0.0
1887,,,,,,
1888,15.0,18.0,0.456,0.0,0.0,0.0
1889,123.0,133.0,0.48,4.0,4.0,0.5
1890,,,,,,
1891,14.0,18.0,0.438,0.0,0.0,0.0
1892,33.0,78.0,0.299,1.0,1.0,0.5
1893,43.0,37.0,0.537,3.0,1.0,0.75
1894,11.0,21.0,0.344,0.0,0.0,0.0
1895,17.0,15.0,0.531,0.0,1.0,0.0
1896,12.0,20.0,0.375,0.0,0.0,0.0
1897,130.0,126.0,0.508,6.0,5.0,0.545
1898,137.0,196.0,0.412,3.0,3.0,0.5
1899,179.0,175.0,0.506,8.0,9.0,0.471
1900,22.0,26.0,0.458,0.0,1.0,0.0
1901,10.0,7.0,0.588,0.0,1.0,0.0
1902,28.0,22.0,0.559,0.0,2.0,0.0
1903,48.0,16.0,0.75,2.0,3.0,0.4
1904,1.0,31.0,0.031,0.0,0.0,0.0
1905,,,,,,
1906,7.0,9.0,0.438,0.0,0.0,0.0
1907,28.0,36.0,0.438,2.0,2.0,0.5
1908,34.0,17.0,0.667,2.0,3.0,0.4
1909,12.0,20.0,0.375,0.0,0.0,0.0
1910,39.0,28.0,0.582,0.0,2.0,0.0
1911,89.0,88.0,0.503,3.0,5.0,0.375
1912,61.0,102.0,0.374,4.0,1.0,0.8
1913,111.0,113.0,0.495,2.0,3.0,0.4
1914,139.0,148.0,0.484,6.0,4.0,0.6
1915,31.0,20.0,0.608,1.0,2.0,0.333
1916,57.0,58.0,0.496,0.0,2.0,0.0
1917,50.0,62.0,0.446,0.0,2.0,0.0
1918,103.0,90.0,0.533,4.0,5.0,0.444
1919,29.0,38.0,0.433,5.0,1.0,0.833
1920,66.0,45.0,0.594,4.0,4.0,0.5
1921,27.0,40.0,0.403,0.0,0.0,0.0
1922,4.0,13.0,0.235,0.0,0.0,0.0
1923,31.0,35.0,0.47,0.0,1.0,0.0
1924,42.0,22.0,0.656,4.0,2.0,0.667
1925,16.0,32.0,0.333,0.0,0.0,0.0
1926,27.0,56.0,0.325,0.0,0.0,0.0
1927,70.0,45.0,0.609,2.0,5.0,0.286
1928,41.0,54.0,0.433,3.0,2.0,0.6
1929,158.0,101.0,0.61,8.0,7.0,0.533
1930,,,,,,
1931,40.0,42.0,0.488,0.0,2.0,0.0
1932,248.0,153.0,0.618,15.0,16.0,0.484
1933,56.0,72.0,0.438,2.0,2.0,0.5
1934,,,,,,
1935,17.0,33.0,0.343,1.0,1.0,0.5
1936,61.0,67.0,0.477,2.0,2.0,0.5
1937,24.0,27.0,0.471,0.0,0.0,0.0
1938,28.0,37.0,0.432,0.0,1.0,0.0
1939,8.0,9.0,0.471,0.0,0.0,0.0
1940,,,,,,
1941,32.0,49.0,0.395,2.0,1.0,0.667
1942,138.0,109.0,0.558,9.0,6.0,0.6
1943,8.0,8.0,0.5,0.0,0.0,0.0
1944,81.0,127.0,0.389,0.0,2.0,0.0
1945,27.0,22.0,0.551,2.0,1.0,0.667
1946,43.0,38.0,0.53,5.0,3.0,0.625
1947,15.0,33.0,0.312,0.0,0.0,0.0
1948,,,,,,
1949,,,,,,
1950,,,,,,
1951,164.0,203.0,0.447,4.0,8.0,0.333
1952,11.0,21.0,0.344,0.0,0.0,0.0
1953,95.0,49.0,0.66,7.0,6.0,0.538
1954,17.0,31.0,0.354,0.0,0.0,0.0
1955,90.0,88.0,0.506,4.0,3.0,0.571
1956,0.0,0.0,0.0,0.0,0.0,0.0
1957,4.0,12.0,0.25,0.0,0.0,0.0
1958,231.0,150.0,0.605,18.0,15.0,0.545
1959,11.0,52.0,0.18,0.0,0.0,0.0
1960,,,,,,
1961,137.0,89.0,0.606,10.0,9.0,0.526
1962,109.0,99.0,0.524,4.0,5.0,0.444
1963,39.0,41.0,0.487,0.0,1.0,0.0
1964,10.0,22.0,0.312,0.0,0.0,0.0
1965,139.0,99.0,0.583,4.0,5.0,0.444
1966,32.0,63.0,0.339,0.0,0.0,0.0
1967,159.0,145.0,0.523,13.0,4.0,0.765
1968,3.0,13.0,0.188,0.0,0.0,0.0
1969,4.0,12.0,0.25,0.0,0.0,0.0
1970,19.0,13.0,0.594,0.0,1.0,0.0
1971,135.0,120.0,0.529,9.0,7.0,0.562
1972,13.0,19.0,0.406,0.0,0.0,0.0
1973,144.0,130.0,0.525,8.0,6.0,0.571
1974,37.0,45.0,0.452,1.0,1.0,0.5
1975,64.0,66.0,0.492,3.0,4.0,0.429
1976,39.0,41.0,0.488,1.0,2.0,0.333
1977,,,,,,
1978,51.0,48.0,0.515,1.0,2.0,0.333
1979,30.0,37.0,0.448,0.0,1.0,0.0
1980,35.0,32.0,0.522,0.0,1.0,0.0
1981,13.0,19.0,0.406,0.0,0.0,0.0
1982,109.0,52.0,0.676,8.0,9.0,0.471
1983,414.0,282.0,0.595,24.0,24.0,0.5
1984,30.0,51.0,0.373,0.0,1.0,0.0
1985,47.0,51.0,0.48,6.0,2.0,0.75
1986,47.0,35.0,0.572,2.0,4.0,0.333
1987,113.0,74.0,0.604,8.0,7.0,0.533
1988,,,,,,
1989,12.0,4.0,0.75,1.0,1.0,0.5
1990,10.0,22.0,0.312,0.0,0.0,0.0
1991,136.0,107.0,0.56,5.0,7.0,0.417
1992,124.0,119.0,0.51,3.0,7.0,0.3
1993,97.0,66.0,0.595,10.0,3.0,0.769
1994,47.0,18.0,0.723,4.0,3.0,0.571
1995,78.0,52.0,0.599,5.0,5.0,0.5
1996,62.0,53.0,0.539,7.0,4.0,0.636
1997,8.0,9.0,0.471,0.0,0.0,0.0
1998,138.0,150.0,0.479,5.0,6.0,0.455
1999,41.0,41.0,0.5,0.0,3.0,0.0
2000,7.0,25.0,0.219,0.0,0.0,0.0
2001,12.0,21.0,0.364,0.0,0.0,0.0
2002,171.0,148.0,0.536,7.0,13.0,0.35
2003,,,,,,
2004,39.0,25.0,0.609,1.0,3.0,0.25
2005,293.0,252.0,0.537,10.0,15.0,0.4
2006,36.0,60.0,0.375,0.0,0.0,0.0
2007,37.0,28.0,0.569,3.0,2.0,0.6
2008,219.0,131.0,0.626,17.0,13.0,0.567
2009,55.0,73.0,0.43,0.0,0.0,0.0
2010,37.0,29.0,0.561,1.0,2.0,0.333
2011,144.0,120.0,0.545,6.0,6.0,0.5
2012,170.0,172.0,0.497,8.0,10.0,0.444
2013,,,,,,
2014,,,,,,
2015,120.0,72.0,0.625,9.0,7.0,0.562
2016,168.0,121.0,0.581,11.0,9.0,0.55
2017,120.0,123.0,0.494,4.0,6.0,0.4
2018,54.0,45.0,0.545,2.0,3.0,0.4
2019,37.0,60.0,0.381,0.0,2.0,0.0
2020,262.0,262.0,0.5,4.0,11.0,0.267
2021,34.0,49.0,0.41,0.0,1.0,0.0
2022,237.0,165.0,0.589,13.0,14.0,0.481
2023,56.0,74.0,0.431,2.0,3.0,0.4
2024,50.0,33.0,0.602,2.0,3.0,0.4
2025,66.0,70.0,0.485,4.0,1.0,0.8
2026,269.0,178.0,0.601,17.0,14.0,0.548
2027,7.0,10.0,0.412,0.0,0.0,0.0
2028,95.0,129.0,0.424,2.0,2.0,0.5
2029,273.0,257.0,0.515,14.0,10.0,0.583
2030,2.0,14.0,0.125,0.0,0.0,0.0
2031,246.0,168.0,0.594,19.0,14.0,0.576
2032,131.0,144.0,0.476,0.0,4.0,0.0
2033,,,,,,
2034,128.0,179.0,0.417,6.0,2.0,0.75
2035,29.0,38.0,0.433,0.0,1.0,0.0
2036,9.0,7.0,0.559,1.0,1.0,0.5
2037,,,,,,
2038,210.0,207.0,0.504,5.0,10.0,0.333
2039,,,,,,
2040,23.0,26.0,0.47,1.0,1.0,0.5
2041,27.0,21.0,0.562,1.0,2.0,0.333
2042,62.0,69.0,0.473,0.0,2.0,0.0
2043,79.0,68.0,0.537,7.0,4.0,0.636
2044,70.0,44.0,0.614,5.0,5.0,0.5
2045,186.0,167.0,0.527,3.0,7.0,0.3
2046,109.0,133.0,0.451,5.0,5.0,0.5
2047,52.0,62.0,0.456,1.0,2.0,0.333
2048,104.0,58.0,0.642,12.0,5.0,0.706
2049,61.0,51.0,0.545,1.0,2.0,0.333
2050,17.0,33.0,0.34,0.0,0.0,0.0
2051,42.0,38.0,0.525,1.0,2.0,0.333
2052,312.0,262.0,0.543,10.0,15.0,0.4
2053,,,,,,
2054,7.0,9.0,0.438,0.0,0.0,0.0
2055,244.0,156.0,0.61,18.0,18.0,0.5
2056,90.0,56.0,0.616,3.0,6.0,0.333
2057,,,,,,
2058,112.0,175.0,0.391,1.0,3.0,0.25
2059,6.0,11.0,0.353,0.0,0.0,0.0
2060,43.0,56.0,0.434,0.0,1.0,0.0
2061,7.0,10.0,0.412,0.0,0.0,0.0
2062,33.0,15.0,0.684,3.0,2.0,0.6
2063,48.0,32.0,0.6,4.0,3.0,0.571
2064,173.0,166.0,0.51,5.0,7.0,0.417
2065,80.0,111.0,0.419,3.0,5.0,0.375
2066,164.0,158.0,0.509,7.0,6.0,0.538
2067,131.0,173.0,0.431,6.0,3.0,0.667
2068,123.0,117.0,0.512,5.0,6.0,0.455
2069,,,,,,
2070,,,,,,
2071,14.0,20.0,0.412,0.0,0.0,0.0
2072,78.0,50.0,0.609,3.0,4.0,0.429
2073,65.0,95.0,0.406,2.0,4.0,0.333
2074,44.0,39.0,0.53,0.0,2.0,0.0
2075,33.0,64.0,0.343,0.0,0.0,0.0
2076,36.0,14.0,0.72,9.0,1.0,0.9
2077,,,,,,
2078,,,,,,
2079,20.0,43.0,0.32,0.0,0.0,0.0
2080,32.0,32.0,0.5,1.0,2.0,0.333
2081,32.0,34.0,0.485,0.0,2.0,0.0
2082,62.0,82.0,0.431,0.0,2.0,0.0
2083,,,,,,
2084,34.0,31.0,0.523,0.0,2.0,0.0
2085,35.0,47.0,0.428,0.0,1.0,0.0
2086,8.0,8.0,0.5,0.0,0.0,0.0
2087,176.0,256.0,0.408,3.0,6.0,0.333
2088,129.0,90.0,0.588,10.0,8.0,0.556
2089,25.0,23.0,0.521,0.0,1.0,0.0
2090,,,,,,
2091,20.0,34.0,0.37,0.0,0.0,0.0
2092,9.0,8.0,0.529,0.0,1.0,0.0
2093,46.0,38.0,0.548,1.0,2.0,0.333
2094,,,,,,
2095,196.0,210.0,0.483,10.0,9.0,0.526
2096,62.0,53.0,0.539,2.0,3.0,0.4
2097,98.0,80.0,0.55,3.0,5.0,0.375
2098,14.0,18.0,0.438,1.0,1.0,0.5
2099,52.0,47.0,0.525,3.0,2.0,0.6
2100,121.0,98.0,0.552,7.0,8.0,0.467
2101,89.0,57.0,0.609,6.0,6.0,0.5
2102,88.0,104.0,0.458,4.0,3.0,0.571
2103,122.0,166.0,0.424,3.0,3.0,0.5
2104,20.0,28.0,0.417,1.0,1.0,0.5
2105,8.0,9.0,0.471,0.0,0.0,0.0
2106,113.0,158.0,0.417,2.0,2.0,0.5
2107,37.0,46.0,0.446,0.0,1.0,0.0
2108,15.0,33.0,0.312,0.0,0.0,0.0
2109,11.0,6.0,0.647,4.0,0.0,1.0
2110,118.0,157.0,0.429,1.0,3.0,0.25
2111,49.0,31.0,0.613,3.0,3.0,0.5
2112,118.0,74.0,0.615,9.0,7.0,0.562
2113,75.0,52.0,0.591,2.0,5.0,0.286
2114,,,,,,
2115,66.0,49.0,0.574,3.0,4.0,0.429
2116,108.0,147.0,0.423,5.0,5.0,0.5
2117,87.0,106.0,0.451,5.0,3.0,0.625
2118,16.0,32.0,0.333,0.0,0.0,0.0
2119,66.0,46.0,0.589,1.0,4.0,0.2
2120,30.0,36.0,0.455,2.0,1.0,0.667
2121,12.0,20.0,0.375,0.0,0.0,0.0
2122,66.0,80.0,0.452,1.0,2.0,0.333
2123,74.0,39.0,0.653,9.0,5.0,0.643
2124,33.0,31.0,0.516,2.0,3.0,0.4
2125,5.0,11.0,0.312,0.0,0.0,0.0
2126,,,,,,
2127,5.0,11.0,0.312,0.0,0.0,0.0
2128,6.0,27.0,0.191,0.0,0.0,0.0
2129,,,,,,
2130,,,,,,
2131,51.0,63.0,0.447,0.0,2.0,0.0
2132,5.0,27.0,0.156,0.0,0.0,0.0
2133,25.0,23.0,0.521,0.0,1.0,0.0
2134,,,,,,
2135,77.0,68.0,0.531,1.0,4.0,0.2
2136,16.0,18.0,0.471,0.0,0.0,0.0
2137,213.0,124.0,0.631,13.0,11.0,0.542
2138,68.0,109.0,0.385,0.0,2.0,0.0
2139,202.0,163.0,0.553,12.0,13.0,0.48
2140,101.0,94.0,0.518,7.0,4.0,0.636
2141,36.0,29.0,0.554,1.0,2.0,0.333
2142,34.0,30.0,0.531,1.0,2.0,0.333
2143,119.0,89.0,0.572,4.0,7.0,0.364
2144,148.0,155.0,0.488,7.0,5.0,0.583
2145,175.0,176.0,0.499,9.0,9.0,0.5
2146,12.0,22.0,0.353,0.0,0.0,0.0
2147,48.0,35.0,0.578,1.0,3.0,0.25
2148,87.0,73.0,0.544,3.0,4.0,0.429
2149,42.0,22.0,0.656,3.0,3.0,0.5
2150,75.0,120.0,0.385,0.0,2.0,0.0
2151,96.0,80.0,0.545,7.0,4.0,0.636
2152,145.0,112.0,0.564,7.0,7.0,0.5
2153,139.0,149.0,0.483,4.0,5.0,0.444
2154,132.0,77.0,0.632,9.0,8.0,0.529
2155,57.0,56.0,0.504,5.0,2.0,0.714
2156,72.0,59.0,0.55,7.0,5.0,0.583
2157,29.0,38.0,0.433,0.0,1.0,0.0
2158,28.0,17.0,0.622,3.0,1.0,0.75
2159,8.0,8.0,0.5,0.0,0.0,0.0
2160,29.0,37.0,0.44,2.0,1.0,0.667
2161,74.0,102.0,0.42,1.0,1.0,0.5
2162,4.0,13.0,0.235,0.0,0.0,0.0
2163,15.0,17.0,0.469,0.0,0.0,0.0
2164,11.0,4.0,0.719,2.0,1.0,0.667
2165,12.0,22.0,0.353,0.0,0.0,0.0
2166,77.0,54.0,0.588,7.0,4.0,0.636
2167,180.0,171.0,0.513,9.0,7.0,0.562
2168,95.0,84.0,0.531,3.0,4.0,0.429
2169,,,,,,
2170,150.0,169.0,0.47,2.0,7.0,0.222
2171,76.0,68.0,0.528,4.0,5.0,0.444
2172,75.0,134.0,0.359,1.0,3.0,0.25
2173,82.0,64.0,0.561,4.0,5.0,0.444
2174,99.0,92.0,0.518,5.0,6.0,0.455
2175,,,,,,
2176,115.0,142.0,0.448,6.0,3.0,0.667
2177,189.0,177.0,0.516,14.0,8.0,0.636
2178,20.0,46.0,0.303,0.0,0.0,0.0
2179,114.0,99.0,0.535,4.0,7.0,0.364
2180,36.0,46.0,0.439,0.0,1.0,0.0
2181,80.0,97.0,0.452,0.0,2.0,0.0
2182,53.0,58.0,0.478,1.0,3.0,0.25
2183,120.0,138.0,0.465,4.0,4.0,0.5
2184,94.0,131.0,0.418,6.0,3.0,0.667
2185,,,,,,
2186,239.0,160.0,0.599,16.0,16.0,0.5
2187,52.0,46.0,0.531,6.0,3.0,0.667
2188,95.0,65.0,0.594,6.0,4.0,0.6
2189,9.0,8.0,0.529,1.0,1.0,0.5
2190,4.0,12.0,0.25,0.0,0.0,0.0
2191,16.0,17.0,0.485,1.0,1.0,0.5
2192,,,,,,
2193,17.0,31.0,0.354,0.0,0.0,0.0
2194,23.0,25.0,0.479,0.0,1.0,0.0
2195,96.0,34.0,0.738,15.0,5.0,0.75
2196,180.0,203.0,0.47,9.0,8.0,0.529
2197,89.0,135.0,0.397,1.0,2.0,0.333
2198,25.0,26.0,0.49,0.0,1.0,0.0
2199,,,,,,
2200,41.0,39.0,0.512,0.0,1.0,0.0
2201,127.0,130.0,0.494,6.0,4.0,0.6
2202,32.0,50.0,0.392,0.0,1.0,0.0
2203,110.0,98.0,0.529,3.0,5.0,0.375
2204,199.0,200.0,0.499,12.0,8.0,0.6
2205,25.0,9.0,0.735,4.0,2.0,0.667
2206,31.0,49.0,0.388,0.0,0.0,0.0
2207,,,,,,
2208,56.0,43.0,0.566,1.0,3.0,0.25
2209,37.0,27.0,0.578,0.0,2.0,0.0
2210,38.0,26.0,0.594,4.0,1.0,0.8
2211,111.0,116.0,0.489,2.0,5.0,0.286
2212,24.0,10.0,0.706,0.0,2.0,0.0
2213,,,,,,
2214,194.0,128.0,0.603,17.0,9.0,0.654
2215,197.0,188.0,0.512,18.0,8.0,0.692
2216,6.0,11.0,0.353,0.0,0.0,0.0
2217,3.0,13.0,0.188,0.0,0.0,0.0
2218,86.0,153.0,0.36,2.0,4.0,0.333
2219,55.0,44.0,0.556,2.0,3.0,0.4
2220,58.0,72.0,0.447,2.0,4.0,0.333
2221,187.0,197.0,0.487,10.0,7.0,0.588
2222,14.0,18.0,0.438,1.0,1.0,0.5
2223,129.0,161.0,0.445,5.0,6.0,0.455
2224,173.0,166.0,0.51,6.0,7.0,0.461
2225,9.0,8.0,0.529,1.0,1.0,0.5
2226,48.0,34.0,0.584,0.0,3.0,0.0
2227,33.0,79.0,0.295,0.0,0.0,0.0
