Name,G,MP,PER,TS%,3PAr,FTr,ORB%,DRB%,TRB%,AST%,STL%,BLK%,TOV%,USG%,OWS,DWS,WS,WS/48,OBPM,DBPM,BPM,VORP
Álex Abrines,75,1134,9,0.567,0.759,0.158,2.5,8.9,5.6,3.4,1.7,0.6,7.4,12.7,1.3,1,2.2,0.094,-1.9,0.4,-1.5,0.1
Quincy Acy,70,1359,8.2,0.525,0.8,0.164,3.1,17.1,10,6,1.2,1.6,13.3,14.4,-0.1,1.1,1,0.036,-2.6,0.1,-2.5,-0.2
Steven Adams,76,2487,20.6,0.63,0.003,0.402,16.6,13.9,15.3,5.5,1.8,2.8,13.3,16.7,6.7,3,9.7,0.187,1.7,-0.6,1.1,2
Bam Adebayo,69,1368,15.7,0.57,0.021,0.526,9.7,21.6,15.6,11,1.2,2.5,13.6,15.9,2.3,1.9,4.2,0.148,-1.1,0.7,-0.4,0.6
Arron Afflalo,53,682,5.8,0.516,0.432,0.16,0.6,10.1,5.3,6.2,0.3,1.1,10.8,12.5,-0.1,0.2,0.1,0.009,-3.8,-1.5,-5.4,-0.6
Cole Aldrich,21,49,6,0.34,0,0.4,7,28.6,17.6,8.2,2,1.8,5.4,16.8,-0.1,0.1,0,-0.013,-6.8,-0.7,-7.5,-0.1
LaMarcus Aldridge,75,2509,25,0.57,0.068,0.296,10.8,17.3,14,11.3,0.9,3,6.8,29.1,7.4,3.5,10.9,0.209,4.3,-0.4,3.9,3.7
Jarrett Allen,72,1441,17.5,0.636,0.038,0.37,10.5,18.1,14.3,5.4,0.9,4.6,15.1,16.3,2.7,1.5,4.2,0.141,-0.9,0.1,-0.8,0.5
Kadeem Allen,18,107,2.6,0.366,0.5,0.409,4.1,7.1,5.6,15.2,1.4,1.6,25.7,14.6,-0.2,0.1,-0.1,-0.038,-8.3,0.6,-7.7,-0.2
Tony Allen,22,273,8.7,0.514,0.132,0.231,8.2,10.4,9.3,4.6,1.9,0.9,15.9,18.9,-0.2,0.2,0.1,0.017,-5.2,-0.3,-5.5,-0.2
Al-Farouq Aminu,69,2072,12,0.522,0.582,0.137,5.2,22.3,13.8,5.8,1.9,1.6,11.3,14.8,0.9,3.2,4.2,0.097,-0.7,1.1,0.4,1.3
Justin Anderson,38,519,13,0.54,0.51,0.188,5.4,13.6,9.6,7.1,1.4,1.1,6.8,19.3,0.6,0.7,1.2,0.115,-0.6,-0.3,-0.9,0.1
Kyle Anderson,74,1978,15.9,0.582,0.13,0.333,4.7,17.6,11.1,14.7,2.9,2.5,15.8,13.5,2.4,3.8,6.2,0.151,-0.4,3.3,2.9,2.4
Ryan Anderson,66,1725,12.6,0.592,0.706,0.194,6.2,15.4,10.8,5.1,0.7,1,7.5,14.4,3.1,1.7,4.8,0.132,0.9,-0.8,0.1,0.9
Ike Anigbogu,11,30,21.6,0.558,0,0.667,19,15,16.9,0,1.7,8.9,14.7,20.3,0.1,0,0.1,0.165,1.8,0.1,1.9,0
Giannis Antetokounmpo,75,2756,27.3,0.598,0.1,0.457,6.7,25.3,16,23.7,2,3.3,11.7,31.2,8.3,3.6,11.9,0.207,5.3,0.9,6.2,5.7
Carmelo Anthony,78,2501,12.7,0.503,0.406,0.165,2.9,17.7,10,6.5,0.9,1.8,7.3,23.2,1.2,2.5,3.7,0.071,-0.6,-1.3,-1.9,0
OG Anunoby,74,1481,10,0.587,0.569,0.179,3.4,10.4,7,5,1.7,0.8,10.8,12.4,1.4,1.6,3,0.098,-1.2,0.6,-0.6,0.5
Ryan Arcidiacono,24,304,7.3,0.55,0.756,0.146,0.3,8.8,4.4,15.5,2.1,0,23,8.1,0.1,0.2,0.3,0.04,-4.7,0.6,-4.1,-0.2
Trevor Ariza,67,2269,11.8,0.567,0.71,0.137,1.7,12.9,7.3,6.8,2.1,0.5,7,14.4,2.6,2.8,5.3,0.113,0,0.7,0.7,1.5
Darrell Arthur,19,141,8.4,0.559,0.489,0.064,2.4,9.5,6,9.3,2.8,1.8,23.7,19.5,-0.2,0.1,0,-0.011,-4.8,-0.5,-5.3,-0.1
Jamel Artis,15,279,6.9,0.457,0.367,0.152,1.6,13.5,7.5,9.3,0.4,0.9,8.7,14.5,-0.1,0.1,0,-0.006,-3.8,-1.6,-5.4,-0.2
Ömer Aşık,18,182,3.1,0.397,0,0.591,5.5,22.2,14,2.1,0.5,1.9,24.5,8.7,-0.2,0.2,-0.1,-0.021,-6.5,-1.5,-8,-0.3
D.J. Augustin,75,1760,15.4,0.615,0.504,0.35,1.9,8.2,5,24.4,1.5,0,16.5,18.6,3.3,0.8,4.1,0.11,1,-1.2,-0.2,0.8
Luke Babbitt,50,715,9.8,0.576,0.726,0.102,1.1,13.9,7.5,6.5,0.5,0.8,7.8,15,0.5,0.4,0.9,0.06,-0.9,-1.5,-2.4,-0.1
Dwayne Bacon,53,713,5.8,0.431,0.224,0.13,0.6,18.5,9.4,7.5,1.1,0.2,10.2,13.7,-0.7,0.6,-0.1,-0.007,-4.8,0.1,-4.7,-0.5
Ron Baker,29,385,9.3,0.504,0.559,0.441,1.4,7.2,4.3,15.5,3.3,1.3,20.4,10,0.1,0.4,0.5,0.059,-2.8,2.4,-0.4,0.2
Wade Baldwin,7,80,16.6,0.748,0.238,0.476,1.4,9.5,5.5,9.8,1.2,1,13.6,16.1,0.2,0.1,0.3,0.187,0.2,1.7,1.9,0.1
Lonzo Ball,52,1780,12.5,0.444,0.523,0.126,4.2,17.3,10.8,29.2,2.4,2,18.6,17.4,-0.5,2.5,2,0.053,-0.7,1.6,1,1.3
J.J. Barea,69,1603,17.8,0.545,0.454,0.148,1,13.4,7,45.1,1.1,0.2,16.3,24.9,2.3,1,3.3,0.098,2.7,-1.5,1.2,1.3
Harrison Barnes,77,2634,15.8,0.539,0.276,0.259,3.1,17.1,9.9,9.9,0.9,0.5,8.1,25.2,2,1.9,3.8,0.07,0.8,-1.3,-0.5,1
Will Barton,81,2683,16.2,0.562,0.411,0.22,3,14.2,8.6,18.5,1.5,1.6,11.7,20.7,4.4,1.8,6.2,0.111,1.6,-0.4,1.1,2.1
Nicolas Batum,64,1981,14.4,0.523,0.422,0.2,3.1,13.8,8.4,26.2,1.6,1,15.6,18.3,1.7,1.8,3.5,0.084,0.5,-0.1,0.4,1.2
Jerryd Bayless,39,925,7.5,0.546,0.557,0.168,1.8,7.3,4.7,8,1.2,0.5,14.1,15.1,0.2,0.9,1.1,0.055,-2.7,-0.2,-2.8,-0.2
Aron Baynes,81,1485,12,0.502,0.047,0.175,9.7,22.1,16,9.6,0.7,2.9,14.3,16.8,0.5,2.5,3,0.097,-3.6,0.7,-2.9,-0.3
Kent Bazemore,65,1789,14.5,0.547,0.405,0.297,1.6,13.9,7.7,20.1,2.7,2.2,17,22.5,0.2,2,2.2,0.059,-0.4,1,0.6,1.2
Bradley Beal,82,2977,18.4,0.564,0.357,0.249,2.3,11.5,6.9,21,1.6,1.1,11.5,27.6,4.4,2.5,6.9,0.111,2.9,-0.7,2.2,3.1
Malik Beasley,62,583,9,0.509,0.461,0.185,2.7,11,6.9,7.4,1.3,1,11.1,16.2,0.1,0.3,0.3,0.028,-2.4,-1.4,-3.8,-0.3
Michael Beasley,74,1653,17.8,0.556,0.107,0.197,6.5,21.2,13.9,12.5,1.1,2.3,14,26.9,0.9,1.5,2.4,0.069,0.6,-0.8,-0.2,0.7
Marco Belinelli,80,1947,14.1,0.581,0.517,0.213,1.1,7.3,4.3,11.9,1.6,0.5,10.1,20.7,2.4,1.3,3.7,0.092,0.4,-0.8,-0.5,0.8
Jordan Bell,57,809,18,0.641,0.022,0.238,8.9,19,14.3,16.9,2.1,5.5,20,13.9,1.6,1.4,2.9,0.174,0,2.8,2.8,1
DeAndre' Bembry,26,455,7.6,0.477,0.234,0.258,2,15.7,8.8,15.9,2.3,2.3,24.8,18.2,-0.9,0.5,-0.4,-0.04,-5.1,0.3,-4.7,-0.3
Dragan Bender,82,2069,7.1,0.524,0.665,0.105,2,16.8,9.3,8.9,0.5,2.1,18.1,12.7,-0.7,0.8,0.1,0.001,-2.9,-0.8,-3.7,-0.9
Dāvis Bertāns,77,1086,14.1,0.588,0.689,0.134,1.8,13.9,7.8,10.3,1.2,2.1,8.5,17.4,1.6,1.4,3.1,0.135,1,0.6,1.6,1
Patrick Beverley,11,334,12.4,0.53,0.504,0.143,5.3,9.4,7.4,13.8,2.8,1.3,16.5,19.6,0.1,0.3,0.4,0.056,-0.3,0.8,0.5,0.2
Khem Birch,42,578,16.4,0.582,0,0.484,13.2,21.1,17.1,8.5,1.3,2.9,12.1,13.2,1.2,0.6,1.8,0.15,-0.7,-0.2,-0.9,0.2
Jabari Bird,13,115,12.1,0.615,0.269,0.5,5.8,12.2,9,10.5,1.3,0.7,20.1,15.4,0.1,0.2,0.2,0.098,-2.7,-0.4,-3.1,0
Bismack Biyombo,82,1495,14.1,0.556,0.003,0.446,10.5,24,17.2,6.5,0.7,5.1,16.6,14.9,1.1,1.8,2.9,0.094,-2.6,0.2,-2.4,-0.2
Nemanja Bjelica,67,1371,12.6,0.581,0.493,0.121,4.4,18.8,11.5,8.7,1.8,1,11.7,14.3,1.7,1.1,2.8,0.097,-0.1,0.2,0.1,0.7
Tarik Black,51,536,14.3,0.582,0.087,0.496,13.4,20.9,17.1,3.7,1.9,4.8,18.4,15.6,0.5,1,1.5,0.136,-3.7,1.2,-2.6,-0.1
Antonio Blakeney,19,314,10.1,0.471,0.364,0.273,1.3,10.3,5.6,10.1,1.1,0.3,6.4,23.7,-0.2,0.1,0,-0.006,-2.8,-2.4,-5.2,-0.3
Eric Bledsoe,74,2322,19.7,0.582,0.364,0.321,2.6,11.7,7.1,25.7,3.2,1.5,16.1,26.1,3.1,2.5,5.6,0.116,2.3,0.3,2.5,2.6
Vander Blue,5,45,-1.8,0.255,0.4,0.4,0,2.3,1.2,8.2,1.1,0,33.8,8.4,-0.1,0,-0.1,-0.103,-7.6,-0.7,-8.4,-0.1
Bogdan Bogdanović,78,2175,13.5,0.556,0.426,0.154,1.6,10.5,5.8,18.3,1.7,0.7,13.2,19.6,1.8,1.1,2.9,0.064,-0.6,-0.9,-1.5,0.3
Bojan Bogdanović,80,2464,13.9,0.605,0.453,0.241,1.4,10.9,6.2,7.1,1.1,0.3,10.1,19,3.8,1.6,5.4,0.105,0.5,-1.2,-0.7,0.8
Andrew Bogut,24,216,10.9,0.696,0,0.08,12.9,25.4,19.2,9.1,0.9,4.9,42.3,8.8,0.1,0.3,0.4,0.094,-4.7,1.9,-2.8,-0.1
Joel Bolomboy,6,38,11.7,0.521,0.167,1,18.6,12.3,15.4,0,2.6,0,18.8,12.6,0,0,0.1,0.079,-2.6,-2.4,-5,0
Devin Booker,54,1865,18.1,0.561,0.364,0.312,1.5,12.7,7,24.4,1.2,0.6,13.9,31.7,1.9,0.6,2.4,0.063,2.9,-2,0.9,1.4
Trevor Booker,68,1158,14.9,0.557,0.096,0.271,11.1,18.6,14.9,10.8,1.2,1.5,13.3,16.6,1.6,1.3,2.9,0.121,-0.6,0,-0.6,0.4
Chris Boucher,1,1,-28.5,0,1,0,0,100,55.9,0,0,0,0,43.9,0,0,0,-0.899,-21.7,-11.4,-33.1,0
Avery Bradley,46,1433,9.6,0.496,0.325,0.131,1.7,7.3,4.5,10.4,1.8,0.5,13.3,23.5,-1.4,1.2,-0.2,-0.007,-3,-1,-4,-0.7
Tony Bradley,9,29,9.5,0.337,0.091,0.182,15.8,27.1,21.5,5,0,0,0,18.4,0,0,0,0.033,-3,-4.5,-7.5,0
Corey Brewer,72,1208,11.2,0.534,0.348,0.285,3.8,10,6.9,7.5,3.2,1,12.1,14.3,0.7,1.6,2.3,0.091,-3.2,1.9,-1.3,0.2
Malcolm Brogdon,48,1436,14.3,0.578,0.32,0.169,1.9,10.8,6.4,16.3,1.4,0.8,10.9,19.1,2,0.7,2.7,0.091,-0.1,-1,-1.2,0.3
Aaron Brooks,32,189,9.8,0.508,0.449,0.159,4.2,6.2,5.2,15.1,1.6,0,13,19.9,0.1,0.1,0.1,0.033,-2.6,-1.3,-3.8,-0.1
Dillon Brooks,82,2350,9.8,0.531,0.342,0.215,2.4,10.5,6.3,9.3,1.6,0.7,12.8,18.5,0.1,1.1,1.2,0.024,-2.9,-1.1,-4,-1.2
MarShon Brooks,7,193,26.1,0.629,0.314,0.225,4.7,8,6.3,25.9,2.9,1.5,12.5,29.8,0.6,0.2,0.7,0.179,7.5,-0.4,7.1,0.4
Anthony Brown,1,4,41.9,1.5,1,0,0,0,0,41.7,0,0,0,11.1,0,0,0,0.571,26.2,4.3,30.5,0
Bobby Brown,20,115,5.5,0.425,0.69,0.034,0,6.8,3.4,15,1.7,0,13.3,26.1,-0.3,0.1,-0.2,-0.08,-4.9,-2.3,-7.2,-0.2
Jaylen Brown,70,2152,13.6,0.562,0.381,0.29,3.4,14,8.8,8.5,1.6,1,12,21.4,1.2,3.2,4.5,0.1,-0.8,0.3,-0.5,0.8
Lorenzo Brown,14,139,8.2,0.459,0.353,0.059,0.8,11.1,6,12.4,1.8,0,7.9,11.9,0,0.1,0.2,0.06,-3.9,1.5,-2.5,0
Markel Brown,4,31,-1.2,0.357,0.714,0,3.7,14.4,9.1,8.7,0,0,22.2,12.8,-0.1,0,0,-0.063,-8.8,-2,-10.8,-0.1
Sterling Brown,54,776,9.1,0.503,0.444,0.117,4.1,17.5,10.8,4.5,2,1.4,10.4,14,0,0.7,0.7,0.043,-2.8,-0.2,-3.1,-0.2
Nicolás Brussino,4,10,-4.6,0,1,0,0,33.5,16.7,0,0,0,0,8.7,0,0,0,-0.18,-8.1,-3.2,-11.3,0
Thomas Bryant,15,72,9.9,0.441,0.476,0.429,4.5,20.5,12.6,11.5,0.7,2.3,7.4,15.9,0,0.1,0.1,0.05,-3.1,-0.2,-3.3,0
Reggie Bullock,62,1732,13.6,0.615,0.515,0.09,1.7,8.3,4.9,8.4,1.4,0.7,7.6,15.7,2.8,1.4,4.2,0.117,0.7,0,0.7,1.2
Trey Burke,36,785,21,0.563,0.273,0.148,1.8,8.2,5,36.4,1.5,0.4,9.5,25.1,2,0.3,2.4,0.145,3.9,-1.4,2.5,0.9
Alec Burks,64,1059,13.1,0.527,0.343,0.3,2.1,18.4,10.3,10,1.8,0.6,11.4,22.5,0.2,1.6,1.9,0.084,-1.3,0.4,-0.9,0.3
Jimmy Butler,59,2164,23.7,0.59,0.217,0.461,4.2,12.7,8.4,20.6,2.7,1,8.9,24.9,7.1,1.8,8.9,0.198,5,0.7,5.8,4.2
Dwight Buycks,29,427,12.8,0.498,0.227,0.207,3,7.7,5.3,22.4,2.2,0.4,15.3,26.4,-0.2,0.4,0.2,0.027,-2.3,-0.7,-3.1,-0.1
Bruno Caboclo,12,107,7.4,0.386,0.548,0.194,7.1,16.6,11.7,5,1.4,3.5,10.6,15.8,-0.1,0.1,0,-0.021,-4.8,-1,-5.8,-0.1
José Calderón,57,914,11.3,0.643,0.524,0.162,1.7,8.5,5.2,17.4,1.4,0.2,17.1,11.6,1.5,0.3,1.8,0.095,-1.4,-0.5,-1.9,0
Kentavious Caldwell-Pope,74,2458,13.2,0.561,0.52,0.243,2.6,14.1,8.4,9.4,2.1,0.5,9.9,16.9,2.6,2.7,5.3,0.103,-0.4,0.6,0.3,1.4
Isaiah Canaan,20,422,13.5,0.539,0.482,0.372,1.5,10,5.7,26.7,1.8,0.2,15.4,18.9,0.5,0.1,0.6,0.072,-0.5,-0.7,-1.3,0.1
Clint Capela,74,2034,24.5,0.65,0.001,0.38,13.5,30.8,22.2,5.7,1.4,5.7,11.5,19.4,6.2,4.1,10.2,0.242,2.4,1,3.4,2.8
DeMarre Carroll,73,2180,14.3,0.55,0.498,0.313,5.1,18.4,11.7,10.5,1.3,1,10.3,19.8,2.3,1.8,4.1,0.091,0.5,-0.4,0.2,1.2
Vince Carter,58,1026,10.8,0.523,0.583,0.131,1.9,15.1,8.2,9.7,2.1,2.4,10.7,14.7,0.3,0.9,1.2,0.056,-1.9,0.7,-1.2,0.2
Michael Carter-Williams,52,835,10.8,0.446,0.258,0.389,4.7,13.3,8.9,19.4,2.6,2.3,16.2,16.6,-0.2,1.1,0.9,0.05,-3.3,1.8,-1.5,0.1
Alex Caruso,37,562,8.7,0.519,0.371,0.259,2.9,9.4,6.2,17.8,2,1.4,24.5,12.9,-0.1,0.6,0.5,0.041,-3.8,0.9,-2.9,-0.1
Omri Casspi,53,740,15.5,0.632,0.106,0.333,4.9,24,15.1,9.5,1.2,2,13.5,16.3,1.2,1,2.2,0.141,-0.9,0,-0.9,0.2
Willie Cauley-Stein,73,2044,17.6,0.529,0.016,0.32,7,22,14.2,13.7,1.9,3.1,11,21.8,1.7,2.2,3.9,0.092,-0.4,0.3,-0.1,1
Tyler Cavanaugh,39,518,13,0.567,0.586,0.138,9.7,17.7,13.7,7.8,0.8,0.7,8,14.8,0.9,0.3,1.2,0.109,-0.4,-1.5,-1.9,0
Mario Chalmers,66,1421,10.4,0.503,0.431,0.312,1,12,6.4,21.5,2.8,0.9,18.8,19.6,-0.6,1.3,0.6,0.021,-3.7,0.5,-3.2,-0.4
Tyson Chandler,46,1151,14.2,0.658,0,0.497,12.2,26.8,19.4,6.6,0.7,1.9,20.6,10.6,1.9,0.8,2.7,0.111,-0.8,-0.6,-1.4,0.2
Wilson Chandler,74,2346,10.9,0.542,0.39,0.181,4.9,14.1,9.6,9.4,0.9,1.4,11.9,14.3,2.1,1.2,3.3,0.067,-1,-1.1,-2.1,-0.1
Marquese Chriss,72,1527,11.1,0.509,0.398,0.331,5.2,22.7,13.8,8.1,1.6,3.7,16.4,18.1,-0.8,1.5,0.7,0.023,-3.2,0.4,-2.8,-0.3
Ian Clark,74,1455,9.4,0.529,0.394,0.119,0.8,8.4,4.7,10.4,1.1,0.5,9.9,17.2,0.3,0.8,1.1,0.037,-2.7,-0.8,-3.5,-0.6
Jordan Clarkson,81,1888,16.4,0.542,0.333,0.199,3.3,9.1,6.2,19.3,1.5,0.3,10.9,26.5,1.9,1.2,3,0.077,1.5,-1.4,0.1,1
Gian Clavell,7,64,7.4,0.53,0.833,0.111,1.7,10.8,6.1,6.7,1.6,0,9.6,14.8,0,0,0.1,0.042,-2.7,0.5,-2.2,0
Antonius Cleveland,17,123,4.5,0.486,0.19,0.286,2.7,10.2,6.3,2.2,2.8,3.6,22.8,11.1,-0.2,0.2,0,-0.006,-7.6,2.4,-5.2,-0.1
John Collins,74,1785,18.3,0.62,0.086,0.341,11,22.8,16.9,8.9,1.3,3.8,14.3,17.9,3.4,2,5.4,0.145,-0.4,0.2,-0.2,0.8
Zach Collins,66,1045,7.5,0.475,0.391,0.145,4.7,18.2,11.5,7.1,0.8,2.4,15.9,15.4,-0.7,1.3,0.6,0.03,-4.5,0.2,-4.3,-0.6
Kyle Collinsworth,32,480,10,0.433,0.172,0.404,7.2,18,12.4,16.4,1.8,1.7,17.1,13.3,-0.1,0.5,0.5,0.046,-3.5,0.9,-2.6,-0.1
Darren Collison,69,2018,18.8,0.61,0.321,0.226,2.1,7.8,5,26.4,2.3,0.7,10.9,17.4,5.8,1.8,7.6,0.181,2.4,0.3,2.7,2.4
Nick Collison,15,75,13.2,0.627,0,0.684,10,19.9,14.8,8.2,0,0,22.1,18.2,0.1,0,0.1,0.064,-2.3,-1.9,-4.2,0
Mike Conley,12,373,15.4,0.52,0.458,0.393,0,8.6,4.2,22.2,1.6,0.8,8.4,25.9,0.4,0.2,0.6,0.077,1.3,-0.8,0.5,0.2
Pat Connaughton,82,1488,9.3,0.539,0.538,0.113,2.7,9.1,5.9,8.7,0.8,1.2,9.5,13.4,1.2,1.3,2.5,0.08,-1.7,-0.1,-1.8,0.1
Quinn Cook,33,740,12.8,0.593,0.413,0.099,1.6,10.2,6.2,16.6,0.8,0.1,10.8,17.5,1.1,0.4,1.6,0.101,-0.1,-1.5,-1.6,0.1
Charles Cooke,13,38,-5.1,0.202,0.571,0.143,0,5.5,2.9,3.2,1.3,0,6.3,18.1,-0.2,0,-0.2,-0.239,-10.4,-4,-14.4,-0.1
Jack Cooley,7,87,19.7,0.566,0,0.704,17.6,21.9,19.6,10.5,0.6,0,7.8,19.8,0.3,0,0.3,0.182,0.9,-1.4,-0.6,0
Matt Costello,4,32,9.7,0.5,0,0,3.4,27.9,15.6,8.3,3.2,5.2,20,7,0,0.1,0.1,0.127,-6,5.3,-0.7,0
DeMarcus Cousins,48,1737,22.6,0.583,0.34,0.456,6.8,30.9,19.2,23,2.2,3.5,18.9,31.9,1.5,3.2,4.7,0.13,2.5,2.2,4.7,2.9
Robert Covington,80,2532,12.9,0.563,0.658,0.163,2.4,15.5,9.2,8.7,2.6,2.4,12.3,17.2,1.6,4.5,6.1,0.116,-0.2,1.7,1.5,2.3
Allen Crabbe,75,2197,12.3,0.558,0.643,0.163,1.3,14.4,7.8,8.4,1,1.2,8.1,19,1.8,1.4,3.2,0.07,0,-0.7,-0.7,0.7
Torrey Craig,39,629,9.8,0.535,0.423,0.255,7.2,15.5,11.4,5.4,0.9,2,11.6,11.9,0.5,0.4,0.9,0.069,-2.2,-0.7,-2.9,-0.1
Jamal Crawford,80,1653,13,0.519,0.423,0.152,1.4,5.5,3.5,16.9,1.2,0.5,10.7,23.7,0.9,0.3,1.3,0.037,0.1,-2.5,-2.3,-0.1
Jordan Crawford,5,53,19.1,0.601,0.519,0.037,4.2,4,4.1,37.7,0.9,1.5,15.4,26.5,0.1,0,0.2,0.15,4.9,-0.7,4.2,0.1
Jae Crowder,80,2090,10.4,0.525,0.508,0.221,3.2,11.5,7.4,6.9,1.5,0.9,9.1,17.3,1,1.6,2.6,0.06,-1.9,-0.6,-2.5,-0.3
Dante Cunningham,73,1562,10,0.539,0.462,0.143,5.5,14.9,10.3,4.3,1.2,1.5,7.9,11.6,1.1,1.3,2.4,0.074,-1.5,-0.2,-1.7,0.1
Stephen Curry,51,1631,28.2,0.675,0.58,0.35,2.7,14.4,9,30.3,2.4,0.4,13.3,31,7.2,1.9,9.1,0.267,7.8,0,7.7,4
Troy Daniels,79,1622,9.8,0.583,0.797,0.111,0.8,7.7,4.2,4.5,0.8,0.2,8.5,17.2,1.4,0,1.4,0.042,-0.5,-2.1,-2.6,-0.3
Anthony Davis,75,2727,28.9,0.612,0.111,0.409,7.7,24.8,16.5,10.8,2,5.6,8.6,30,8.8,4.9,13.7,0.241,5.3,1.4,6.7,5.9
Deyonta Davis,62,943,16.6,0.621,0,0.215,9,22,15.3,7.1,0.8,3.9,9.9,15.3,1.9,0.8,2.7,0.138,-0.9,-0.6,-1.5,0.1
Ed Davis,78,1471,15.5,0.607,0.003,0.38,13.7,28.8,21.3,3.9,1.1,2.9,16.2,12.1,2.5,2.5,5,0.164,-1.2,0.6,-0.6,0.5
Dewayne Dedmon,62,1542,15.8,0.599,0.296,0.18,7.2,28.1,17.7,9.2,1.3,2.8,14.3,17,1.8,1.9,3.7,0.114,-0.4,0.5,0.1,0.8
Sam Dekker,73,883,11.5,0.534,0.232,0.216,5.6,16,10.8,6.2,1.3,0.9,10.4,15.5,0.6,0.6,1.2,0.066,-2.3,-0.6,-2.9,-0.2
Malcolm Delaney,54,1014,10.6,0.519,0.435,0.323,1,10,5.5,23.4,1.7,0.5,16.9,16.9,0.4,0.6,1,0.047,-2.2,-0.4,-2.6,-0.1
Matthew Dellavedova,38,712,8.6,0.5,0.513,0.178,2.3,8.2,5.3,27.4,1,0,23,13.5,0.3,0.2,0.5,0.032,-2.4,-2,-4.4,-0.4
Luol Deng,1,13,5.5,0.5,0,0,0,0,0,10.1,3.7,0,33.3,9.8,0,0,0,-0.018,-5.3,2.4,-2.9,0
DeMar DeRozan,80,2711,21,0.555,0.203,0.396,2.5,10.4,6.5,25,1.5,0.6,9.5,29.6,6.8,2.8,9.6,0.17,3.3,-0.6,2.8,3.2
Cheick Diallo,52,581,17,0.619,0,0.375,9.1,29.6,19.7,4.7,0.9,2.9,12,17.4,1.1,0.8,1.9,0.157,-1.3,0.1,-1.2,0.1
Gorgui Dieng,79,1333,14.7,0.543,0.157,0.263,9.1,22.2,15.6,7.5,1.7,2.6,12,16.3,1.6,1.4,2.9,0.105,-0.9,-0.1,-1,0.3
Spencer Dinwiddie,80,2306,15.9,0.527,0.517,0.32,1.8,10.2,6,35,1.4,0.7,11.8,20.3,4.3,1.4,5.7,0.118,1.3,-0.7,0.6,1.5
Tyler Dorsey,56,974,10,0.494,0.521,0.165,1.9,12.9,7.4,12.5,0.9,0.4,8.3,20,0,0.4,0.4,0.02,-1.4,-1.5,-2.9,-0.2
Damyean Dotson,44,474,11.6,0.532,0.422,0.143,2.1,17.5,9.8,9.5,1.3,0.4,9,17.3,0.3,0.3,0.6,0.06,-1.6,-0.6,-2.3,0
Milton Doyle,10,125,5.2,0.337,0.489,0.17,2.5,12.9,7.6,11.7,2.3,1.2,3.8,18.2,-0.3,0.1,-0.1,-0.052,-6.6,-0.2,-6.8,-0.1
PJ Dozier,2,3,-5,0.5,0,0,0,38.3,18.5,0,0,0,33.3,42.9,0,0,0,-0.404,-17.7,-2.7,-20.4,0
Goran Dragić,75,2378,16.6,0.543,0.279,0.252,2.5,11.9,7.2,25.4,1.3,0.4,12.2,25.7,2.9,2.3,5.3,0.106,0.9,-0.6,0.3,1.4
Larry Drew II,10,70,2.9,0.354,0.375,0,4.8,0,2.3,18.5,0,0,11.1,16.6,-0.1,0,-0.1,-0.061,-5.6,-3.4,-9,-0.1
Andre Drummond,78,2625,22.9,0.555,0.012,0.448,16.4,36.4,26.2,14.3,2.2,4.3,15.9,21.2,4.6,5.7,10.3,0.189,1.5,1.7,3.2,3.4
Jared Dudley,48,686,8.8,0.553,0.656,0.287,1.2,13.6,7.3,15.6,1.7,1.3,16.9,10.2,0.5,0.4,0.8,0.058,-3,0.5,-2.5,-0.1
Kris Dunn,52,1525,14.5,0.488,0.201,0.171,1.6,14.4,7.8,33.3,3.3,1.6,17.3,24.7,-1,1.9,0.9,0.027,-2.4,1.1,-1.3,0.3
Kevin Durant,68,2325,26,0.64,0.338,0.331,1.6,19.5,11.2,25.5,1,4,12.9,30.4,7.5,2.9,10.4,0.215,6.7,0.6,7.3,5.5
Jarell Eddie,3,9,-1.9,0,1,0,0,12,6.1,0,5.6,0,0,9.8,0,0,0,-0.142,-9.1,0.8,-8.3,0
Henry Ellenson,38,329,10.5,0.476,0.411,0.199,3.3,24.3,13.6,9.4,0.8,0,10.2,23.8,-0.2,0.4,0.1,0.02,-2.6,-1.9,-4.4,-0.2
Wayne Ellington,77,2041,12.5,0.588,0.827,0.111,1.3,10.7,6,5.9,1.3,0.3,6.6,17.3,2.6,1.9,4.5,0.105,1,-0.6,0.4,1.2
Joel Embiid,63,1912,22.9,0.573,0.203,0.442,8.4,29.7,19.4,18,1,4.8,15.6,33.4,2.3,3.8,6.2,0.155,2,1.3,3.3,2.6
James Ennis III,72,1604,11.6,0.588,0.398,0.302,5.1,11,8,6.6,1.5,1,11.4,13.7,2,1.1,3.1,0.092,-1.1,-0.1,-1.2,0.3
Tyler Ennis,54,683,11.1,0.473,0.25,0.129,3,11.8,7.4,21.9,2.1,1.2,13.8,17.1,0.1,0.7,0.8,0.058,-3,0.9,-2.1,0
Jawun Evans,48,778,7.2,0.421,0.213,0.194,1.3,10.4,5.9,17.8,2.3,0.6,13.8,17.7,-0.8,0.6,-0.2,-0.011,-5.4,0.4,-5,-0.6
Jeremy Evans,1,5,10.4,1,0,0,22.3,0,11.2,0,0,0,50,17.5,0,0,0,-0.028,-5.7,-4.2,-9.9,0
Tyreke Evans,52,1607,21.1,0.561,0.354,0.258,3.1,16.3,9.5,31.2,1.8,1,11.5,28.4,3.1,1.2,4.2,0.126,4.9,-0.5,4.5,2.6
Dante Exum,14,235,16.7,0.566,0.207,0.356,2,10.5,6.3,29.7,1.7,1.1,16.6,23.1,0.3,0.3,0.7,0.133,-0.3,0.4,0.1,0.1
Kenneth Faried,32,461,17.4,0.552,0.007,0.345,16.7,20.7,18.7,5.8,1.3,2.4,11.9,18.3,0.9,0.4,1.3,0.132,-0.3,-1.7,-2.1,0
Derrick Favors,77,2153,18.8,0.593,0.09,0.306,10.6,18.5,14.6,7.8,1.3,3.2,9.9,18.5,4.5,3.5,8,0.179,0.9,0.7,1.5,1.9
Kay Felder,16,140,3.6,0.379,0.271,0.171,2.3,12,6.9,22,1,0.6,17.5,28.4,-0.6,0.1,-0.5,-0.175,-7.7,-3.4,-11.1,-0.3
Cristiano Felício,55,977,12.5,0.614,0.009,0.377,8.8,17.1,12.8,8.4,0.8,1,17.7,13.6,1.2,0.5,1.7,0.086,-2.8,-1.1,-3.9,-0.5
Raymond Felton,82,1365,13,0.494,0.417,0.08,2,11,6.3,22.5,1.8,1.1,11.7,20.4,0.9,1.3,2.2,0.078,-0.3,-0.3,-0.6,0.5
Terrance Ferguson,61,763,7.4,0.545,0.71,0.059,2.7,4.2,3.4,3.4,1.6,1.2,6,10.4,0.7,0.5,1.2,0.077,-3.2,-0.1,-3.3,-0.3
Yogi Ferrell,82,2282,11.4,0.54,0.492,0.141,1.2,11.2,6.1,13.5,1.4,0.4,9.1,17,1.5,1.5,3,0.064,-1.3,0,-1.4,0.4
Dorian Finney-Smith,21,448,7.6,0.482,0.554,0.124,5.3,13.6,9.3,8.4,1.1,0.8,14.1,15.1,-0.2,0.3,0.1,0.015,-3.8,-0.8,-4.6,-0.3
Bryn Forbes,80,1517,9.1,0.525,0.459,0.145,0.9,7.2,4,7.8,0.9,0.1,6.5,16.7,0.8,1.3,2.1,0.067,-2.5,-0.6,-3.1,-0.4
Evan Fournier,57,1837,15.5,0.577,0.418,0.216,1.4,9.5,5.4,14.8,1.3,0.7,9.8,23.3,2.4,0.9,3.3,0.087,0.8,-1.4,-0.6,0.7
De'Aaron Fox,73,2026,11.2,0.478,0.192,0.245,1.8,10,5.7,24.6,1.7,0.9,16.4,23.4,-1.7,1.1,-0.6,-0.014,-2.7,-1.5,-4.2,-1.1
Tim Frazier,59,838,11.3,0.475,0.326,0.174,2.4,13.1,7.8,31.1,2.8,0.7,23.5,12.8,0.4,1,1.4,0.08,-2.8,1.8,-0.9,0.2
Enes Freedom,71,1830,24,0.63,0.003,0.258,16.6,30.6,23.6,9.4,1,1.7,13.3,21.8,5.5,2.1,7.6,0.198,3.3,-1.1,2.2,1.9
Channing Frye,53,695,13.1,0.599,0.542,0.09,1.9,19.4,10.8,7.9,1.3,1.6,8.7,15.2,0.9,0.6,1.5,0.101,-0.5,0,-0.5,0.3
Markelle Fultz,14,253,12.4,0.416,0.009,0.189,4.9,13.1,9.2,31.3,2.3,1.3,12.4,23.1,-0.2,0.4,0.2,0.043,-3.3,0.7,-2.6,0
Danilo Gallinari,21,671,13.8,0.545,0.434,0.34,1.5,14.9,8.3,8.9,0.9,1.2,8.1,20.6,0.8,0.4,1.2,0.088,0.4,-0.9,-0.5,0.3
Langston Galloway,58,863,12.2,0.503,0.641,0.121,1.6,10.3,5.9,10.1,2,0.5,4.8,19.3,0.5,0.9,1.4,0.08,-0.2,0.2,0.1,0.5
Marc Gasol,73,2408,17.4,0.532,0.31,0.326,3.7,25.3,14.2,21.7,1.1,3.9,14.1,25.6,1.5,2.6,4,0.08,1.7,0.6,2.3,2.7
Pau Gasol*,77,1812,18.9,0.539,0.191,0.333,7.8,30.2,19,20.1,0.7,3.6,13.1,20.4,2.7,3.3,6,0.159,1.5,1.9,3.4,2.5
Rudy Gay,57,1231,18,0.545,0.22,0.27,6.8,19.5,13.1,9.8,1.9,2.6,11.5,24.6,1,2.1,3.1,0.122,0.2,0.6,0.8,0.9
Paul George,79,2891,18.7,0.57,0.454,0.307,2.7,14.9,8.6,14.5,2.8,1.2,12.2,25.7,5,3.9,8.9,0.147,2.3,0.6,2.9,3.6
Marcus Georges-Hunt,42,224,6.9,0.515,0.313,0.438,3.6,4.7,4.1,4.1,1.3,0,5,11.9,0.2,0,0.2,0.049,-4.3,-0.9,-5.1,-0.2
Jonathan Gibson,4,40,25.4,0.739,0.522,0,0,8.1,4.1,22.6,0,0,11.5,29,0.1,0,0.2,0.195,4.9,-0.8,4.1,0.1
Taj Gibson,82,2726,15.4,0.61,0.047,0.251,8.1,16.7,12.4,5.2,1.1,1.9,9.8,14.7,5.4,1.7,7.2,0.126,0.1,-0.7,-0.5,1
Manu Ginóbili*,65,1299,12.9,0.553,0.415,0.283,1.6,10.6,6.1,19.1,1.7,1,16.8,21.5,0.6,1.6,2.2,0.082,-1.5,0.2,-1.3,0.2
Rudy Gobert,56,1816,20.7,0.657,0,0.673,10.4,27,18.8,6.9,1.2,6,15.7,16.9,4.2,3.9,8.1,0.214,0.9,2.5,3.4,2.5
Aaron Gordon,58,1909,16.5,0.53,0.395,0.26,5,21.5,13.2,11.7,1.5,1.9,10,24.7,0.9,2,2.9,0.072,0.9,-0.6,0.3,1.1
Eric Gordon,69,2154,15.2,0.578,0.627,0.248,1.3,7.5,4.4,11.7,1,1.1,10.8,24.7,2.9,1.8,4.7,0.105,2,-1.6,0.4,1.3
Marcin Gortat,82,2075,14.7,0.546,0,0.291,9.9,24,17,10.6,1,2.6,13.5,15.5,2.4,2.4,4.9,0.113,-0.8,0.3,-0.6,0.8
Treveon Graham,63,1050,9,0.553,0.439,0.267,4.3,8.3,6.2,7.8,1.5,0.2,9.9,11.3,1.1,0.7,1.8,0.08,-2.8,0.1,-2.7,-0.2
Jerami Grant,81,1647,16.2,0.607,0.241,0.526,5.6,16.3,10.7,5.1,0.9,4.2,8.8,16,3.5,1.9,5.4,0.156,0,0.3,0.3,1
Jerian Grant,74,1686,14.3,0.528,0.372,0.374,1.9,9.3,5.5,30.1,1.8,0.4,13.2,17.4,2.3,1,3.3,0.094,-0.9,-0.5,-1.3,0.3
Josh Gray,5,86,7.2,0.349,0.317,0.268,2.4,10.1,6.2,20.8,4.5,1.9,13.2,26.1,-0.3,0.1,-0.2,-0.118,-5.2,1,-4.2,0
Danny Green,70,1791,11.4,0.509,0.57,0.116,2.5,13,7.7,8.9,1.8,3.7,11.2,16.6,0.1,2.9,2.9,0.078,-1,1.4,0.4,1.1
Draymond Green,70,2287,16.1,0.556,0.414,0.279,3.9,21.1,13.1,29,2,3.1,22.5,17.2,2.6,3.4,6.1,0.127,0.9,1.9,2.8,2.8
Gerald Green,41,929,14.1,0.566,0.722,0.145,1.8,14.2,8.1,4.3,1.3,1.4,6.6,22.4,1,1,2.1,0.107,1,-0.8,0.3,0.5
JaMychal Green,55,1542,14,0.53,0.26,0.227,10.8,24.4,17.4,8.3,1,1.5,12.4,17.8,1.3,1.3,2.6,0.079,-0.8,-1.5,-2.3,-0.1
Jeff Green,78,1828,14.8,0.587,0.275,0.379,3.7,11.2,7.6,8,1.1,1.6,9.4,19.3,3.1,0.8,3.9,0.103,-0.3,-1.5,-1.8,0.1
Blake Griffin,58,1970,19.6,0.544,0.323,0.331,4.1,19.8,12,28.1,1,0.8,12.6,28.9,3.2,1.8,4.9,0.12,3.6,-0.2,3.4,2.7
Daniel Hamilton,6,28,18.2,0.545,0.455,0,0,20.5,9.9,44.2,1.8,0,15.4,19.9,0.1,0,0.1,0.169,1,1.3,2.3,0
Tim Hardaway Jr.,57,1885,14.4,0.533,0.479,0.209,1.9,11.3,6.6,12.7,1.6,0.5,9,23.8,1.6,1.1,2.6,0.067,0.5,-1.1,-0.6,0.7
James Harden,72,2551,29.8,0.619,0.498,0.502,1.8,15.2,8.6,45.1,2.4,1.7,15.1,36.1,11.6,3.8,15.4,0.289,8.5,1.4,9.9,7.7
Maurice Harkless,59,1264,12.6,0.596,0.397,0.199,4,9.9,7,6,1.9,2.8,11,12.6,1.6,1.7,3.2,0.123,-0.4,1.7,1.4,1.1
Montrezl Harrell,76,1293,24.7,0.647,0.013,0.405,8.9,17,13,10.1,1.4,3.4,9.5,23.8,4.3,1.3,5.5,0.205,3.1,0.2,3.3,1.7
Devin Harris,71,1340,13,0.563,0.5,0.374,1,9.8,5.3,16.9,1.8,0.8,12.6,20.2,1.6,0.9,2.5,0.089,-1.5,-0.3,-1.8,0.1
Gary Harris,67,2304,16.5,0.597,0.434,0.178,1.8,6.8,4.3,13,2.6,0.5,10.8,20.7,3.9,1.5,5.5,0.114,1,-0.2,0.8,1.7
Joe Harris,78,1975,13.3,0.634,0.576,0.167,2.7,11.3,7,10.2,0.9,0.8,12,16.6,3,0.9,4,0.097,0.7,-0.6,0.1,1
Tobias Harris,80,2668,17.1,0.565,0.364,0.177,2.4,15.7,9,11.8,1.3,1.1,7.4,23.3,4.2,2.5,6.7,0.12,2.3,-0.4,1.9,2.6
Aaron Harrison,9,233,5.1,0.392,0.623,0.246,1.8,9.9,5.7,6.7,1.9,0.8,3.8,15.5,-0.3,0.2,-0.1,-0.014,-6.8,-0.6,-7.5,-0.3
Andrew Harrison,56,1326,12.7,0.534,0.331,0.371,2,9.7,5.7,21.3,1.4,1.8,14,19.6,1,0.7,1.7,0.062,-1,-0.5,-1.5,0.2
Shaquille Harrison,23,384,15.6,0.54,0.21,0.306,2.5,14.7,8.5,22.2,3.2,1.5,13.5,18,0.4,0.4,0.8,0.094,-2.3,1.7,-0.7,0.1
Josh Hart,63,1461,12.2,0.596,0.525,0.251,3.1,16,9.6,7.6,1.5,0.9,10.1,13.5,1.9,1.5,3.4,0.111,-0.6,0.5,-0.1,0.7
Udonis Haslem,14,72,1.8,0.252,0.533,0.133,4.7,10.9,7.8,9.2,0,2.4,11.2,11.1,-0.1,0.1,-0.1,-0.059,-5.9,-1.8,-7.7,-0.1
Nigel Hayes,9,122,6.4,0.393,0.485,0.091,3.6,17.5,10.3,6.7,0.8,2.3,5.5,13.3,-0.2,0.1,-0.1,-0.034,-3.7,-0.1,-3.8,-0.1
Gordon Hayward,1,5,7.3,0.5,0.5,0,0,21.6,10.9,0,0,0,0,17.9,0,0,0,0.056,-6.6,-0.8,-7.4,0
Reggie Hearn,3,7,13.1,0.75,1,0,0,0,0,0,0,0,0,12.7,0,0,0,0.132,2.9,-1.4,1.5,0
Myke Henry,20,378,9.7,0.472,0.532,0.092,3,8.8,5.8,8.9,4.1,1.5,14.4,15.7,-0.3,0.4,0.1,0.017,-3.1,1.8,-1.3,0.1
John Henson,76,1970,15.7,0.582,0.014,0.315,9,21.5,15.3,8.6,1.1,4.7,12.8,15,2.8,2.2,4.9,0.12,-1,0.1,-0.9,0.5
Juancho Hernangómez,25,277,9.7,0.511,0.667,0.16,7.4,14.6,11,5.9,1.1,0.9,10.1,14,0.2,0.1,0.4,0.061,-1.6,-1.7,-3.3,-0.1
Willy Hernangómez,48,495,21.2,0.604,0.073,0.549,13.3,27.2,20.2,10.5,1.8,2.7,14.7,21,1.1,0.7,1.8,0.174,0.9,0.5,1.4,0.4
Mario Hezonja,75,1657,13.7,0.544,0.433,0.17,2.7,16.1,9.3,10,2.4,1.5,11.5,19.9,0.5,1.8,2.3,0.066,-0.9,0.4,-0.5,0.6
Isaiah Hicks,18,240,6.8,0.501,0.125,0.25,4.6,14.3,9.5,9.5,0.4,1.4,16.7,17.4,-0.1,0.1,0,-0.003,-6.4,-1.2,-7.6,-0.3
Buddy Hield,80,2024,16.1,0.557,0.437,0.087,3,14.8,8.6,12.8,2.1,1,11.3,24.3,1.3,1.5,2.8,0.067,1.6,-0.5,1,1.5
Nenê,52,758,16.4,0.594,0.008,0.448,8.1,18,13.1,9.5,1.8,1.6,11.7,18.9,1.5,1.1,2.6,0.163,-1.6,0.6,-1,0.2
George Hill,67,1812,13.3,0.58,0.4,0.273,2.6,8.9,5.7,15,1.7,1.3,13.3,16.3,2.3,0.9,3.2,0.085,-0.2,-0.5,-0.8,0.6
Solomon Hill,12,187,4.8,0.332,0.512,0.146,5.4,15.1,10.4,14.4,1.8,0.4,17.1,12.2,-0.2,0.2,-0.1,-0.014,-5.3,0.5,-4.8,-0.1
Darrun Hilliard,14,95,3.4,0.362,0.316,0.368,0,8.2,4.1,15.3,1.1,0,15.3,12.3,-0.1,0.1,0,-0.015,-7.1,-0.8,-7.9,-0.1
Jrue Holiday,81,2927,17.8,0.57,0.286,0.191,2.4,10.8,6.8,24.9,2,1.7,13.6,23.1,4.2,2.9,7.1,0.116,1.3,0.3,1.6,2.7
Justin Holiday,72,2265,10.8,0.513,0.574,0.21,1.4,12.8,6.9,10.1,1.7,1.2,9.8,18.2,0.1,1.6,1.7,0.036,-1.6,-0.3,-1.9,0
John Holland,24,174,5.9,0.417,0.61,0.22,3.9,11.4,7.7,3.9,2,1,11,18.5,-0.3,0.1,-0.2,-0.05,-3.6,-1.9,-5.5,-0.2
Rondae Hollis-Jefferson,68,1920,16.9,0.548,0.075,0.436,5.5,20,12.7,14.2,1.6,1.9,12.3,22.2,2.1,2,4.1,0.103,-0.3,0.4,0.1,1
Richaun Holmes,48,746,17.4,0.585,0.129,0.232,8.6,21.4,15.2,12.3,1.3,3.2,8.6,16.6,1.6,1.3,2.8,0.183,-0.3,1.4,1.1,0.6
Rodney Hood,60,1616,14.3,0.546,0.443,0.172,1.6,9.9,5.8,9.7,1.4,0.6,8,24.3,1.2,1.5,2.7,0.081,0.8,-0.9,-0.1,0.8
Scotty Hopson,1,8,-4.6,0.266,0,2,0,0,0,15.8,0,0,34.7,16.3,0,0,0,-0.238,-9.2,-4.7,-14,0
Al Horford,72,2277,17.6,0.575,0.3,0.159,5,20.2,12.7,23.6,0.9,2.9,14.1,18.4,4,3.8,7.8,0.165,2.4,2,4.4,3.7
Danuel House Jr.,23,403,12.4,0.533,0.45,0.24,3.4,17,10.1,9.4,0.8,1.2,7.2,16.2,0.4,0.1,0.6,0.066,-0.8,-0.8,-1.6,0
Dwight Howard,81,2463,20.5,0.577,0.008,0.639,11,33.8,22.2,7.1,1,4.4,15.1,24.2,2.9,3.9,6.8,0.132,-0.3,0.1,-0.1,1.2
Josh Huestis,69,982,5.4,0.417,0.632,0.11,4.6,13.9,9.1,2.7,0.8,4,12,9.5,-0.5,1,0.5,0.024,-3.9,0,-3.9,-0.5
R.J. Hunter,5,45,8.5,0.455,0.7,0.1,0,12.4,6.3,10.3,3.3,0,8.7,22.5,0,0.1,0,0.022,-5.2,1.9,-3.3,0
Vince Hunter,4,7,35.8,0.6,0,0,32.3,16.9,24.8,0,0,13.4,16.7,38.5,0,0,0,0.097,10.4,-0.7,9.7,0
Serge Ibaka,76,2093,14.7,0.574,0.379,0.151,4.3,21,12.8,4.4,0.7,3.8,9.7,19.4,2.1,3,5.1,0.117,-0.1,0,-0.1,1
Andre Iguodala,64,1622,11.2,0.536,0.366,0.272,3.7,12.6,8.5,16.2,1.6,1.9,15.8,11.5,1.6,1.6,3.2,0.094,-1.1,0.8,-0.3,0.7
Ersan İlyasova,69,1729,14.9,0.558,0.413,0.22,7.6,18,12.9,7.9,1.7,1.3,9.7,18.7,2.2,1.9,4,0.112,-0.2,-0.4,-0.6,0.6
Joe Ingles,82,2578,14.4,0.623,0.646,0.116,1.1,13.9,7.6,22.9,1.8,0.7,17.4,15.9,4,3.6,7.6,0.141,1,1.3,2.3,2.8
Andre Ingram,2,64,16.3,0.655,0.529,0.176,1.7,8.3,5,15.3,2.2,3.8,14.1,14.1,0.1,0.1,0.2,0.157,1.7,2.5,4.3,0.1
Brandon Ingram,59,1975,13.8,0.536,0.138,0.371,3.1,13.8,8.5,17.7,1.1,1.8,14.4,22.2,1,1.8,2.8,0.068,-0.9,-0.3,-1.2,0.4
Kyrie Irving,60,1931,25,0.61,0.374,0.24,1.9,10.8,6.4,30.7,1.7,0.7,10.4,31,6.3,2.7,8.9,0.222,6.4,0.9,7.3,4.5
Jonathan Isaac,27,536,9.8,0.465,0.317,0.172,3.3,17.2,10.2,4.8,3,4.5,14.8,15,-0.6,0.8,0.2,0.021,-3.8,2.4,-1.4,0.1
Wes Iwundu,62,1020,7.8,0.48,0.211,0.216,3.9,11,7.4,7.8,1.6,0.9,11.2,11.6,0,0.7,0.7,0.032,-4.2,-0.1,-4.3,-0.6
Jarrett Jack,62,1548,11.5,0.489,0.194,0.169,1.6,12.1,6.8,31.3,1.1,0.2,19.5,16.7,0.5,0.7,1.2,0.036,-1.6,-1.3,-2.8,-0.3
Aaron Jackson,1,35,2.4,0.405,0.444,0.222,6.5,3.2,4.8,4,0,0,9.2,13.7,0,0,0,-0.017,-6.6,-2.3,-8.9,-0.1
Demetrius Jackson,15,80,5.4,0.424,0.389,0.111,7.1,9.8,8.4,15.9,3.1,1.1,34.6,15.8,-0.2,0.1,-0.1,-0.047,-6.1,0.9,-5.2,-0.1
Josh Jackson,77,1959,11.8,0.48,0.233,0.299,5.1,14.2,9.6,10.1,2,1.4,12.2,26,-2,1.2,-0.7,-0.018,-2.8,-1.4,-4.2,-1.1
Justin Jackson,68,1506,9.2,0.521,0.442,0.086,2,12.6,7.1,7.2,0.9,0.8,8.4,14.2,0.4,0.5,1,0.031,-2.4,-1.1,-3.5,-0.6
Reggie Jackson,45,1201,15.9,0.516,0.293,0.232,2.6,9,5.7,32.8,1.1,0.3,13.5,27.1,1.1,0.9,2,0.078,1,-1.4,-0.4,0.5
LeBron James,82,3026,28.6,0.621,0.257,0.336,3.7,22.3,13.1,44.4,1.9,2,16.1,31.6,11,3,14,0.221,7.3,1.4,8.7,8.2
Mike James,36,687,13.9,0.469,0.305,0.262,2,12.2,7,29.4,2,0.8,12,25.1,-0.1,0.3,0.2,0.017,-0.5,-1,-1.5,0.1
Al Jefferson,36,484,20.2,0.563,0.014,0.173,7,26.2,16.7,10,1.7,4.2,8.6,22.5,0.8,0.8,1.6,0.158,0.6,1.5,2,0.5
Richard Jefferson,20,163,6.4,0.499,0.259,0.259,1.4,10.3,5.9,12,0.6,0.5,14.3,9.4,0.1,0,0.1,0.029,-3.5,-0.8,-4.3,-0.1
Brandon Jennings,14,205,12.7,0.478,0.458,0.139,2.9,14.8,8.9,31.1,1.5,1.7,19.1,20.8,0,0.1,0.1,0.026,-1.2,-2.2,-3.4,-0.1
Jonas Jerebko,74,1134,13.2,0.586,0.46,0.167,5.4,19.1,12.3,5.7,1.1,0.9,6.9,15.6,1.8,1.6,3.4,0.144,-0.4,0.4,0.1,0.6
Amir Johnson,74,1171,14.9,0.575,0.123,0.327,11.8,18.3,15.2,13.9,1.8,3.1,15.6,12.8,2.1,2,4.1,0.169,-1.2,2.2,1,0.9
Brice Johnson,18,98,18.2,0.486,0.024,0.119,10.4,25.5,17.9,3.4,4.5,5.5,10.2,22.3,0,0.2,0.2,0.082,-2.1,1.7,-0.4,0
Dakari Johnson,31,161,16.4,0.575,0,0.513,10.7,12.8,11.7,7.2,1.8,4.5,5.9,13.5,0.4,0.2,0.6,0.178,-1.2,0.9,-0.3,0.1
James Johnson,73,1943,15.8,0.575,0.301,0.264,3.5,17.2,10.3,22.5,1.8,2.2,17.1,19.1,2.2,2.8,5,0.123,0,1.6,1.6,1.7
Joe Johnson,55,1205,8.1,0.49,0.403,0.125,1.3,14.7,8.1,10.2,0.7,0.5,11.4,15.9,-0.3,1.3,1,0.04,-2.7,-0.2,-2.9,-0.3
Omari Johnson,4,75,10.5,0.524,0.571,0,6,11.1,8.5,14.5,1.3,0,12.5,14.4,0.1,0,0.1,0.053,-1.8,-2.7,-4.5,0
Stanley Johnson,69,1894,9,0.48,0.418,0.259,1.9,13,7.3,8.5,2.5,0.7,11,16.4,-0.6,2.4,1.8,0.046,-4,1.1,-2.9,-0.4
Tyler Johnson,72,2052,13,0.549,0.456,0.181,1.9,11.7,6.8,12.4,1.5,1.4,9.5,18.6,1.9,2.3,4.2,0.097,-0.5,0.2,-0.3,0.9
Wesley Johnson,74,1486,9.8,0.512,0.481,0.158,2.2,13.6,8,5.6,2.5,3.5,12.3,13,-0.1,1.7,1.7,0.055,-2.5,1.7,-0.7,0.5
Nikola Jokić,75,2443,24.4,0.603,0.277,0.31,9,27.9,18.5,29.6,1.8,2.1,15.5,24.2,7.8,2.9,10.7,0.211,5.3,1.6,6.9,5.5
Damian Jones,15,89,6.8,0.517,0,0.227,6.8,10.6,8.8,2.9,0.5,2.7,14.2,13.9,0,0.1,0.1,0.031,-5.3,-1.8,-7.1,-0.1
Derrick Jones Jr.,20,245,10.1,0.48,0.34,0.453,9.6,7.8,8.7,5.1,0.8,4.4,9.9,12.8,0.1,0.2,0.4,0.075,-2.9,0.2,-2.7,0
Jalen Jones,16,181,10.3,0.485,0.382,0.279,7.7,15.7,11.6,3.5,1.4,0.5,8.4,20.9,0,0.2,0.1,0.027,-3.4,-2.6,-6,-0.2
Tyus Jones,82,1467,14.1,0.572,0.393,0.247,1.2,9.2,5.2,21.2,3.2,0.4,14,12.7,2.3,1.2,3.6,0.117,-0.8,1.7,0.8,1.1
DeAndre Jordan,77,2424,20.2,0.648,0,0.54,15.1,37.6,26.5,7.1,0.8,2.4,16.1,15.2,6,3.4,9.4,0.186,1.7,-0.3,1.4,2.1
Cory Joseph,82,2210,11,0.503,0.315,0.156,2,11.4,6.7,16.1,1.8,0.7,11.9,14.8,1.2,2,3.1,0.068,-1.8,0.3,-1.5,0.3
Frank Kaminsky,79,1835,14.4,0.545,0.383,0.271,2.7,14.5,8.5,11,1,0.9,7.6,20.5,2.3,1.3,3.6,0.094,0.6,-0.8,-0.2,0.8
Luke Kennard,73,1463,12.1,0.56,0.419,0.163,1.6,11.9,6.6,12.7,1.5,0.8,12.2,17.2,1.1,1.4,2.6,0.085,-0.9,0.1,-0.8,0.5
Michael Kidd-Gilchrist,74,1850,12.5,0.536,0.004,0.305,4.8,13,8.8,5.9,1.3,1.4,7.7,16.1,1.7,1.6,3.3,0.084,-2.1,0,-2.1,-0.1
Sean Kilpatrick,52,640,11.6,0.507,0.49,0.245,0.8,14.2,7.5,11.3,1,0.7,10.4,24.9,-0.2,0.3,0.1,0.008,-1.1,-1.7,-2.8,-0.1
Maxi Kleber,72,1206,13.4,0.576,0.414,0.191,6.3,15.6,10.8,6.4,1.1,3.5,8.2,13.7,1.6,1.2,2.8,0.113,-1,0.5,-0.5,0.5
Furkan Korkmaz,14,80,3.4,0.386,0.607,0.143,2.8,11.7,7.4,6.7,1.2,1,6.3,16.9,-0.1,0.1,0,-0.006,-6.6,-1,-7.6,-0.1
Luke Kornet,20,326,13.6,0.516,0.632,0.088,3.8,18,10.9,11.6,0.9,4.2,8.5,19,0.2,0.3,0.5,0.077,0.4,-0.2,0.2,0.2
Kyle Korver,73,1574,13.4,0.652,0.777,0.149,0.7,10.9,5.9,8,1,1.5,9.6,16,2.8,0.6,3.4,0.104,1.5,-1.2,0.2,0.9
Kosta Koufos,71,1391,17.5,0.566,0,0.19,11.7,27.6,19.3,9.7,1.7,2.2,10.4,15.2,2.3,1.5,3.9,0.134,-0.2,-0.2,-0.4,0.6
Kyle Kuzma,77,2401,14.2,0.549,0.418,0.2,3.9,17.4,10.7,9.1,1,1.1,11,22.5,1.5,2.3,3.8,0.077,0.3,-1,-0.7,0.8
Mindaugas Kuzminskas,1,2,-41.1,0,0,0,0,0,0,0,0,0,0,43.7,0,0,0,-1.065,-33,-21.7,-54.7,0
Skal Labissière,60,1240,14.3,0.513,0.111,0.258,8.7,18.1,13.2,9.1,1,3.7,12.5,21.1,0.4,1,1.4,0.054,-1.9,-0.8,-2.7,-0.2
Jeremy Lamb,80,1967,17,0.559,0.305,0.25,2.7,15.4,8.9,15.4,1.5,1.4,9.1,22.4,3,1.9,4.9,0.12,1.3,0.2,1.6,1.8
Shane Larkin,54,775,10.3,0.491,0.393,0.169,2.1,10.7,6.5,18.5,1.9,0.2,12.3,15.5,0.3,1.1,1.4,0.087,-2.8,1.1,-1.7,0.1
Joffrey Lauvergne,55,534,16.5,0.536,0.026,0.247,13,22.6,17.8,12.2,0.9,0.5,13.5,20.4,0.6,0.7,1.3,0.12,-0.4,-0.6,-1,0.1
Zach LaVine,24,656,14.6,0.499,0.346,0.301,1.4,14.4,7.7,18.6,1.8,0.5,9.7,29.5,-0.1,0.5,0.3,0.025,-0.8,-1.5,-2.3,-0.1
Jake Layman,35,160,4.9,0.352,0.426,0.064,2.8,8.1,5.5,9.4,1.9,2,9.4,14.6,-0.3,0.2,-0.1,-0.021,-4.8,0.4,-4.3,-0.1
T.J. Leaf,53,459,10.7,0.545,0.309,0.118,7.2,13,10.1,2.8,0.5,0.8,6.5,14.9,0.5,0.3,0.8,0.082,-1.4,-1.7,-3.1,-0.1
Courtney Lee,76,2310,13,0.564,0.368,0.164,1.4,9.3,5.4,11.3,1.7,0.6,9.4,16.9,2.7,1.2,3.9,0.082,-0.1,-0.2,-0.3,1
Damion Lee,15,404,12,0.489,0.395,0.191,3,16.6,9.8,11.2,2.3,0.2,7.8,19.3,0,0.4,0.4,0.046,-2.3,0.4,-1.9,0
Walt Lemon Jr.,5,35,6.9,0.491,0.063,0.188,0,6,3.1,21.1,0,2.3,18.8,26.4,-0.1,0,-0.1,-0.071,-5.3,-2.9,-8.2,-0.1
Alex Len,69,1395,19.4,0.612,0.008,0.611,13.2,26.7,19.8,9.1,0.9,3.5,14,17,3.2,1.3,4.5,0.154,0.6,-0.3,0.3,0.8
Kawhi Leonard,9,210,26,0.572,0.315,0.342,3.1,19.1,11.1,17.7,4.3,3.6,11.1,30.6,0.3,0.5,0.9,0.196,5.2,4.9,10.1,0.6
Meyers Leonard,33,254,17.8,0.676,0.333,0.141,5.2,24.7,15,10.6,1.4,0,10.8,16.1,0.7,0.3,1.1,0.2,1,0.9,2,0.3
Jon Leuer,8,136,8.9,0.505,0.083,0.417,5.6,20.7,13,5.3,0.4,2,14.1,16.1,0,0.1,0.1,0.05,-4.3,-0.3,-4.6,-0.1
Caris LeVert,71,1864,14.2,0.525,0.333,0.254,3,11.9,7.4,26,2.1,0.9,15.8,22.5,0.7,1.6,2.3,0.058,-0.8,0,-0.8,0.6
DeAndre Liggins,58,724,6,0.467,0.5,0.047,1.1,10.6,5.9,8.4,2.5,1.6,15.6,7.9,-0.2,0.7,0.5,0.034,-4.3,1.8,-2.5,-0.1
Damian Lillard,73,2670,25.2,0.594,0.445,0.38,2.6,10.6,6.6,30.9,1.4,0.8,11.1,30.6,9.9,2.7,12.6,0.227,7,0.3,7.2,6.3
Jeremy Lin,1,25,15.9,0.597,0.167,0.583,0,0,0,27.1,0,0,16.6,31.3,0,0,0,0.087,-1,-4.4,-5.4,0
Shaun Livingston,71,1129,11.6,0.533,0.015,0.178,3.4,9.2,6.5,16.8,1.5,1.5,13.6,16.6,0.9,0.9,1.8,0.077,-2.8,-0.4,-3.1,-0.3
Kevon Looney,66,910,14.8,0.588,0.026,0.399,11,15.2,13.2,6,1.8,4.9,12,12.4,1.5,1.3,2.8,0.145,-1.2,1,-0.2,0.4
Brook Lopez,74,1735,16.5,0.557,0.41,0.199,4.6,13.4,9,11.6,0.8,4.6,10.2,23.5,1.9,1.9,3.8,0.105,0.7,0.2,0.9,1.3
Robin Lopez,64,1690,14.7,0.552,0.022,0.14,8.2,10.3,9.2,12.3,0.4,2.8,13.5,20.4,1.2,0.7,1.9,0.055,-0.9,-1.3,-2.2,-0.1
Kevin Love,59,1651,22.4,0.614,0.453,0.365,7,29.8,18.6,9.8,1.3,1.2,9.6,25.1,4.7,1.6,6.4,0.185,4.5,-1.3,3.3,2.2
Kyle Lowry,78,2510,19.5,0.598,0.631,0.276,3,16.1,9.7,30.9,1.7,0.6,14.7,21.7,7,3.1,10.2,0.194,4.7,0.5,5.2,4.5
Timothé Luwawu-Cabarrot,52,807,7,0.511,0.592,0.217,1.9,7.5,4.8,9.3,0.7,0.5,11.5,17.5,0.1,0.7,0.8,0.046,-3.1,-1.1,-4.1,-0.4
Tyler Lydon,1,2,0,,,,0,0,0,0,0,0,,0,0,0,0,-0.014,-3.9,-1.6,-5.4,0
Trey Lyles,73,1391,17.9,0.591,0.396,0.26,4.5,23.5,14,10.1,1.1,2,9.1,21.1,2.7,1.2,3.9,0.135,2,-0.7,1.3,1.1
Shelvin Mack,69,1365,13.3,0.518,0.336,0.234,1.8,11.6,6.7,29.5,1.9,0.5,16.3,17.6,1,1,1.9,0.069,-1.2,-0.2,-1.4,0.2
Josh Magette,18,216,11.9,0.464,0.478,0.174,1,8.8,4.9,36.4,1.8,0.4,15.4,11.8,0.3,0.1,0.4,0.092,-2,-0.6,-2.6,0
Ian Mahinmi,77,1145,12.2,0.601,0.008,0.516,13.4,17.4,15.4,6.6,1.6,3.2,24.7,15.6,0.8,1.4,2.2,0.093,-4.6,0.2,-4.4,-0.7
Thon Maker,74,1238,10.2,0.499,0.329,0.294,7.1,14.1,10.6,5.2,1.5,3.7,11,14.6,0.3,1.1,1.5,0.056,-3.2,-0.4,-3.5,-0.5
Boban Marjanović,39,337,26,0.616,0,0.655,15.7,31.4,23.5,11.2,1.5,2.8,15.9,29.4,1,0.5,1.5,0.215,2.3,0.2,2.5,0.4
Lauri Markkanen,68,2020,15.6,0.552,0.465,0.193,4,23.7,13.5,6.4,0.9,1.8,8.2,21.9,1.7,1.6,3.3,0.079,1,-1.2,-0.2,0.9
Jarell Martin,73,1661,10.5,0.516,0.198,0.234,6.6,15.8,11.1,7,1.2,2.8,13.6,17.1,0.1,1.2,1.3,0.038,-3.3,-0.7,-4,-0.8
Frank Mason III,52,984,13,0.48,0.226,0.303,3.3,12.1,7.5,22.7,1.7,1,13.1,22.6,0,0.6,0.5,0.027,-1.3,-1,-2.3,-0.1
Mangok Mathiang,4,20,18,0.538,0,0.143,16,38.5,27.1,0,2.4,0,0,16.1,0,0,0.1,0.183,-3.3,-1.3,-4.6,0
Wesley Matthews,63,2131,11.4,0.541,0.577,0.145,1.4,9.2,5.2,12.3,1.8,0.7,10.1,17.6,1,1.6,2.6,0.059,-1,0.1,-0.9,0.6
Luc Mbah a Moute,61,1564,10.3,0.595,0.501,0.275,1.6,11.7,6.7,5,2.3,1.4,15,12.8,0.8,2.1,2.8,0.087,-1.6,1.4,-0.2,0.7
James Michael McAdoo,3,18,7.4,0.508,1,0.286,0,11.5,6,0,0,4.6,11.3,21,0,0,0,0.023,-2.3,-0.7,-3,0
Patrick McCaw,57,961,7.4,0.477,0.356,0.151,2,7.2,4.8,10.6,2.2,0.8,14.6,12.8,-0.3,0.8,0.6,0.029,-4.3,0.1,-4.1,-0.5
CJ McCollum,81,2923,17,0.536,0.316,0.166,2,9.9,6,15.8,1.3,1,8.6,26.5,3.7,2.9,6.6,0.108,1.8,-0.5,1.2,2.4
T.J. McConnell,76,1706,12.5,0.545,0.147,0.093,2.4,11.5,7.1,24.5,2.6,0.6,20.4,13.8,1.3,2.5,3.8,0.108,-1.9,1.9,0,0.9
Erik McCree,4,8,-8.9,0,0.5,0,0,14,7.1,0,6.3,0,33.3,16.9,-0.1,0,-0.1,-0.334,-14.7,1,-13.7,0
Chris McCullough,19,90,15.8,0.478,0.19,0.333,8.8,22.6,15.7,7.1,0,4.9,4,24.6,0.1,0.1,0.2,0.081,-0.3,-1.5,-1.8,0
Doug McDermott,81,1768,10.4,0.579,0.425,0.159,2.5,10.2,6.3,6.5,0.5,0.8,9.3,15,1.7,0.6,2.3,0.063,-1,-1.3,-2.2,-0.1
JaVale McGee,65,615,22.3,0.641,0.027,0.237,11.5,18.7,15.4,8,1.6,7.3,10,19.2,1.7,1.1,2.7,0.212,0.3,1.2,1.5,0.5
Rodney McGruder,18,299,12,0.595,0.479,0.11,4.1,8.3,6.2,8.4,1.3,0.9,5,12.1,0.5,0.3,0.8,0.125,-1,-0.3,-1.4,0.1
Trey McKinney-Jones,1,1,0,,,,0,0,0,0,0,0,,0,0,0,0,-0.001,-6.2,-2.3,-8.5,0
Alfonzo McKinnie,14,53,10.1,0.643,0.6,0.2,2.2,12.4,7.4,2.7,0.9,1.5,15.5,16,0,0.1,0.1,0.084,-2.6,-0.4,-3,0
Ben McLemore,56,1091,9.7,0.526,0.426,0.172,3.5,11.4,7.4,7.5,1.8,1.3,13.2,19,-0.2,0.7,0.5,0.023,-2.9,-1,-3.9,-0.5
Josh McRoberts,2,6,-12.5,0,1,0,0,0,0,0,0,0,0,7.6,0,0,0,-0.19,-17.9,-3.6,-21.4,0
Jodie Meeks,77,1119,12.4,0.548,0.534,0.298,1.5,11.2,6.4,9.1,1.3,0.3,7.7,19,1.3,0.8,2,0.087,-0.3,-0.8,-1.1,0.3
Salah Mejri,61,729,17.8,0.644,0.022,0.482,12.5,25.4,18.7,7.2,1.5,8.2,19,12.8,1.3,1.3,2.7,0.175,-2,2.8,0.7,0.5
Jordan Mickey,23,284,10.6,0.515,0.195,0.232,7.1,24.9,16,4.8,1.1,3,16.6,17.1,-0.1,0.4,0.3,0.054,-5.2,-0.3,-5.6,-0.3
Khris Middleton,82,2982,17.4,0.577,0.32,0.285,1.8,15,8.4,17.7,2,0.6,11.8,24.6,4.6,2.3,6.9,0.111,0.8,-0.8,0,1.5
C.J. Miles,70,1337,13,0.545,0.758,0.162,1.5,11,6.4,6,1.4,1.3,5.7,22.3,1.4,1.5,2.9,0.103,1,-0.7,0.3,0.8
Darius Miller,82,1944,9.3,0.617,0.735,0.138,1,7.9,4.6,7.5,0.7,0.7,10.1,12.8,2.1,0.9,3,0.075,-1.1,-0.8,-1.9,0.1
Malcolm Miller,15,126,8.9,0.638,0.75,0.143,3.6,9.6,6.7,3.2,0.4,1.3,14.4,12.1,0.1,0.1,0.2,0.087,-0.8,-0.2,-1,0
Patty Mills,82,2107,11.8,0.558,0.607,0.173,1.4,6.8,4.1,16,1.3,0.4,12.6,17.8,2,2.1,4.1,0.093,-0.6,-0.4,-1,0.5
Paul Millsap,38,1143,17,0.549,0.26,0.37,6.4,17.6,12.1,13.9,1.7,3.2,12.6,22,1.4,1.1,2.5,0.107,0.4,0,0.4,0.7
Nikola Mirotić,55,1494,18.7,0.577,0.523,0.2,4.3,24.9,14.6,8.6,1.4,2.2,7.7,23.4,2.2,1.8,4,0.128,2.5,-0.3,2.2,1.6
Donovan Mitchell,79,2638,16.7,0.541,0.404,0.218,2.3,10.4,6.4,19.4,2.2,0.9,12.6,29.1,1.4,3.8,5.2,0.095,0.9,0.3,1.2,2.2
Naz Mitrou-Long,1,1,133.8,1.5,1,0,0,0,0,0,0,0,0,45,0.1,0,0.1,2.712,199.4,42.7,242.2,0
Malik Monk,63,854,10.2,0.477,0.572,0.089,1,7.5,4.2,16.9,1.1,0.9,10,24.9,-0.5,0.5,0,0,-1.3,-2,-3.4,-0.3
Greg Monroe,51,1040,21.2,0.598,0,0.308,11.4,25.2,18.3,18.7,2.1,1.8,17.7,22.4,1.8,1.6,3.4,0.155,1.3,1,2.2,1.1
Luis Montero,2,8,-15.5,0,0,0,0,28.2,13.8,0,0,0,66.7,16.6,-0.1,0,-0.1,-0.445,-19,-6.6,-25.6,0
Ben Moore,2,9,-2.3,,,,0,12.5,6.3,13.1,0,0,,0,0,0,0,0.072,-10.5,1.3,-9.3,0
E'Twaun Moore,82,2586,12.1,0.593,0.362,0.082,2.5,7.3,5,10.1,1.5,0.4,10.6,16.1,2.8,1.6,4.4,0.081,-1,-0.5,-1.6,0.3
Eric Moreland,67,805,13.9,0.531,0,0.238,10.9,27.6,19.1,13.3,1.9,5.6,23.8,9.7,0.7,1.6,2.3,0.135,-2.8,3.3,0.5,0.5
Jaylen Morris,6,98,6.5,0.438,0.313,0,2.3,15.9,9.1,10.8,1,0.9,15.8,16.9,-0.2,0.1,-0.1,-0.053,-4.4,-1,-5.4,-0.1
Marcus Morris,54,1442,14.5,0.541,0.383,0.252,3.3,18.4,11,8.2,1.2,0.7,8.7,23,1.1,2.2,3.2,0.108,-0.1,-0.1,-0.1,0.7
Markieff Morris,73,1968,13.2,0.566,0.301,0.186,4.3,19.2,11.8,11,1.4,1.7,14.6,19.5,1.2,2.1,3.3,0.08,-1.3,0.1,-1.3,0.4
Monte Morris,3,25,27.1,0.727,0.167,0.333,0,9,4.5,41.2,5.9,0,12.7,13.7,0.1,0,0.2,0.312,4.3,5,9.4,0.1
Johnathan Motley,11,176,17.2,0.55,0.08,0.373,8.5,22.9,15.5,7.1,0.9,1,9.3,24.9,0.1,0.2,0.3,0.084,-1.3,-2,-3.3,-0.1
Timofey Mozgov,31,359,12.3,0.617,0.194,0.323,9.4,19.7,14.5,4.8,0.7,2.7,23.7,16.8,0.1,0.3,0.4,0.055,-3.3,-0.6,-3.9,-0.2
Emmanuel Mudiay,64,1245,11.5,0.474,0.281,0.245,2.3,11.3,6.8,24.5,1.6,0.8,16.2,24.4,-0.8,0.7,0,-0.002,-2.1,-1.8,-3.9,-0.6
Shabazz Muhammad,43,418,15.4,0.51,0.144,0.266,6.3,14.8,10.6,5.7,1.1,0.6,2.8,23,0.5,0.2,0.7,0.081,-0.3,-2.3,-2.5,-0.1
Xavier Munford,6,21,-2.1,0.218,0.333,0.333,5.6,0,2.8,24.6,2.4,0,22.5,19.1,-0.1,0,-0.1,-0.197,-9.3,-2,-11.3,0
Dejounte Murray,81,1743,15.1,0.485,0.056,0.243,7,22.4,14.6,20.2,2.8,1.5,16.6,20.7,-0.2,3.4,3.2,0.087,-1.6,2.2,0.5,1.1
Jamal Murray,81,2565,16.1,0.576,0.411,0.238,3.6,9.4,6.5,16.4,1.5,0.9,12.8,22.8,4.3,1.2,5.5,0.103,1.2,-1.5,-0.3,1.1
Mike Muscala,53,1060,14.4,0.597,0.535,0.199,5.9,18.3,12.1,7.3,1.4,2.2,11,15.7,1.5,0.9,2.4,0.109,0.3,0.1,0.3,0.6
Abdel Nader,48,522,5.1,0.439,0.436,0.262,2.8,12,7.4,7.1,1.4,1.6,17,17.1,-0.9,0.8,-0.1,-0.014,-5.5,0.2,-5.3,-0.4
Larry Nance Jr.,66,1421,20.2,0.605,0.029,0.332,12.4,22,17.3,8.6,3,2.2,9.7,15.9,3.5,2.3,5.8,0.196,0.9,1.5,2.4,1.6
Shabazz Napier,74,1535,14.2,0.544,0.411,0.26,1.9,10.1,6,14.6,2.6,0.7,13.2,19.5,1.2,2,3.2,0.101,-0.7,1.4,0.7,1
Jameer Nelson,50,1013,8.1,0.489,0.508,0.082,1.4,9.5,5.6,22.8,1.3,0.3,21,13.7,-0.1,0.7,0.6,0.028,-2.9,-0.4,-3.3,-0.3
Raul Neto,41,498,11.9,0.55,0.311,0.232,1.6,9.5,5.6,23,1.3,0.7,17.8,18.3,0.3,0.6,0.9,0.086,-1.6,0.2,-1.4,0.1
Georges Niang,9,32,9.2,0.379,0.364,0.182,10.8,21.1,16,14,3.1,0,20.2,20.9,-0.1,0.1,0,-0.029,-4.9,0.9,-4,0
Joakim Noah,7,40,15.6,0.51,0,0.4,16.7,22.1,19.4,14,2.5,4.3,25.4,17.2,0,0.1,0.1,0.072,-2.5,1.7,-0.8,0
Nerlens Noel,30,472,16.2,0.558,0.01,0.267,10.9,29.3,19.8,6.3,3.3,4.1,18.1,13.8,0.4,1,1.3,0.135,-2.2,2.7,0.5,0.3
Lucas Nogueira,49,418,17.3,0.661,0.238,0.35,4.9,18.1,11.7,7.2,2.7,8.2,14.8,11.4,0.7,1,1.6,0.188,0.1,5,5.2,0.8
Dirk Nowitzki*,77,1900,16.7,0.575,0.445,0.142,1.2,25.2,12.8,10.4,1.1,2.1,6,20.5,2.6,2.2,4.8,0.121,1.7,0.6,2.3,2.1
Frank Ntilikina,78,1706,7,0.437,0.314,0.136,2.4,9.1,5.8,20,1.9,0.9,19.8,16.9,-2,1.1,-0.9,-0.026,-4.5,-0.5,-5,-1.3
Jusuf Nurkić,79,2088,19.2,0.528,0.007,0.287,10,26.9,18.5,11.7,1.5,4.3,14.6,26.4,0.8,3.9,4.7,0.108,-1.1,1.1,0,1.1
David Nwaba,70,1646,12.2,0.542,0.123,0.48,5.6,16,10.6,9.4,1.7,1.6,13.1,15.6,1.1,1.4,2.4,0.071,-2.7,0.2,-2.5,-0.2
Johnny O'Bryant,36,379,11.9,0.47,0.251,0.146,8.1,18.6,13.3,5.9,1.2,1.3,7.6,22.5,-0.1,0.4,0.3,0.038,-2.9,-1.5,-4.4,-0.2
Royce O'Neale,69,1150,10.8,0.54,0.415,0.268,2.5,20.6,11.7,12,1.6,1.2,14.8,14.6,0.5,1.8,2.4,0.099,-2,1.8,-0.2,0.5
Kyle O'Quinn,77,1387,20,0.625,0.044,0.331,9.7,27.8,18.8,16.8,1.3,6.1,18.5,17,2.7,2.1,4.8,0.166,0.4,2.6,3.1,1.8
Semi Ojeleye,73,1150,4.6,0.473,0.665,0.218,3.6,11.6,7.7,2.4,0.9,0.3,10.8,9,-0.2,1.3,1.2,0.048,-4.6,-0.1,-4.7,-0.8
Emeka Okafor,26,353,16.4,0.545,0,0.232,14.9,21.7,18.4,3.1,1.1,5.6,11,14.4,0.5,0.5,1,0.14,-1.1,-0.2,-1.2,0.1
Jahlil Okafor,28,353,15.3,0.584,0.029,0.21,6.3,19.4,12.8,5.9,0.4,3.9,12.2,21,0.3,0.3,0.6,0.083,-1.8,0,-1.7,0
Victor Oladipo,75,2552,23.1,0.577,0.323,0.274,2.1,15.1,8.6,21.2,3.5,2,12.7,30.1,4.3,4,8.2,0.155,4.1,1.7,5.8,5
Kelly Olynyk,76,1779,17.8,0.612,0.44,0.274,5.6,21.6,13.6,18.7,1.7,1.7,17.1,21.7,2.8,2.7,5.5,0.148,1.1,1.2,2.3,1.9
Chinanu Onuaku,1,22,-3.2,0.4,0,0,5.2,15.2,10.2,6.4,0,0,37.5,16.1,-0.1,0,-0.1,-0.147,-13,-1.7,-14.7,-0.1
Cedi Osman,61,672,11,0.577,0.468,0.247,3.2,16.6,10,8.7,1.6,0.4,13.4,15.7,0.5,0.4,0.9,0.064,-2.1,-0.7,-2.9,-0.1
Kelly Oubre Jr.,81,2231,11.9,0.534,0.467,0.295,3,15.4,9.2,6.4,1.8,1.4,9.2,19.4,1.4,2.3,3.7,0.08,-1.6,-0.1,-1.7,0.2
Zaza Pachulia,69,972,17,0.612,0.004,0.352,11,25,18.5,15.2,1.9,1.4,19.1,17,1.8,1.4,3.3,0.161,-0.7,0.7,0,0.5
Marcus Paige,5,28,9.1,0.403,0.571,0.143,0,15.7,7.7,16.1,0,0,0,23,0,0,0,-0.006,-5.6,-3.2,-8.8,0
Georgios Papagiannis,17,122,12.2,0.429,0,0,11.6,23.4,17.2,11.2,1.6,4.7,16,18.4,-0.1,0.1,0,0.005,-3.9,-0.3,-4.1,-0.1
Jabari Parker,31,743,17.1,0.55,0.244,0.163,6.6,17.1,11.9,13.1,1.7,1.2,11.2,24.4,0.6,0.6,1.2,0.08,0.9,-1.7,-0.8,0.2
Tony Parker*,55,1071,12.7,0.498,0.095,0.201,0.7,9.2,4.9,28.2,1.3,0.1,13.9,20.5,0.4,1.1,1.4,0.065,-2.3,-0.9,-3.3,-0.3
Chandler Parsons,36,691,13.6,0.578,0.517,0.115,2.3,13,7.5,16.4,1.3,1.5,12.5,18.3,0.7,0.4,1.1,0.077,1.2,-0.4,0.8,0.5
Patrick Patterson,82,1270,10,0.555,0.643,0.173,2.7,14.6,8.4,6.1,1.9,1.6,10.3,10.8,1.2,1.4,2.6,0.098,-1.2,1,-0.2,0.6
Justin Patton,1,4,19.8,0.5,0,0,0,0,0,0,12.5,0,0,22.1,0,0,0,0.151,-2.2,5.4,3.2,0
Brandon Paul,64,576,7.4,0.504,0.425,0.339,1.1,12,6.5,9,2.2,1,16.6,13.6,-0.3,0.8,0.5,0.045,-5.1,1.6,-3.5,-0.2
Chris Paul,58,1847,24.4,0.604,0.475,0.277,2.3,16.7,9.5,40.9,2.6,0.6,12.5,24.5,7.5,2.7,10.2,0.265,5.2,1.8,7.1,4.2
Adreian Payne,5,43,18.8,0.831,0.3,0.6,5.1,18,11.5,0,2.3,0,13.7,15,0.1,0,0.2,0.203,1.8,0.6,2.4,0
Cameron Payne,25,582,14,0.498,0.423,0.074,3.2,9.8,6.4,29.9,2.2,1.4,14,19.3,0.3,0.4,0.8,0.063,-0.1,-0.3,-0.4,0.2
Elfrid Payton,63,1808,16.5,0.538,0.138,0.252,3.8,12.8,8.2,34.9,2.2,1,18.5,21.9,1.4,1.4,2.8,0.075,0.1,-0.3,-0.2,0.8
Gary Payton II,23,221,9.8,0.443,0.338,0.122,6.5,15.5,11,13.7,1.5,1.1,8.2,16.8,0,0.2,0.2,0.041,-3.5,-0.4,-3.9,-0.1
Kendrick Perkins,1,15,8.4,0.521,0,1,0,7.4,3.7,17.3,3.3,0,25.8,11.4,0,0,0,0.026,-4.3,2.1,-2.2,0
London Perrantes,14,66,0.7,0.23,0.231,0.385,1.7,5,3.4,9.4,1.5,1.3,6.2,10.9,-0.1,0,-0.1,-0.086,-8.3,-0.9,-9.2,-0.1
Alec Peters,20,225,10.7,0.523,0.784,0.135,3.7,14,8.8,7.9,0.4,0.7,4.9,15.5,0.2,0,0.3,0.055,-0.5,-2.3,-2.8,0
Marshall Plumlee,8,52,10.9,0.697,0,5.333,9,29.2,19.2,4.8,0,1.6,23,11.3,0.1,0,0.2,0.143,-3.9,-0.6,-4.5,0
Mason Plumlee,74,1439,16.9,0.586,0.003,0.486,10.4,20.9,15.6,14.4,1.7,4.7,18.7,16.6,1.8,1.8,3.6,0.12,-1,1.4,0.5,0.9
Miles Plumlee,55,918,10.6,0.574,0,0.333,9.4,18.3,13.9,7.2,0.9,2.8,23.4,12.8,0.1,0.7,0.9,0.046,-3.7,-0.1,-3.8,-0.4
Jakob Poeltl,82,1524,17.5,0.662,0.005,0.263,12.4,16.4,14.4,5.4,1.3,5.2,16.6,14.8,3.1,2.4,5.6,0.175,-0.7,1.1,0.4,0.9
Quincy Pondexter,23,196,4,0.398,0.449,0.347,4.2,10.8,7.4,6.3,2,0.9,16.3,15,-0.3,0.1,-0.2,-0.047,-7,-0.4,-7.4,-0.3
Otto Porter Jr.,77,2432,18.3,0.602,0.354,0.145,4.8,18.1,11.4,10.1,2.4,1.5,7.4,18.4,5,3.1,8.1,0.161,2.6,1,3.5,3.4
Bobby Portis,73,1643,19.7,0.548,0.275,0.192,10,23,16.2,13.2,1.5,1.3,10.5,26,2,1.5,3.5,0.101,2.2,-1.3,0.8,1.2
Kristaps Porziņģis,48,1553,20.4,0.539,0.256,0.309,4.4,18.1,11.3,6.2,1.1,6.4,8.4,31,1.4,1.8,3.2,0.099,1.9,-0.1,1.8,1.5
Dwight Powell,79,1672,18.8,0.656,0.195,0.43,8.7,21.3,14.7,8.5,2,1.7,10.3,15.5,4.6,2.1,6.6,0.191,0.6,1,1.6,1.5
Norman Powell,70,1062,8.5,0.492,0.497,0.104,1.5,10.9,6.3,11.8,1.7,1.2,14.4,18.9,-0.6,1.2,0.6,0.027,-3.2,0.2,-2.9,-0.3
Alex Poythress,25,104,7.8,0.5,0.423,0,7.7,10.8,9.2,2.6,1.4,0.9,7.1,12,0.1,0.1,0.1,0.066,-3.8,-1.3,-5.1,-0.1
Taurean Prince,82,2464,12.8,0.549,0.469,0.185,2.3,15.3,8.8,13.9,1.7,1.5,15.3,22.1,0,2,2,0.038,-0.5,-0.6,-1.1,0.6
Jacob Pullen,3,6,-2.3,0.5,0.5,0,0,0,0,0,0,0,33.3,21.3,0,0,0,-0.21,-8.3,-4.4,-12.7,0
Rodney Purvis,16,290,4.5,0.423,0.486,0.14,0.4,9.9,5.1,8.5,0.5,0.8,8.1,18.7,-0.4,0.1,-0.3,-0.056,-6.1,-2.1,-8.2,-0.5
Zhou Qi,18,124,1.9,0.295,0.594,0.375,5.5,14.4,10,2.1,0.8,9.6,21.2,16.8,-0.5,0.2,-0.3,-0.104,-10.3,0.2,-10.1,-0.3
Tim Quarterman,3,13,2.9,0.515,0.667,0.667,0,25.8,13,10.6,0,0,34,20,0,0,0,-0.083,-8.5,-1.2,-9.7,0
Ivan Rabb,36,516,16.6,0.599,0,0.237,11.6,24.1,17.7,10.4,1.2,2.4,17.3,17.7,0.7,0.5,1.2,0.109,-0.9,-1.2,-2,0
Julius Randle,82,2190,19.9,0.606,0.05,0.47,8.9,22.8,15.9,15.8,0.9,1.7,16.3,25.3,4,2.6,6.6,0.145,0.6,0,0.6,1.4
Zach Randolph,59,1508,17.3,0.529,0.193,0.14,7,23.7,15,14.9,1.4,0.6,12.5,27.6,0.3,1.2,1.5,0.048,0.5,-1.5,-1,0.4
Xavier Rathan-Mayes,5,118,0.9,0.315,0.333,0.214,0,5,2.5,23,2.6,2.4,19.3,21.7,-0.5,0.1,-0.4,-0.171,-9.9,-1.6,-11.5,-0.3
J.J. Redick,70,2116,15.9,0.614,0.523,0.248,0.5,8.3,4.5,15.1,0.8,0.2,9.6,21.7,4.8,1.8,6.6,0.15,2.2,-1.1,1.1,1.7
Davon Reed,21,242,4.8,0.388,0.5,0.158,0.9,16.6,8.6,7.6,2,0.7,11,16,-0.5,0.2,-0.3,-0.06,-5.8,-0.6,-6.4,-0.3
Willie Reed,42,428,19.2,0.671,0.017,0.455,9.1,21.8,15.5,3.6,1,4.3,11.6,16.6,1,0.5,1.5,0.172,0.5,0.3,0.8,0.3
Josh Richardson,81,2689,13.6,0.551,0.38,0.16,2.9,9,6,13.2,2.3,2.4,12.9,18.2,1.8,3.5,5.4,0.096,-0.6,1.3,0.7,1.8
Malachi Richardson,26,324,5.9,0.446,0.444,0.244,1.7,10.6,6,5.6,1.6,0.3,9.1,15.2,-0.2,0.1,-0.1,-0.015,-5,-1,-6,-0.3
Austin Rivers,61,2057,12.6,0.526,0.447,0.198,1.5,6.2,3.9,17.5,1.7,0.6,11.1,20.6,1.4,1,2.4,0.056,-0.3,-0.9,-1.2,0.4
Andre Roberson,39,1037,10.9,0.543,0.222,0.235,7.8,12.2,9.9,6,2.2,3.1,14.4,8.6,0.8,1.3,2.2,0.1,-1.9,1.8,-0.1,0.5
Devin Robinson,1,13,10.5,0.333,0,0,17.4,26,21.7,0,3.8,0,0,10.2,0,0,0,0.098,-4.2,2.1,-2.1,0
Glenn Robinson III,23,338,10.8,0.529,0.4,0.129,3.7,8.6,6.2,6.8,1.9,0.3,5.3,12.5,0.4,0.3,0.6,0.088,-1.2,0.4,-0.7,0.1
Rajon Rondo,65,1705,15.3,0.522,0.304,0.093,2,14.2,8.4,42.2,2,0.5,22.7,16.9,1.9,1.7,3.6,0.101,0,-0.4,-0.3,0.7
Derrick Rose,25,420,11.5,0.507,0.161,0.247,3.5,5.8,4.7,13.6,0.8,0.8,14.5,25.4,-0.2,0.1,-0.2,-0.018,-2.1,-3.3,-5.4,-0.4
Terrence Ross,24,600,9.9,0.505,0.487,0.188,1.8,11.6,6.7,9.3,2.2,1.5,12.3,17.3,-0.2,0.5,0.3,0.025,-2.8,0.1,-2.7,-0.1
Terry Rozier,80,2068,15.1,0.52,0.503,0.186,3.4,16.3,9.9,17.5,1.9,0.8,8.5,20.4,2.2,3.4,5.6,0.13,0.9,1.2,2.1,2.1
Ricky Rubio,77,2254,15.4,0.537,0.33,0.307,2.2,15.3,8.8,28.4,2.7,0.4,18.1,22.9,1.5,3.8,5.3,0.112,-0.7,1.5,0.7,1.6
D'Angelo Russell,48,1234,15.2,0.509,0.414,0.195,2.6,13.8,8.1,35.7,1.4,1,16.8,30.8,-0.5,0.9,0.4,0.014,0.8,-2,-1.2,0.3
Domantas Sabonis,74,1810,17.5,0.567,0.056,0.339,10.4,25.2,17.8,12.7,1.1,1.6,15.3,22.1,2.5,2.2,4.7,0.126,-0.6,-0.5,-1.1,0.4
JaKarr Sampson,22,344,13.9,0.585,0.123,0.198,6.7,19.7,12.9,3.9,1.2,6.1,8.3,12.5,0.4,0.4,0.8,0.114,-2.3,1.1,-1.2,0.1
Dario Šarić,78,2310,15.8,0.582,0.448,0.233,7.5,16.4,12.1,13,1.1,0.7,13.1,20.9,3.8,2.8,6.6,0.137,1.8,-0.5,1.3,1.9
Tomáš Satoranský,73,1643,15.4,0.615,0.263,0.25,5,11.1,8,24.8,1.6,0.8,16.3,13.7,3.7,1.3,5,0.145,0.8,0.5,1.2,1.3
Dennis Schröder,67,2078,17.3,0.515,0.229,0.231,2.4,8.8,5.6,36.2,1.7,0.2,12.7,30.4,1.5,1,2.6,0.059,1.2,-1.9,-0.6,0.7
Mike Scott,76,1406,13.6,0.599,0.311,0.145,4,15.8,9.9,9.1,0.8,0.6,12.4,20,1.4,1,2.5,0.085,-0.6,-1.1,-1.7,0.1
Thabo Sefolosha,38,806,15.8,0.591,0.35,0.225,4.1,18.4,11.3,6.3,3.2,1.3,10.2,16.4,1,1.6,2.6,0.156,0.2,2.5,2.7,0.9
Wayne Selden,35,692,11.8,0.551,0.454,0.219,2.6,6.8,4.7,16,1.3,0.7,15.5,22.6,0.1,0.2,0.3,0.023,-0.9,-2.2,-3.1,-0.2
Ramon Sessions,28,392,11.2,0.479,0.222,0.487,1.7,9.1,5.4,27.2,1.8,0.4,17.4,19.3,0.1,0.3,0.3,0.039,-2.3,-0.9,-3.2,-0.1
Iman Shumpert,14,276,6.4,0.48,0.448,0.259,2.9,13.6,8.3,8.1,1.6,1.2,19.9,12.9,-0.2,0.2,0,-0.006,-3.4,0,-3.3,-0.1
Pascal Siakam,81,1679,14.5,0.549,0.265,0.175,5.4,18.6,12.1,13.5,1.8,2,11.1,15.7,2.1,2.5,4.7,0.133,-0.3,1.6,1.3,1.4
Xavier Silas,2,7,-4.9,0,0.667,0,15.8,15.4,15.6,0,7.1,0,0,19.1,-0.1,0,0,-0.25,-11.7,3.5,-8.1,0
Ben Simmons,81,2732,20,0.557,0.011,0.342,5.9,19.5,13,37.4,2.5,2.1,19.5,22.3,4.2,5,9.2,0.162,2,2.5,4.5,4.5
Jonathon Simmons,69,2029,12.7,0.555,0.268,0.317,3.3,9.7,6.5,13.3,1.4,0.6,14.4,22,0.8,1.1,1.9,0.045,-1.7,-1.3,-3.1,-0.5
Kobi Simmons,32,643,7.7,0.49,0.206,0.132,2.5,6.6,4.5,16.5,1.4,0.7,18,17,-0.4,0.2,-0.2,-0.013,-4.7,-2.1,-6.9,-0.8
Kyle Singler,12,59,5.9,0.43,0.238,0.619,1.8,17.5,9.4,4.8,0.8,0,10.1,21.6,-0.1,0,0,-0.031,-5,-1.6,-6.7,-0.1
Marcus Smart,54,1614,10.8,0.479,0.483,0.258,3,9.8,6.4,23.7,2.2,1.2,18.4,19.4,-0.6,2.5,1.9,0.056,-2.1,1,-1.2,0.3
Dennis Smith Jr.,69,2049,12.8,0.473,0.331,0.188,2.6,11.8,7,29.5,1.7,0.8,14.9,28.9,-2.4,1.7,-0.7,-0.017,-1.2,-1.2,-2.4,-0.2
Ish Smith,82,2043,15.4,0.525,0.126,0.145,1.4,10.9,6.1,28.4,1.6,0.9,11.2,20.8,2.4,2,4.4,0.102,-0.3,0.3,0,1
J.R. Smith,80,2244,8.4,0.534,0.64,0.094,1.5,10.1,5.9,8.6,1.5,0.4,11.6,13.8,0.6,0.9,1.4,0.031,-2.1,-0.9,-3,-0.6
Jason Smith,33,285,8.8,0.455,0.278,0.183,7.2,13.9,10.5,7.4,0.5,4,11.4,21.7,-0.2,0.3,0,0.003,-5.4,-1,-6.4,-0.3
Josh Smith,3,12,3.5,0.25,0,0,28.1,8.7,18.1,0,0,0,0,14.4,0,0,0,-0.013,-8.4,-6.2,-14.6,0
Tony Snell,75,2053,8.5,0.578,0.631,0.113,0.5,7.5,4,6.5,1.1,1.2,7.5,10.6,1.6,0.7,2.4,0.056,-1.5,-0.8,-2.3,-0.1
Marreese Speights,52,675,13.7,0.539,0.668,0.158,3.4,18.4,10.8,9.8,0.6,2.6,9.7,26.9,0.1,0.5,0.6,0.045,0.2,-1.4,-1.1,0.1
Nik Stauskas,41,523,9,0.543,0.649,0.188,0.8,12.3,6.5,11.1,0.8,0.6,13.5,15.9,0.1,0.3,0.3,0.031,-1.3,-1,-2.3,-0.1
Lance Stephenson,82,1850,12.4,0.495,0.327,0.179,3.8,22,12.9,18.6,1.2,0.8,14.6,21.6,-0.2,2,1.8,0.046,-1.5,-0.3,-1.8,0.1
David Stockton,3,9,33.9,1.05,1,1.333,0,0,0,0,0,0,17.4,28.8,0.1,0,0.1,0.459,6.7,1.1,7.9,0
Julyan Stone,23,175,7.6,0.684,1,0.154,0.6,17.6,9,19.2,1.1,1,33.5,5.2,0.2,0.2,0.3,0.087,-3.2,1.9,-1.3,0
Edmond Sumner,1,2,39.8,1,0,0,0,56.1,28.2,0,0,0,0,22.3,0,0,0,0.425,-2.4,9.3,6.9,0
Caleb Swanigan,27,189,7.5,0.449,0.133,0.3,8.7,22.3,15.6,10.8,1.3,1.3,20.9,20,-0.3,0.3,0,-0.003,-6.6,1.2,-5.5,-0.2
Jayson Tatum,80,2443,15.2,0.586,0.29,0.309,2.3,15.6,9,8.3,1.7,2,10.7,19.4,3,4,7.1,0.139,0,1.2,1.2,2
Isaiah Taylor,67,1167,10.9,0.492,0.205,0.362,2.1,6.9,4.5,27,1.4,0.7,15.7,20.1,0.2,0.5,0.6,0.027,-3.1,-1.3,-4.4,-0.7
Jeff Teague,70,2311,16.4,0.553,0.287,0.301,1.2,9.3,5.2,30.6,2.2,0.9,16.4,20.6,3.4,1.4,4.9,0.101,1.1,-0.7,0.4,1.4
Marquis Teague,3,74,5.7,0.302,0.25,0.313,1.5,8,4.7,24.7,2.7,0,14.2,12.9,-0.1,0,-0.1,-0.038,-5.4,-0.4,-5.7,-0.1
Mirza Teletović,10,159,13.5,0.623,0.789,0,2.2,14.7,8.5,9.5,1.3,0.5,10.9,18.2,0.2,0.1,0.3,0.09,2.1,-1.7,0.4,0.1
Garrett Temple,65,1615,10.2,0.536,0.477,0.164,1.5,9.6,5.4,11.3,1.8,1.6,13.4,16.4,0.3,0.9,1.2,0.035,-2.2,-0.3,-2.5,-0.2
Miloš Teodosić,45,1134,11.6,0.564,0.644,0.128,1.6,10.5,6.1,26.2,1,0.4,20.3,18.2,0.9,0.5,1.4,0.058,-0.3,-1.5,-1.7,0.1
Jason Terry,51,814,8.1,0.525,0.747,0.058,0.7,6.2,3.5,9.7,2.6,1.4,13.7,10.1,0.1,0.6,0.7,0.042,-2.6,0.6,-2,0
Daniel Theis,63,936,16.1,0.616,0.249,0.348,10.7,21.2,16,9.1,1.6,4.3,17.2,15.5,1.6,1.9,3.5,0.178,-2,2.3,0.3,0.5
Isaiah Thomas,32,862,12.6,0.508,0.447,0.311,2.2,6.3,4.2,27.1,0.8,0.3,16.6,28.8,-0.1,0.3,0.2,0.009,-0.9,-3.9,-4.9,-0.6
Lance Thomas,73,1353,6.3,0.513,0.464,0.199,3.6,10.7,7.2,4.2,1.1,0.9,12.1,10.7,0.3,0.6,0.9,0.031,-3.2,-0.5,-3.7,-0.6
Klay Thompson,73,2506,16,0.598,0.442,0.083,1.5,10.3,6.2,11.2,1.1,1.1,9.5,23.7,3.1,1.8,4.9,0.094,1.7,-2.1,-0.4,1
Tristan Thompson,53,1072,13.6,0.569,0,0.336,13.4,23.3,18.4,4.3,0.7,1.3,11.8,12.6,1.8,0.7,2.5,0.113,-1,-1.9,-2.9,-0.2
Sindarius Thornwell,73,1156,8.2,0.519,0.262,0.378,3.2,10,6.7,7.8,2,1.8,16.3,12.1,0.1,0.9,1,0.041,-3.4,1,-2.4,-0.1
Anthony Tolliver,79,1757,13.9,0.663,0.773,0.282,3.1,12.3,7.6,7.5,0.9,1.1,9.9,14.8,3.8,1.5,5.3,0.146,1.2,-0.3,0.9,1.3
Karl-Anthony Towns,82,2918,24.9,0.646,0.243,0.343,9.3,30.9,20,10.8,1.1,3.5,10.5,22.9,10.6,3.4,14,0.23,4.9,0.2,5.1,5.2
P.J. Tucker,82,2281,8.3,0.537,0.703,0.136,4.6,17.8,11.3,4.6,1.7,1,13.7,10.5,1,3,3.9,0.082,-1.9,0.8,-1.1,0.5
Evan Turner,79,2034,9.9,0.52,0.229,0.185,1.6,11.4,6.5,12.4,1.1,1.2,13.7,15.6,0.5,2.1,2.6,0.061,-2.9,0.4,-2.5,-0.3
Myles Turner,65,1836,16.6,0.567,0.246,0.322,5.8,19.8,12.8,7,1,5.7,11.6,20,2.2,2.5,4.7,0.122,-0.6,0.4,-0.2,0.8
Ekpe Udoh,63,810,15.2,0.56,0.008,0.467,9.6,11.4,10.5,9.1,2.7,7.7,12.1,9.1,1.3,1.8,3.2,0.187,-1.3,4.4,3.1,1.1
Tyler Ulis,71,1658,10.1,0.465,0.265,0.183,1.5,6.8,4.1,28,2,0.3,17.6,18.5,-0.7,0.5,-0.2,-0.006,-3,-1.4,-4.4,-1
Jonas Valančiūnas,77,1727,22.5,0.628,0.108,0.307,12.1,30.3,21.4,7.5,0.8,3.2,12.9,22.7,4.6,3,7.6,0.21,2.4,0,2.4,1.9
Denzel Valentine,77,2095,12.1,0.527,0.513,0.071,2.4,18.3,10.1,17.8,1.5,0.5,11.8,17.5,1,1.5,2.5,0.057,-1,0,-1,0.5
Fred VanVleet,76,1520,15.9,0.556,0.479,0.185,1.9,11.5,6.8,22.8,2.2,1,11.2,19.1,2.7,2,4.7,0.149,1.4,1,2.4,1.7
Rashad Vaughn,28,212,9.3,0.546,0.661,0.107,1.6,9.8,5.7,8.7,1.2,1.2,9.3,13.7,0.1,0.1,0.2,0.05,-1.3,-1.4,-2.6,0
Noah Vonleh,54,875,12.8,0.509,0.282,0.248,8.5,30.2,19.2,5.7,1.1,1.6,10.7,14.5,0.5,1.2,1.6,0.09,-1.1,-0.2,-1.3,0.2
Nikola Vučević,57,1683,19.7,0.533,0.243,0.112,6.6,27.8,17.1,19.9,1.6,3,11,25.9,1.3,2.3,3.6,0.102,1.7,1,2.7,2
Dwyane Wade*,67,1536,15,0.5,0.163,0.277,3.7,14.6,9.2,23.5,2,2.6,15.5,26.2,-0.4,1.6,1.1,0.036,-0.9,-0.1,-1,0.4
Dion Waiters,30,918,10.5,0.487,0.415,0.168,1,8.5,4.7,19.8,1.3,0.8,13.7,25,-0.7,0.8,0.1,0.004,-2.1,-1.4,-3.5,-0.4
Kemba Walker,80,2736,20.6,0.572,0.441,0.308,1.2,8.7,4.9,27.4,1.6,0.7,10.4,27.4,6.5,2,8.6,0.15,4.7,-0.7,4,4.2
John Wall,41,1410,19.1,0.515,0.25,0.361,1.8,10.2,6,44.5,2,2.8,17,29.1,1.2,1.5,2.7,0.092,3.5,-0.5,3,1.8
Tyrone Wallace,30,851,10.1,0.517,0.162,0.316,2.7,10.7,6.8,11.8,1.5,1.3,14.1,16.6,0.2,0.5,0.7,0.042,-3.1,-0.4,-3.5,-0.3
Derrick Walton,16,147,11.2,0.525,0.68,0.24,1.5,10.7,6.1,14.6,2.4,1.7,6.7,9.1,0.2,0.2,0.4,0.128,-1.1,2.4,1.3,0.1
Jameel Warney,3,27,22.5,0.599,0,0.417,15.9,21.3,18.5,0,0,0,6.6,25.6,0.1,0,0.1,0.157,2.5,-2.7,-0.2,0
T.J. Warren,65,2142,17.6,0.541,0.085,0.24,6.1,10.5,8.3,7.2,1.5,1.5,6.7,24.9,2.6,0.8,3.4,0.077,0.8,-1.6,-0.7,0.7
Travis Wear,17,228,6.9,0.497,0.653,0.111,0,17.6,8.9,4.2,0.8,1.8,7.4,15.2,0,0.2,0.2,0.042,-3.7,0,-3.7,-0.1
James Webb III,10,120,2.2,0.333,0.792,0,7,14.3,10.6,4.5,0.4,0,14.3,10.1,-0.1,0,-0.1,-0.041,-5.5,-2.8,-8.3,-0.2
Briante Weber,18,237,10.1,0.527,0.256,0.233,3.8,13.1,8.4,13.1,3.8,1.9,24,11.7,0,0.4,0.4,0.072,-4.1,2.8,-1.3,0
David West,73,999,20.9,0.6,0.021,0.209,7.7,18.2,13.3,20.5,2.3,5.9,16.2,21.7,1.8,1.7,3.5,0.168,0.7,2.5,3.1,1.3
Russell Westbrook,80,2914,24.7,0.524,0.193,0.336,5.6,25.7,15.3,49.8,2.5,0.6,16.4,34.1,5.5,4.5,10.1,0.166,4.8,1.5,6.3,6.1
Andrew White,15,209,5.8,0.461,0.671,0.055,2.1,16,9.1,4.3,0.7,0.4,9.7,17.3,-0.2,0.1,-0.1,-0.034,-3.4,-2.1,-5.5,-0.2
Derrick White,17,139,15.9,0.646,0.394,0.606,4,16.9,10.4,9.3,1.5,1.8,12.6,15.4,0.3,0.2,0.5,0.17,0.8,1.5,2.3,0.2
Okaro White,6,80,8.9,0.577,0.688,0.188,4.2,11.2,7.7,3.5,0.6,1.1,5.5,10.3,0.1,0.1,0.2,0.096,-1,0.3,-0.7,0
Isaiah Whitehead,16,180,11.5,0.53,0.209,0.221,2.3,13.1,7.7,19.6,2.2,0.8,20.3,28.5,-0.3,0.2,-0.1,-0.035,-3.4,-0.4,-3.8,-0.1
Hassan Whiteside,54,1364,24.1,0.573,0.003,0.315,14.3,36.6,25.4,6.9,1.4,5.9,12.3,24.7,2.3,3,5.3,0.187,1.5,1.1,2.6,1.6
Andrew Wiggins,82,2979,13,0.505,0.26,0.242,3.1,10.8,6.9,8.2,1.5,1.5,8.8,23.4,0.5,1.6,2.1,0.034,-0.8,-1.7,-2.4,-0.3
Jacob Wiley,5,33,8.2,0.41,0.5,0.5,6.4,29.2,17.7,8,1.5,0,0,6.4,0,0,0.1,0.094,-3.6,1.4,-2.3,0
Damien Wilkins,19,152,4.9,0.405,0.462,0.103,3.7,8.1,5.9,7.8,0.7,0.6,10.9,13.4,-0.1,0.1,-0.1,-0.019,-4.2,-1.9,-6.1,-0.2
Alan Williams,5,70,9.3,0.455,0,0.5,4.5,29.5,16.8,16.3,3.4,1.2,24.2,17.5,-0.1,0.1,0,-0.004,-7.3,2.3,-5,-0.1
C.J. Williams,38,707,9.5,0.512,0.396,0.081,1.9,6.7,4.4,8.5,2.1,1.5,8.9,13.7,0.3,0.5,0.7,0.051,-2.8,0.7,-2.1,0
Derrick Williams,2,9,-3.2,0.25,0.5,0,0,11.7,5.9,0,0,0,0,18.9,0,0,0,-0.191,-9.8,-7,-16.8,0
Lou Williams,79,2589,20.2,0.574,0.387,0.367,1.7,6.6,4.2,26.3,1.6,0.6,13.1,29.8,5.5,1.2,6.7,0.125,4.2,-1.8,2.3,2.8
Marvin Williams,78,2006,13.9,0.603,0.542,0.218,3.9,16.2,10,7,1.4,1.6,9.7,14.8,3.1,1.9,5,0.119,0.6,0.3,1,1.5
Matt Williams,3,11,-0.7,0.417,0.833,0,0,10.2,5.1,0,0,0,14.3,28.6,-0.1,0,0,-0.197,-7,-4.2,-11.2,0
Troy Williams,21,307,15.1,0.544,0.349,0.275,8,14.8,11.4,7.7,3.2,1.1,13.5,20.1,0.2,0.4,0.5,0.085,-1,0.5,-0.5,0.1
D.J. Wilson,22,71,10.3,0.622,0.313,0.125,3.3,13.2,8.3,6.1,2.1,1.2,19.2,13.3,0,0.1,0.1,0.054,-2,0,-2,0
Jamil Wilson,15,274,11.4,0.634,0.778,0.049,1.2,11.5,6.4,5.2,0.9,2.4,8.8,14.3,0.4,0.2,0.5,0.096,0,0.2,0.2,0.2
Justise Winslow,68,1680,11.5,0.496,0.264,0.213,4.3,20.5,12.4,13,1.6,1.7,12.6,16.3,0.2,2.4,2.6,0.075,-2.2,1.1,-1.1,0.4
Jeff Withey,9,39,8.3,0.444,0.625,0.125,2.8,26.6,14.2,0,0,6.8,10.6,22,-0.1,0.1,0,-0.054,-4.4,-0.6,-5,0
Nate Wolters,5,19,-2.9,0.167,0,0,6,5.9,6,7.1,0,0,0,14.2,-0.1,0,-0.1,-0.137,-9.4,-3.4,-12.8,-0.1
Brandan Wright,28,381,19,0.596,0,0.324,9.8,19.3,14.4,5.6,1.7,6.4,6.4,14.7,0.8,0.5,1.3,0.163,1.1,1,2.1,0.4
Delon Wright,69,1433,16.5,0.574,0.354,0.271,3.6,11.7,7.7,19.6,2.5,1.8,13.9,17.2,2.5,2.1,4.5,0.152,1.4,1.8,3.3,1.9
Guerschon Yabusele,33,235,12.3,0.559,0.607,0.361,8,16.1,12.1,10,0.9,1.8,14.5,15.7,0.3,0.3,0.6,0.122,-1.4,0.2,-1.2,0
James Young,6,61,4.6,0.511,0.714,0.429,0,3.4,1.8,4.3,0,0,5.7,12.3,0,0,0.1,0.041,-4.5,-2.4,-6.9,-0.1
Joe Young,53,558,10.1,0.521,0.355,0.156,2.4,10.3,6.4,9.9,1.3,0.2,11.6,18,0.1,0.4,0.5,0.043,-2.3,-1.2,-3.5,-0.2
Nick Young,80,1393,10,0.562,0.668,0.133,1.7,7.9,5,3.5,1.3,0.4,7,17.5,0.8,0.9,1.7,0.059,-1.6,-1.9,-3.5,-0.5
Thaddeus Young,81,2607,14.8,0.528,0.209,0.106,8,14.1,11.1,8.5,2.6,1.2,10.4,17.3,2.3,3.2,5.5,0.101,-0.2,0.4,0.2,1.4
Cody Zeller,33,627,15.9,0.602,0.019,0.545,11.4,19.3,15.3,7.4,1.1,2.8,14.6,15.7,1.2,0.7,1.9,0.145,-1.2,0,-1.2,0.1
Tyler Zeller,66,1109,16,0.598,0.084,0.237,11,19.4,15.2,6.7,0.7,2.5,11.3,16.4,2,0.9,2.9,0.126,-0.5,-0.9,-1.4,0.2
Paul Zipser,54,824,5.2,0.445,0.47,0.107,1.6,16,8.5,8,1.2,1.6,14.9,15.2,-1.1,0.6,-0.6,-0.034,-5.5,-0.5,-6.1,-0.8
Ante Žižić,32,214,24.2,0.746,0,0.433,12.8,18.6,15.7,3.8,0.5,5.2,12.1,18.8,0.9,0.2,1,0.231,1.9,-0.9,1,0.2
Ivica Zubac,43,410,15.3,0.557,0.008,0.418,11.8,20.1,16,8.8,0.9,3,15.3,17.6,0.5,0.5,1,0.118,-1.8,-0.3,-2,0