,Name,TEAM,AGE,GP,W,L,MIN,DEF RTG,DREB,DREB%,%DREB,STL,STL%,BLK,%BLK,"OPP PTS
OFF TOV","OPP PTS
2ND CHANCE","OPP PTS
FB","OPP PTS
PAINT",DEF WS
1,John Holland,CLE,30,1,0,1,0.7,0,0,0,0,0,0,0,0,0,0,0,0,0.017
1,Tyler Davis,OKC,22,1,1,0,0.9,0,0,0,0,0,0,0,0,0,0,0,0,0.016
1,Tyler Ulis,CHI,23,1,0,1,0.8,0,0,0,0,0,0,0,0,0,0,0,0,0.034
4,Kobi Simmons,CLE,21,1,0,1,1.8,33.3,0,0,0,0,0,0,0,0,0,0,0,0.037
5,Angel Delgado,LAC,24,2,0,2,7.4,68.8,1,14.3,18.2,0.5,14.3,0,0,1,0,2,8,0.11
6,Kalin Lucas,DET,30,1,0,1,5.6,75,3,50,75,0,0,0,0,2,0,2,2,0.076
7,Tahjere McCall,BKN,24,1,0,1,8,78.9,1,20,33.3,0,0,0,0,0,4,0,8,0.105
8,RJ Hunter,BOS,25,1,1,0,25.7,79.2,2,5,8,1,25,0,0,0,9,0,14,0.294
9,Yante Maten,MIA,22,2,1,1,6.5,85.2,1,9.5,22.2,0.5,33.3,0,0,1,4,1.5,7,0.065
10,Jaylen Morris,MIL,23,4,4,0,7.1,86.8,1.3,14.7,19.2,0.5,28.6,0,0,1.3,1,0.3,5,0.074
11,Kostas Antetokounmpo,DAL,21,2,1,1,5.3,87,0.5,11.1,12.5,1,50,0,0,1,0,2,3,0.052
12,Andre Ingram,LAL,33,4,1,3,3.7,87.5,0.3,5.3,9.1,0.3,20,0,0,0.5,1,0.5,2.5,0.034
13,Alan Williams,BKN,26,5,1,4,5.1,88.1,3,40.5,53.6,0.2,50,0,0,1,1.4,1.8,5.2,0.05
14,Dzanan Musa,BKN,20,9,4,5,4.4,89.4,0.4,10.5,13.3,0.2,33.3,0,0,0.7,0.6,0.9,4,0.038
15,Isaac Bonga,LAL,19,22,7,15,5.5,89.6,0.7,11.3,15.8,0.4,36,0.2,21.1,1.7,1.5,1.5,4.5,0.049
16,PJ Dozier,BOS,22,6,5,1,8.5,90.1,1.8,17.2,26.2,0.3,25,0,0,1.3,3,1.2,7.3,0.074
17,J.P. Macura,CHA,24,2,1,1,8.4,91.7,1.5,14.3,18.8,0,0,0,0,3.5,1,1,5,0.069
18,Gary Payton II,WAS,26,3,2,1,5.3,92.1,0.3,5,7.1,1,50,0.3,100,0,1,0,3.3,0.046
19,Jarred Vanderbilt,DEN,20,17,10,7,4.1,92.5,0.9,20.5,28.6,0.4,40,0.1,12.5,1.4,0.8,1,4,0.035
20,Deonte Burton,OKC,25,32,21,11,7.5,92.6,0.8,9,13.5,0.2,11.3,0.3,27.6,2.2,1.8,2.1,6.8,0.057
21,Ike Anigbogu,IND,20,3,2,1,2.1,92.9,0.7,25,50,0,0,0.3,100,0.7,1.3,1,3.3,0.017
21,Okaro White,WAS,26,3,2,1,2.1,92.9,0.3,14.3,25,0,0,0,0,1,0,0,2,0.017
23,DJ Stephens,MEM,28,1,0,1,6.7,93.8,0,0,0,1,20,0,0,0,2,0,6,0.058
24,Theo Pinson,BKN,23,18,7,11,11.7,94.3,1.8,12.6,18.2,0.3,18.2,0,0,3.7,2.7,2.9,10.6,0.086
25,Ron Baker,WAS,26,15,4,11,10.1,94.9,0.7,6.9,10,0.4,27.3,0.1,6.7,4.5,2.7,2.4,11.2,0.073
26,Mitchell Creek,MIN,27,5,1,4,9.4,96.1,1.2,10.5,19.4,0.4,18.2,0,0,2,5,1.2,11.2,0.064
27,Malachi Richardson,TOR,23,22,16,6,4.7,96.2,0.5,8.7,12.6,0,5.9,0,0,2.3,1.3,1.6,5.3,0.034
28,Davon Reed,IND,24,10,4,6,4.7,96.3,0.4,7.3,12.1,0.1,9.1,0,0,1,1.7,1.4,3.6,0.035
29,Quincy Acy,PHX,28,10,2,8,12.3,96.4,2.2,15.3,24.7,0.1,4.5,0.4,25,3.8,5.1,1.9,9.6,0.087
30,Thomas Welsh,DEN,23,11,8,3,3.3,97.7,0.4,11.4,16,0,0,0,0,0.1,0.7,1.5,3.6,0.024
31,Sindarius Thornwell,LAC,24,64,37,27,4.9,97.7,0.6,10.8,15.7,0.2,24.1,0.1,17.5,1.9,1.1,1.6,4.9,0.033
32,Brad Wanamaker,BOS,29,36,27,9,9.5,97.8,1.1,9.6,13.8,0.3,19,0.1,4.7,2.9,2.9,2.3,8.7,0.059
33,Jemerrio Jones,LAL,24,6,3,3,23.9,98,5.5,19.8,27,1.2,36.8,0.8,26.3,10.2,7,9,21,0.141
34,Raymond Felton,OKC,35,33,19,14,11.5,98.3,0.9,7.4,11.2,0.3,13.7,0.2,11.8,3.2,3.5,2.9,11.8,0.069
35,Donte DiVincenzo,MIL,22,27,20,7,15.2,98.4,1.8,9.9,14.1,0.5,20.6,0.2,14,4,3.7,3,12.8,0.094
36,Raul Neto,UTA,27,37,26,11,12.8,98.6,1.5,10.5,15.1,0.4,17.1,0.1,6.3,4.1,3.1,2.6,13.8,0.078
37,Brandon Goodwin,DEN,23,16,10,6,3.6,99.2,0.1,3.8,5.3,0,0,0,0,0.9,1,0.4,3.6,0.021
38,Luc Mbah a Moute,LAC,32,4,2,2,15.3,99.3,1.3,6.5,9.6,0.3,14.3,0.3,14.3,6,6.3,5.3,18,0.094
39,Thabo Sefolosha,UTA,35,50,28,22,12.2,99.5,2.3,18.1,24.6,0.9,32.1,0.1,6.2,3.7,2.5,2.9,12.2,0.069
40,Alex Abrines,OKC,25,31,21,10,19,99.8,1.4,6.7,9.9,0.5,13.9,0.2,7.7,6.6,5.2,5.3,19.4,0.106
41,Trevon Duval,HOU,20,3,2,1,1.9,100,0.3,20,25,0,0,0,0,1.3,0.7,0.7,2.7,0.011
41,Troy Caupain,ORL,23,4,3,1,3.9,100,0.5,15.4,25,0.3,50,0,0,0.3,0,0.8,3,0.021
41,Zach Lofton,DET,26,1,1,0,3.8,100,0,0,0,1,50,0,0,2,0,0,8,0.021
44,Aaron Holiday,IND,22,50,31,19,12.9,100.2,1.2,8.8,12.8,0.4,21.6,0.3,18.8,3.9,3.6,3.5,12,0.073
45,Semi Ojeleye,BOS,24,56,39,17,10.6,100.2,1.1,9.3,13.8,0.2,9.9,0.1,6,3.1,3,2.8,10.1,0.058
46,Lorenzo Brown,TOR,28,26,20,6,8.2,100.4,1,11,15.6,0.5,32.4,0.2,17.2,3,1.9,2.7,8,0.045
47,Dante Exum,UTA,23,42,21,21,15.8,100.6,1.2,7.7,10.5,0.3,11.6,0.1,7.2,6.1,3.3,3.5,15.4,0.086
48,Chimezie Metu,SAS,22,29,14,15,5,100.6,0.9,17.9,24.8,0.2,27.3,0.1,15.4,2.5,1.2,1.4,5.2,0.028
49,Isaiah Briscoe,ORL,23,39,17,22,14.3,100.9,1.8,11.1,16,0.3,16.2,0.1,3.3,4.3,3.1,3.1,13.3,0.076
50,Quincy Pondexter,SAS,31,53,29,24,5.5,101.4,0.7,12.3,16.7,0.2,28.2,0,3.2,2.4,1.2,1.8,5.7,0.029
51,Ersan Ilyasova,MIL,32,67,49,18,18.4,101.5,3.1,15.1,21.3,0.5,18,0.3,15.4,5.6,4.3,4.2,15.9,0.094
52,T.J. Leaf,IND,22,58,35,23,9,101.5,1.4,14.5,21.3,0.2,13,0.3,35.2,2.8,2.4,2.6,8.4,0.049
53,Joe Ingles,UTA,31,82,50,32,31.3,101.6,3.6,10.8,15.3,1.2,21.7,0.2,6.5,10.2,7.4,7.4,30.6,0.159
54,Jarell Martin,ORL,25,42,20,22,7.8,101.6,1.5,18.5,26.5,0.1,5.5,0.2,23.5,2,1.5,2.4,6.7,0.041
55,Derrick Favors,UTA,27,76,46,30,23.2,101.6,4.6,18.8,26.5,0.7,18,1.4,51.5,8.1,5,5.4,23.9,0.117
56,Nerlens Noel,OKC,25,77,48,29,13.7,101.7,2.6,17.6,26.3,0.9,31.6,1.2,62.3,4.5,4,3.8,13.8,0.069
57,Joakim Noah,MEM,34,42,14,28,16.5,101.7,4.3,24.7,36.3,0.5,16,0.7,37.3,5.2,4.1,5.7,13.3,0.085
58,Giannis Antetokounmpo,MIL,24,72,56,16,32.8,101.8,10.3,27.3,37.4,1.3,24.2,1.5,32.9,9.5,7.8,6.3,28,0.164
59,Nene,HOU,36,42,29,13,13,101.9,2.1,15.2,22.6,0.4,18.9,0.4,31.9,3.9,3.8,3.3,12.7,0.066
60,Royce O'Neale,UTA,26,82,50,32,20.4,101.9,3.2,14.6,20.3,0.7,20.9,0.3,11.1,7.3,4.5,4.6,19.8,0.101
61,DeVaughn Akoon-Purcell,DEN,26,7,7,0,3.1,102,0.4,15,20,0.3,66.7,0,0,0.4,1,1.6,3.1,0.017
62,D.J. Wilson,MIL,23,48,37,11,18.4,102.2,3.7,17.4,23.8,0.4,12.7,0.4,26.7,5.8,4.3,5.8,16,0.091
62,Ed Davis,BKN,30,81,42,39,17.9,102.2,5.9,30.7,44,0.4,17.1,0.4,37.9,5.8,4.3,4.3,16.9,0.086
64,Aron Baynes,BOS,32,51,32,19,16.1,102.2,3,17.5,25.7,0.2,7.9,0.7,40.5,5.4,4.1,4.3,15.3,0.08
65,Justin Patton,PHI,22,3,2,1,6.9,102.3,1.3,17.4,23.5,0.7,40,0,0,1.3,2,3,6.7,0.033
66,Alex Caruso,LAL,25,25,8,17,21.2,102.4,1.9,7.9,12,1,27.9,0.4,16.4,8.2,6.3,6.6,19.5,0.1
67,Johnathan Williams,LAL,24,24,10,14,15.5,102.4,2.1,13,19.4,0.3,13.3,0.3,20.6,4.2,4.3,4.5,15.2,0.073
68,Cory Joseph,IND,27,82,48,34,25.2,102.4,2.9,11.1,16.2,1.1,25.5,0.3,11.3,7.1,6.4,6.9,23.4,0.121
69,Daniel Theis,BOS,27,66,38,28,13.8,102.6,2.1,14.5,20.9,0.3,12.8,0.6,53.2,4.5,3.7,3.3,12.5,0.067
70,Khyri Thomas,DET,23,26,13,13,7.5,102.7,0.6,8.2,11.3,0.3,22.6,0.2,35.7,2.8,1.4,1.8,6.2,0.036
71,Malcolm Brogdon,MIL,26,64,49,15,28.6,102.7,3.5,10.7,14.6,0.7,16.3,0.2,5.8,8.7,6.5,5.8,24.5,0.135
72,Khem Birch,ORL,26,50,26,24,12.9,102.7,2.2,16.6,23.4,0.4,20.5,0.6,39.7,3.7,2.5,2.7,13,0.062
73,Ryan Broekhoff,DAL,28,42,15,27,10.8,102.8,1.3,11.3,15.9,0.1,13.3,0.1,8.7,2.4,2.7,3,10.3,0.051
74,Yuta Watanabe,MEM,24,15,5,10,11.6,103,1.8,15.2,22.1,0.3,12.5,0.1,6.3,4.6,3.1,3.2,10.3,0.055
75,Glenn Robinson III,DET,25,47,24,23,13,103.1,1.1,8.9,12.8,0.3,13.7,0.2,17.8,4.5,2.7,2.8,13.2,0.06
76,Wes Iwundu,ORL,24,68,36,32,18.1,103.1,2.2,10.8,15.7,0.4,16.2,0.3,16.8,5.2,4.7,4.2,18,0.085
77,Omri Casspi,MEM,31,36,14,22,14.5,103.2,2.7,18.4,26.7,0.6,18.5,0.3,16.4,5.8,3.6,4.6,12.8,0.068
78,Doug McDermott,IND,27,77,43,34,17.4,103.2,1.2,6.6,9.4,0.2,8.9,0.1,6.8,5.8,4.2,5.3,16.6,0.08
79,George Hill,MIL,33,60,39,21,21.7,103.3,1.8,7.5,10.7,0.9,24.8,0.1,6.2,6.9,5.6,5.5,19.3,0.096
80,Markelle Fultz,ORL,21,19,12,7,22.5,103.3,2.3,8.8,12.8,0.9,28.3,0.3,9.4,8.2,6.1,5.3,21.2,0.107
81,Isaiah Hartenstein,HOU,21,28,15,13,7.9,103.4,0.9,11.8,18.7,0.3,17.5,0.4,38.7,3.4,1.9,1.6,7.4,0.037
82,Brook Lopez,MIL,31,81,60,21,28.7,103.4,4.5,13.5,18.1,0.6,13.6,2.2,56.1,8.6,7.4,6.1,24.8,0.13
83,Thon Maker,DET,22,64,44,20,15.2,103.4,2.5,14.9,22,0.3,13.5,0.8,44.3,4.2,3.9,4.1,14.4,0.07
84,Stanley Johnson,NOP,23,66,28,38,18.3,103.4,2.8,14.2,20.4,0.9,31.6,0.2,14.9,7.2,4.5,4.2,19.4,0.081
85,Tony Snell,MIL,27,74,55,19,17.6,103.4,1.7,8.6,11.9,0.4,14.4,0.2,13.1,5.6,4.8,3.8,15.7,0.08
86,Domantas Sabonis,IND,23,74,43,31,24.8,103.6,6.8,26.9,38.2,0.6,14.7,0.4,21.4,7.4,5.7,7,22.8,0.11
87,Rudy Gobert,UTA,27,81,50,31,31.8,103.6,9,27,37.4,0.8,15.2,2.3,60.1,11.1,7.3,7.9,30.3,0.141
88,Udonis Haslem,MIA,39,10,8,2,7.5,103.6,2.4,24,35.3,0,0,0,0,1.7,2.4,2.5,6.6,0.036
89,Jaren Jackson Jr.,MEM,19,58,23,35,26.1,103.6,3.4,13.2,19.5,0.9,19.9,1.4,42.1,8.4,6.5,8.7,22.8,0.115
90,Donovan Mitchell,UTA,22,77,49,28,33.7,103.7,3.3,9.3,13,1.4,24,0.4,9.7,11.8,7.4,8.1,32.7,0.149
91,Nick Young,DEN,34,4,3,1,9.3,103.8,0.3,2.6,4,0,0,0.3,25,1,4,2.3,14,0.042
92,Kyle Korver,UTA,38,70,39,31,19.1,103.9,2.2,10.5,14.8,0.4,12,0.2,7.6,7.4,4.6,4.6,19,0.084
93,Paul George,OKC,29,77,46,31,36.9,103.9,6.8,17.3,24.6,2.2,30.1,0.4,11.4,11.7,8.9,8.6,35.9,0.161
94,John Henson,CLE,28,14,10,4,13.5,103.9,3.9,23.3,32.2,0.5,29.2,0.8,47.8,3.6,3.3,2.9,9.7,0.066
95,Tyreke Evans,IND,29,69,41,28,20.3,103.9,2.4,11.4,16.5,0.8,24.2,0.3,11.9,6.4,5.3,6.4,19.4,0.089
96,Robert Williams III,BOS,21,32,18,14,8.8,104.1,1.7,16.4,25.5,0.3,19.1,1.3,64.5,3,2.8,2.4,8.4,0.039
97,MarShon Brooks,MEM,30,29,15,14,13.3,104.1,1.1,8.9,14.3,0.3,14.5,0.1,9.3,4,3.4,3.6,11.1,0.057
98,Ricky Rubio,UTA,28,68,40,28,27.9,104.1,3.1,10.7,15.1,1.3,26.5,0.1,4.7,9.6,6.4,6.9,26.3,0.12
99,Chris Paul,HOU,34,58,39,19,32,104.2,3.9,12.3,18.9,2,31.5,0.3,10.2,10.5,8.3,8.3,33.2,0.139
100,Pascal Siakam,TOR,25,80,57,23,31.8,104.2,5.3,15.4,22.2,0.9,17.2,0.7,19,9.6,8.1,8.6,30.3,0.135
101,Khris Middleton,MIL,27,77,56,21,31.1,104.2,5.3,14.9,20.4,1,21.2,0.1,2.1,9.6,7.9,6.8,27.6,0.133
102,Eric Bledsoe,MIL,29,78,59,19,29.1,104.2,3.6,10.8,14.7,1.5,29.7,0.4,9.4,8.4,7.4,6.2,25.6,0.124
103,Justise Winslow,MIA,23,66,30,36,29.7,104.2,4.4,14.1,19.9,1.1,22.5,0.3,8.6,10.6,7.9,7.9,25.6,0.127
104,Tyrone Wallace,LAC,25,62,34,28,10.1,104.2,1.3,11.1,16.7,0.3,20.8,0.1,9.9,3.8,3.5,3.2,9.8,0.045
105,Shabazz Napier,BKN,27,56,26,30,17.6,104.3,1.5,7.9,11.2,0.7,31.3,0.3,20.5,6.3,3.9,4.3,18.2,0.075
106,Danny Green,TOR,32,80,56,24,27.7,104.3,3.2,10.7,15.4,0.9,20.2,0.7,22.4,8.2,6.9,7.4,26.1,0.117
107,Marcus Derrickson,GSW,23,11,9,2,6.1,104.3,0.5,6.3,9.1,0,0,0.1,16.7,1.7,2.6,1.9,5.5,0.025
108,Tyson Chandler,LAL,36,55,26,29,15.9,104.4,3.9,21.3,30.5,0.4,16.5,0.4,33.8,6.2,4.5,5,14.8,0.068
109,Andre Iguodala,GSW,35,68,47,21,23.2,104.4,3,11.7,17.1,0.9,24.4,0.8,21.3,7.8,6.1,6.5,21.6,0.098
110,Isaiah Thomas,DEN,30,12,6,6,15.1,104.5,0.7,4,6.1,0.4,13.5,0.1,4.3,5.2,5,3.2,14.8,0.068
111,Myles Turner,IND,23,74,43,31,28.6,104.5,5.8,19.5,29.2,0.8,15,2.7,76,9.2,8.5,7.7,26.2,0.119
112,Bam Adebayo,MIA,21,82,39,43,23.3,104.5,5.3,22.1,31.8,0.9,20.8,0.8,34.2,8.3,6.2,5.5,20.3,0.097
113,Isaiah Hicks,NYK,24,3,1,2,10.8,104.5,1.7,14.7,20.8,0.3,33.3,1,50,2.3,3,1,8.7,0.044
114,Victor Oladipo,IND,27,36,25,11,31.9,104.6,5,15.4,22.9,1.7,26.5,0.3,8.9,9.3,8.2,8.5,26.4,0.131
115,JJ Redick,PHI,35,76,49,27,31.3,104.7,2.2,6.2,8.9,0.4,9.2,0.2,6,11.8,8.2,10,32.7,0.131
116,Josh Hart,LAL,24,67,31,36,25.6,104.7,3.2,10.9,15.8,1,23.5,0.6,20.9,9.1,7,7.5,26.2,0.107
117,Kyle Anderson,MEM,25,43,19,24,29.8,104.7,4.7,16.1,23.5,1.3,25.4,0.9,21.5,10.7,6.9,9.6,26.4,0.121
118,Henry Ellenson,NYK,22,19,4,15,13.6,104.7,3.2,21.4,29.5,0.4,20,0.1,5.9,4.4,2.8,3.1,13.3,0.057
119,Ivica Zubac,LAC,22,59,32,27,17.6,104.7,4.2,21.6,30.2,0.2,8.9,0.9,49,6.7,4.2,5.8,18.6,0.073
120,Daryl Macon,DAL,23,8,4,4,11.2,104.7,1.3,9.9,14.3,0.1,11.1,0,0,2.4,1.9,4,9.8,0.047
121,Joel Embiid,PHI,25,64,43,21,33.7,104.8,11.1,29.2,41.4,0.7,15,1.9,49.6,11.8,8.7,10.1,32.9,0.138
122,JR Smith,CLE,33,11,1,10,20.2,104.9,1.6,8,11.6,1,26.8,0.3,21.4,8.2,6.4,5.6,20.2,0.085
123,Marc Gasol,TOR,34,79,39,40,30.8,104.9,6.9,22.7,32.7,1.1,19.1,1.1,32.6,9.9,7,8.6,27.2,0.12
124,Julian Washburn,MEM,27,18,7,11,14.1,105,1.8,12.8,19.5,0.7,25.5,0.1,9.1,4.1,4.1,3.6,12.2,0.058
125,Draymond Green,GSW,29,66,48,18,31.3,105,6.4,18,26.2,1.4,26,1.1,27.2,11,8.8,8.8,29.2,0.127
126,Fred VanVleet,TOR,25,64,46,18,27.5,105,2.3,7.8,11.4,0.9,19.7,0.3,11.3,9,6.9,7,26.7,0.109
127,Derrick Jones Jr.,MIA,22,60,31,29,19.2,105,2.4,11.9,17.2,0.8,25,0.7,32.6,6.2,5.7,4.5,16.5,0.076
128,Monte Morris,DEN,24,82,54,28,24,105.1,1.9,7.8,11.4,0.9,21.9,0,2.4,6.6,6.5,5.7,24.6,0.096
129,Jayson Tatum,BOS,21,79,48,31,31.1,105.1,5.2,15.7,23.2,1.1,19.1,0.7,20.1,8.8,8.5,8.4,28.9,0.123
130,Luol Deng,MIN,34,22,11,11,17.8,105.1,2.4,12.5,18.3,0.7,21.7,0.4,28.6,4.9,4.9,4.4,16.2,0.07
131,Seth Curry,POR,28,74,49,25,18.9,105.1,1.3,6.2,9,0.5,22.1,0.2,8.9,6.1,5.4,5.7,17.7,0.075
132,Gordon Hayward,BOS,29,72,44,28,25.9,105.2,3.8,14.1,20.6,0.9,18.2,0.3,11.6,8.2,7.1,6.6,25.8,0.104
133,Ian Mahinmi,WAS,32,34,12,22,14.6,105.3,2.4,16.1,24.7,0.7,23.6,0.5,34.8,4.3,4.1,4.3,12.4,0.056
134,Boban Marjanovic,PHI,30,58,31,27,11.7,105.3,3.1,23.2,31.9,0.3,20.3,0.5,44.3,4.5,3.4,4.2,11.3,0.047
135,Maxi Kleber,DAL,27,71,30,41,21.2,105.3,3.4,14.9,21.9,0.5,18.8,1.1,47.9,6.8,5.6,7.2,20.8,0.084
136,Jae Crowder,UTA,28,80,48,32,27.1,105.3,4.1,13.9,20,0.8,18.8,0.4,11.4,9.7,6.6,6.3,26.3,0.108
137,Gary Harris,DEN,24,57,38,19,28.8,105.3,2.1,7,10,1,19.9,0.3,12.9,9.8,7.1,7.8,29.5,0.113
138,Zaza Pachulia,DET,35,68,35,33,12.9,105.3,2.4,18.4,26.2,0.5,25.6,0.3,32.1,4.3,2.9,2.8,13.2,0.051
139,Paul Millsap,DEN,34,70,49,21,27.1,105.4,5,18.2,25.6,1.2,27.1,0.8,32.7,9.5,5.7,7.1,27.5,0.106
140,Drew Eubanks,SAS,22,23,13,10,4.9,105.5,1.2,21.4,29.8,0.1,14.3,0.2,41.7,2.7,1.5,2.3,4.4,0.019
141,CJ Miles,MEM,32,53,33,20,16.2,105.5,1.5,9,13.3,0.5,17.2,0.3,14.6,4.9,4.4,5.6,15.6,0.066
142,Norman Powell,TOR,26,60,45,15,18.8,105.5,2.1,10.2,15.2,0.7,18.6,0.2,10.1,6.7,5.3,5.9,19,0.074
143,Moritz Wagner,LAL,22,43,15,28,10.4,105.5,1.6,14.2,19.9,0.3,17.2,0.3,34.2,4.9,2.7,3.8,10.1,0.041
144,Kyle Lowry,TOR,33,65,47,18,34.1,105.5,4.2,11.4,16.7,1.4,23.7,0.5,13.3,10.8,9,9.1,32.2,0.131
145,Dennis Schroder,OKC,25,79,47,32,29.3,105.5,3.1,10.2,14.7,0.8,15,0.2,4.9,10,7.6,7.7,29.3,0.114
146,Rondae Hollis-Jefferson,BKN,24,59,27,32,20.9,105.6,3.8,17,24.6,0.7,26,0.5,25.5,7.6,6.3,4.8,22.4,0.082
147,Jerami Grant,OKC,25,80,48,32,32.7,105.6,4,11.8,16.5,0.8,12.1,1.3,37.6,10.7,8,8.3,32.5,0.126
148,Eric Moreland,TOR,27,5,3,2,8.6,105.6,3.2,34.8,47.1,0.2,16.7,0.2,25,4.8,2.8,3.4,9.2,0.032
149,Josh Richardson,MIA,25,73,35,38,34.8,105.6,2.9,7.8,11.4,1.1,19.5,0.5,11.5,12.5,9.9,9.2,29.9,0.133
150,Mike Conley,MEM,31,70,30,40,33.5,105.6,2.8,8.8,12.8,1.3,22.7,0.3,7.9,11.4,8.1,10.9,29,0.129
151,Trey Lyles,DEN,23,64,42,22,17.5,105.7,3.2,17.2,25.4,0.5,16.5,0.4,22.3,5,4.9,4.2,18.5,0.068
152,Svi Mykhailiuk,DET,22,42,19,23,10.5,105.7,0.6,5.5,8.3,0.3,19.2,0,2.4,4,3.7,2.6,10.5,0.042
153,Bruce Brown,DET,22,74,35,39,19.6,105.8,1.9,9.2,13.2,0.5,18.2,0.5,26.3,6.9,4.4,5.2,20.1,0.075
154,Bojan Bogdanovic,IND,30,81,47,34,31.8,105.8,3.7,11.3,17,0.9,14,0,0.4,10,9.3,8.9,30,0.12
155,Stephen Curry,GSW,31,69,52,17,33.8,105.8,4.7,12.2,17.7,1.3,23.7,0.4,8.2,12,9.4,10.6,32.5,0.13
156,Abdel Nader,OKC,25,61,38,23,11.4,105.8,1.7,13.9,21,0.3,15.9,0.2,15.4,3.7,3.5,3.3,11.4,0.043
157,Terrence Ross,ORL,28,81,42,39,26.5,105.9,3.1,11.3,16,0.9,26.1,0.4,11.5,7.5,6,6.2,24.3,0.1
158,Ray Spalding,PHX,22,14,3,11,10.5,105.9,2.4,19,30.8,0.6,31,0.6,50,3.9,3,1.8,9.3,0.041
159,Aaron Gordon,ORL,23,78,40,38,33.8,105.9,5.7,16.5,22.8,0.7,16,0.7,19.6,10.4,7.4,8.1,33.5,0.127
160,Steven Adams,OKC,25,80,47,33,33.4,105.9,4.6,13.3,18.5,1.5,22.6,1,30.4,11.3,7.9,8.1,33.2,0.126
161,Jaylen Brown,BOS,22,74,41,33,25.9,105.9,3.4,12.2,17.8,0.9,19.4,0.4,15,8.2,7.3,7,24.6,0.098
162,Terry Rozier,BOS,25,79,47,32,22.7,105.9,3.5,14.5,22,0.9,22.7,0.3,9.9,7.2,6.7,5.9,21.8,0.085
163,Tyler Lydon,DEN,23,25,20,5,3.7,105.9,0.4,13.3,18.6,0.1,14.3,0,0,0.8,1.1,1,4.2,0.015
164,Jacob Evans,GSW,22,30,21,9,6.8,105.9,0.6,8.4,12.2,0.2,17.2,0.1,16.7,2.7,2.2,2.5,6.5,0.026
165,Kelly Olynyk,MIA,28,79,39,40,22.9,106,3.8,16,23.1,0.7,16.9,0.5,19.7,8.2,6.6,5.9,19.5,0.085
166,Guerschon Yabusele,BOS,23,41,27,14,6.1,106,0.7,10.4,16,0.2,20.5,0.2,20.6,2,2.4,1.3,5.8,0.023
167,Luke Kornet,NYK,23,46,9,37,17,106,2.3,12.3,18.1,0.6,23.5,0.9,49.4,5.5,5,3.6,17.1,0.064
168,Mason Plumlee,DEN,29,82,54,28,21.1,106.1,4.4,19.8,29.1,0.8,23.2,0.9,43.4,5.6,6.3,4.8,20.5,0.079
169,Lonzo Ball,LAL,21,47,25,22,30.3,106.1,4.2,12.4,17.6,1.5,29,0.4,10.9,11,8.6,9.6,31.6,0.112
170,Kevon Looney,GSW,23,80,56,24,18.5,106.1,2.8,13.3,19.3,0.6,21,0.7,29,6.2,5.1,5.4,17.8,0.069
171,Jakob Poeltl,SAS,23,77,43,34,16.5,106.1,3,17.1,24.7,0.4,17.7,0.9,54.4,5.1,4,4.6,16.1,0.062
172,Pat Connaughton,MIL,26,61,43,18,20.7,106.1,3.2,13.5,18.9,0.5,19.3,0.4,16.8,6.5,6,4.9,17.9,0.077
173,Sterling Brown,MIL,24,58,45,13,17.8,106.1,2.7,13,18.1,0.4,15.7,0.1,7.4,5.6,4.2,5.2,16.5,0.067
174,Allen Crabbe,BKN,27,43,19,24,26.4,106.1,3.1,10.8,16.2,0.5,15,0.3,16,9.7,8.7,5.9,26.3,0.098
175,Tyler Zeller,MEM,29,6,3,3,15.5,106.2,2.2,12.3,18.1,0.2,9.1,0.5,50,2.2,4,2.3,10.3,0.059
176,DeMarre Carroll,BKN,32,67,36,31,25.4,106.2,4.2,15.1,22.1,0.5,14.3,0.1,7.4,8.4,6.7,5.8,26.4,0.094
177,Robert Covington,MIN,28,35,20,15,34.4,106.2,4.7,12.7,18.8,2.1,33.2,1.3,30.1,10.8,9.1,9.1,32,0.125
178,Hassan Whiteside,MIA,30,72,33,39,23.3,106.2,7.8,30.5,44.1,0.6,19.7,1.9,61,8.4,6.8,6.9,20.7,0.085
179,Rodney McGruder,LAC,27,66,31,35,23.5,106.3,2.7,10.6,15.2,0.5,16.7,0.2,6.2,8.8,6.6,6.2,21,0.083
180,J.J. Barea,DAL,35,38,20,18,19.8,106.3,2.2,10.6,15.4,0.6,18.8,0,1.2,6.2,5.9,5.6,19.2,0.074
181,Nikola Vucevic,ORL,28,80,41,39,31.4,106.4,9.2,28.6,39.4,1,23.2,1.1,34.1,9.8,6.9,8.6,30.8,0.113
182,Delon Wright,MEM,27,75,45,30,22.6,106.4,2.6,11.3,16.7,1.2,27.5,0.4,17,7.2,6,7.8,22.6,0.085
183,Jared Terrell,MIN,24,14,4,10,7.9,106.4,0.4,4.4,6.8,0.2,15.8,0.1,33.3,2.7,2.9,1.9,7.7,0.028
184,Al Horford,BOS,33,68,41,27,29,106.4,5,16.1,23.6,0.9,17.3,1.3,38.7,8.2,8.5,8,27.8,0.104
185,Billy Garrett,NYK,24,4,1,3,15.9,106.4,0.8,4.1,5.4,0.3,33.3,0.3,9.1,4,3.3,2.5,13.5,0.06
186,Mike Scott,PHI,30,79,44,35,17.7,106.4,2.9,14.7,21.7,0.3,13.2,0.2,9.3,5.9,5,5.4,18.5,0.065
187,Thaddeus Young,IND,31,81,47,34,30.7,106.5,4.1,13.2,19.6,1.5,25.2,0.4,14.3,9.4,8.6,9,28.7,0.109
188,DeMarcus Cousins,GSW,28,30,23,7,25.7,106.5,6.8,23.2,33.9,1.3,29,1.5,39.6,9.7,8,8.5,25.3,0.092
189,Jusuf Nurkic,POR,24,72,45,27,27.4,106.5,7,24.1,33.5,1,22.8,1.4,45.2,7.4,7.3,7.4,27,0.099
190,Mike Muscala,LAL,27,64,35,29,20.4,106.5,2.9,13.3,19.2,0.3,10.3,0.6,27.5,7.2,5.5,6.6,21.6,0.073
191,Dillon Brooks,MEM,23,18,9,9,18.3,106.5,1.2,7.6,11.5,0.6,13.5,0.2,17.4,6.3,4.3,4.3,14.7,0.066
192,OG Anunoby,TOR,21,67,46,21,20.2,106.5,2.1,10,14.6,0.7,18.6,0.3,14.8,7.3,5.5,6.3,20.5,0.073
193,Corey Brewer,SAC,33,31,13,18,15.9,106.6,1.6,9.8,14.2,1,32,0.2,15.9,5.3,3.7,4.8,15.2,0.056
194,Dwyane Wade,MIA,37,72,35,37,26.2,106.6,3,10.6,16,0.8,19.9,0.5,17.7,9.5,7.9,7.1,23.5,0.095
195,Marcus Smart,BOS,25,80,48,32,27.5,106.7,2.2,7.7,11.4,1.8,34.5,0.4,11.8,8.5,7.8,8,26,0.097
196,Jevon Carter,MEM,23,39,9,30,14.8,106.7,1.3,9,12.7,0.7,28.3,0.3,17.7,5.3,3,3.7,11.8,0.053
197,Daniel Hamilton,ATL,23,19,7,12,10.7,106.7,1.9,16.1,24.3,0.3,21.4,0.1,6.7,3.8,2.8,3.5,10.7,0.038
198,Greg Monroe,PHI,29,43,28,15,11.2,106.7,2.4,21.8,31.3,0.3,14.7,0.2,19.5,4.4,2.8,3.7,12.5,0.039
199,John Jenkins,NYK,28,26,8,18,12.8,106.7,1.2,8.3,12,0,0,0.1,3.5,4,3.5,2.8,13.5,0.045
200,Maurice Harkless,POR,26,60,37,23,23.6,106.8,3.2,12.8,18.3,1.1,28.5,0.9,30.5,6.7,7,7.3,23,0.083
201,Jeremy Lin,TOR,30,74,31,43,19.4,106.8,2.1,10.2,14.6,0.6,20.1,0.2,8.3,8.6,5.6,6.5,18.7,0.071
202,Garrett Temple,LAC,33,75,37,38,27.2,106.8,2.5,9.2,13.2,1,20.8,0.4,12.9,9.8,6.4,8.4,24.8,0.091
203,Rudy Gay,SAS,32,69,42,27,26.7,106.8,5.9,20.9,29.7,0.8,24.3,0.5,18.7,8,7.1,7.6,25.6,0.093
204,Johnathan Motley,LAC,24,22,12,10,7.1,106.9,1.5,21.3,29.7,0.2,17.2,0.1,23.1,3.5,1.6,2.5,7.6,0.026
205,Furkan Korkmaz,PHI,21,48,30,18,14.2,107,1.9,13,18.5,0.6,23.4,0,2.9,4.7,2.9,3.6,14,0.049
206,Jonas Valanciunas,MEM,27,49,31,18,22.3,107,6.4,26.8,38.9,0.4,10.9,1.1,48.2,8.2,5.7,8.5,20.7,0.079
207,Goran Dragic,MIA,33,36,16,20,27.5,107,2.5,8.7,12.4,0.8,20.1,0.1,4.1,9.3,7.9,7.2,25.7,0.097
208,Matthew Dellavedova,CLE,28,48,20,28,16.9,107,1.5,8.1,12.2,0.3,12.8,0,3.4,5.6,4.2,3.8,16.2,0.06
209,Kyle O'Quinn,IND,29,45,27,18,8.2,107,2,21.6,31.5,0.2,20.9,0.6,55.6,2.6,2.7,3.5,7.9,0.029
210,Chandler Parsons,MEM,30,25,11,14,19.8,107,2.6,12.6,18.6,0.8,24.4,0.2,10,5.8,5.4,7.9,18.9,0.069
211,Derrick White,SAS,24,67,41,26,25.8,107.1,3.2,11.6,16.5,1,30,0.7,25.3,7,6.8,6.5,23.2,0.087
212,Treveon Graham,BKN,25,35,19,16,20.4,107.1,2.4,10.7,15.5,0.4,13.5,0.2,11.5,6.2,5.1,5.3,22.7,0.071
213,Terrance Ferguson,OKC,21,74,44,30,26.1,107.1,1.5,5.5,7.6,0.5,11,0.2,9.5,8.7,6.3,6,26.4,0.089
214,Kyrie Irving,BOS,27,67,37,30,33,107.1,3.9,11.3,16.6,1.5,25.6,0.5,15.2,9.9,9.2,9.5,31.7,0.112
215,Wayne Ellington,DET,31,53,26,27,24.5,107.2,1.8,7.3,10.6,1,24.5,0.1,4.3,8.2,6,6.1,23.4,0.082
216,D.J. Augustin,ORL,31,81,42,39,28,107.2,2,7.1,9.8,0.6,16.7,0,1.7,8.5,6.2,7.8,28.2,0.094
217,Jonathon Simmons,PHI,29,56,25,31,19,107.2,1.8,9,13,0.5,20,0.3,11.2,6.8,4.8,5.7,18.7,0.064
218,Jon Leuer,DET,30,41,16,25,9.8,107.2,1.7,18.2,25,0.3,19.4,0.1,20,4.1,2,1.9,10.9,0.034
219,Jonathan Isaac,ORL,21,75,37,38,26.6,107.3,4.2,15.2,21,0.8,21.5,1.3,42.2,8.6,5.9,8.2,26.4,0.09
220,Patrick Patterson,OKC,30,63,40,23,13.7,107.3,1.7,11.4,17.3,0.3,9.6,0.2,11.9,5,4.4,3.8,15.1,0.046
221,Malik Beasley,DEN,22,81,53,28,23.2,107.3,2,8.5,12.3,0.7,18.7,0.1,6.1,7.2,6.1,5.6,24,0.079
222,Juancho Hernangomez,DEN,23,70,44,26,19.4,107.3,2.9,14.4,20.8,0.4,12.3,0.3,16.7,5.6,5.2,4.8,18.9,0.065
223,Shaun Livingston,GSW,33,64,45,19,15.1,107.3,1.2,7.1,10.6,0.5,19.9,0.4,20.8,5.6,4.3,4.7,15.3,0.05
224,Kevin Durant,GSW,30,78,54,24,34.6,107.3,5.9,15.3,22.4,0.7,13.3,1.1,22.5,12.2,10.1,10.8,33.2,0.116
225,Edmond Sumner,IND,23,23,14,9,9.1,107.3,0.7,6.5,10,0.5,37.5,0.2,20.8,3.7,3.4,2.7,8.7,0.032
226,Rodions Kurucs,BKN,21,63,36,27,20.5,107.4,3,13.1,19,0.7,23.2,0.4,19.8,7.7,5.5,5.6,22.2,0.071
227,Kosta Koufos,SAC,30,42,21,21,11.9,107.4,3,22.9,35,0.4,17.4,0.4,40.9,3.9,3.9,3.5,11.4,0.04
228,Michael Kidd-Gilchrist,CHA,25,64,29,35,18.4,107.4,2.5,12.9,18.9,0.5,17.6,0.6,31.7,5.4,5.5,4.6,17,0.062
229,Serge Ibaka,TOR,29,74,53,21,27.2,107.4,6,20.4,29.8,0.4,9.8,1.4,44,8.8,7.3,7,26.5,0.089
230,Russell Westbrook,OKC,30,73,44,29,36,107.4,9.6,25.5,35.7,1.9,28.2,0.5,12.2,11.8,8.9,9.1,35.9,0.12
231,Darren Collison,IND,31,76,45,31,28.2,107.4,2.6,8.9,13.5,1.4,25.8,0.1,3.9,9.2,8.4,8.4,26.4,0.092
232,Bruno Caboclo,MEM,23,34,14,20,23.5,107.5,3.4,13.7,19.6,0.4,11.2,1,39.8,7.5,5.9,8,20.6,0.079
233,Tony Parker,CHA,37,56,30,26,17.9,107.5,1.2,6.7,10,0.4,14.7,0.1,6,4.5,5.3,4.9,18.8,0.059
234,Nikola Jokic,DEN,24,80,53,27,31.3,107.5,8,24.9,34.9,1.4,28.1,0.7,24.7,10.4,7.1,8.4,31.5,0.102
235,Chandler Hutchison,CHI,23,44,10,34,20.3,107.6,3.5,16.7,24.6,0.5,15.3,0.1,7.7,6.4,4.9,5.7,20.2,0.067
236,Deyonta Davis,ATL,22,9,3,6,13.2,107.6,2.9,19.3,29.2,0.3,11.5,0.6,25,3.2,5.1,2.9,12.2,0.044
237,Justin Anderson,ATL,25,48,17,31,9.7,107.6,1.3,11.9,17.8,0.5,25.6,0.3,23.2,3.7,3.2,2.7,9.8,0.033
238,LeBron James,LAL,34,55,28,27,35.2,107.6,7.4,19.3,27.9,1.3,23.7,0.6,14.6,13,9.3,11.2,37.2,0.114
239,Caleb Swanigan,SAC,22,21,10,11,8.5,107.6,2.2,23.6,34.1,0.3,33.3,0,6.7,3.5,2.1,2.8,8.6,0.027
240,Dennis Smith Jr.,NYK,21,53,21,32,28.5,107.7,2.3,7.5,10.7,1.3,29.4,0.4,13.3,10.4,7.3,8.5,27.1,0.092
241,Jerian Grant,ORL,26,60,28,32,15.6,107.7,1.3,8.3,12,0.7,32.6,0.1,5.2,5,3.8,3.8,14.8,0.051
242,Kawhi Leonard,TOR,28,60,41,19,34,107.8,6,16.5,24.1,1.8,30.5,0.4,10.6,9.7,9.3,8.2,33.2,0.108
243,Jose Calderon,DET,37,49,22,27,12.9,107.8,1,7.8,11,0.3,15.7,0.1,6.4,4.7,3,3.2,13.1,0.042
244,Dion Waiters,MIA,27,44,20,24,25.9,107.8,2.5,9.4,13.6,0.7,14.4,0.2,8.2,8.5,7.1,7.1,22,0.081
245,Zach Collins,POR,21,77,51,26,17.6,107.8,2.8,14.4,21,0.3,17,0.9,50.8,6.1,5.7,5.2,16.6,0.056
246,D'Angelo Russell,BKN,23,81,42,39,30.2,107.9,3.2,9.9,14.8,1.2,28.2,0.2,9,11.1,9.9,7.7,32.7,0.096
247,Damian Lillard,POR,28,80,51,29,35.5,107.9,3.8,10,14.2,1.1,21,0.4,10.6,10.6,9.9,10.2,35.5,0.113
248,James Johnson,MIA,32,55,27,28,21.2,107.9,2.8,12.3,17.7,0.6,21.9,0.5,20.5,7.2,5.8,5.9,18.9,0.067
249,Langston Galloway,DET,27,80,41,39,21.8,107.9,1.5,7,10.1,0.5,15.2,0.1,5.4,6.7,5.5,4.7,23.2,0.07
250,Lance Thomas,NYK,31,46,7,39,17,107.9,2.1,11.5,16.3,0.4,18.3,0.2,10.6,4.5,4.1,3.7,18,0.055
251,Alfonzo McKinnie,GSW,26,72,53,19,13.9,107.9,2.3,15.2,21.9,0.3,11.7,0.2,11.6,4.9,3.8,4.6,14.2,0.045
252,Jonah Bolden,PHI,23,44,24,20,14.5,107.9,2.7,17.3,24.3,0.4,16,0.9,43.3,6.1,3.6,4.7,16.2,0.047
253,Jamal Murray,DEN,22,75,49,26,32.6,108,3.4,10.1,14.2,0.9,17.8,0.4,12,10.9,7.6,8.5,33.5,0.102
254,Vince Carter,ATL,42,76,25,51,17.5,108,2.1,11.4,17.2,0.6,18.6,0.4,18,7.4,5.3,5.1,16.7,0.055
255,Jonas Jerebko,GSW,32,73,52,21,16.7,108.1,3,16.8,24.2,0.4,16.6,0.2,11.4,6,4.5,5.2,16.4,0.052
256,Eric Gordon,HOU,30,68,44,24,31.7,108.1,1.9,5.9,9.2,0.6,10.8,0.4,12.3,9.7,8.7,8.7,33.9,0.1
257,Jason Smith,NOP,33,20,10,10,9.5,108.1,1.8,17.4,25,0.2,13,0.4,31.8,3.4,2.5,3.8,9.1,0.03
258,Ish Smith,DET,30,56,33,23,22.3,108.1,2.2,9.7,14.1,0.5,17.8,0.2,10.3,6.3,4.8,4.6,22.7,0.069
259,Davis Bertans,SAS,26,76,44,32,21.5,108.2,3.2,13.9,19.9,0.5,17.5,0.4,19.6,6.7,4.9,6.4,20.2,0.068
260,Luke Kennard,DET,23,63,30,33,22.8,108.2,2.7,12.1,17.2,0.4,13.8,0.2,8.3,6.7,5.4,5.4,23.6,0.069
261,Al-Farouq Aminu,POR,28,81,52,29,28.3,108.2,6.1,20.4,28.9,0.8,18.9,0.4,12.5,8.2,7.9,7.9,28.2,0.088
262,Damion Lee,GSW,26,32,18,14,11.7,108.2,1.8,13.4,20,0.4,24.5,0,0,4.8,4.1,4.4,12,0.036
263,Danuel House Jr.,HOU,26,39,27,12,25.1,108.3,2.9,11.2,16.7,0.5,13.1,0.3,13.9,8.1,7.8,7.5,27.3,0.078
264,Nikola Mirotic,MIL,28,46,24,22,27.1,108.3,6.1,19.8,28.9,0.7,16,0.7,21,9,7.8,8.4,30.4,0.084
265,Justin Jackson,DAL,24,81,36,45,19.9,108.3,2.1,9.6,14.4,0.4,13.3,0.2,9.5,6,5.7,6,20.6,0.063
266,Jimmy Butler,PHI,29,65,38,27,33.6,108.3,3.4,9.4,13.6,1.9,34.2,0.6,17.3,11.5,9,10.8,35.8,0.101
267,Lance Stephenson,LAL,28,68,33,35,16.5,108.4,2.7,15,22.2,0.6,22.9,0.1,6.6,6.3,4.7,5.8,17.4,0.051
268,Reggie Jackson,DET,29,82,41,41,27.9,108.4,2.1,7.6,10.9,0.7,16.6,0.1,4.7,9.4,6.9,7.3,28.7,0.084
269,Evan Fournier,ORL,26,81,42,39,31.5,108.4,2.7,8.6,12,0.9,20.1,0.1,4.3,9.7,7,9.2,32.5,0.095
270,Andre Drummond,DET,25,79,40,39,33.5,108.4,10.2,31.1,44.7,1.7,36.1,1.7,55.4,10.9,8.1,8.6,34.4,0.101
271,Shelvin Mack,CHA,29,57,22,35,21.9,108.4,1.5,6.9,10.8,0.8,22.9,0.1,3,7.5,5.7,7,19.5,0.065
272,Tyler Dorsey,MEM,23,48,11,37,14.5,108.4,1.8,11.8,16.7,0.3,11.5,0,3,5.4,3.1,5.2,14.5,0.047
273,Trey Burke,DAL,26,58,16,42,19.4,108.4,1.2,5.9,9,0.6,20.9,0.1,7.1,5.1,6,5.1,20,0.059
274,Tyler Johnson,PHX,27,57,26,31,26.8,108.5,2.4,8.7,13.2,0.9,21.1,0.5,16.5,10.3,8.4,7.6,25.8,0.08
275,Wilson Chandler,LAC,32,51,35,16,23.1,108.5,3.3,13.2,19.2,0.5,13,0.4,15.2,9,5.9,6.2,23.8,0.069
276,Klay Thompson,GSW,29,78,55,23,34,108.5,3.4,8.9,13.3,1.1,19.8,0.6,13.5,12.5,9.8,10.7,33.7,0.101
277,Ryan Anderson,MIA,31,25,7,18,12.9,108.6,1.4,11.2,15.3,0.2,9.5,0,5,5.5,3.1,5,13.8,0.037
278,Jared Dudley,BKN,33,59,28,31,20.7,108.6,2.1,9.6,14.5,0.6,21.1,0.3,17,7.2,5.9,4.3,20.5,0.06
279,Anthony Tolliver,MIN,34,65,27,38,16.6,108.6,2.5,14.3,21.3,0.3,9.9,0.3,21.2,4.7,5.2,3.8,16.2,0.049
280,Courtney Lee,DAL,33,34,6,28,12.6,108.6,1.3,10.5,15.5,0.6,29.6,0.1,9.4,2.9,3.2,4,12.9,0.038
281,Clint Capela,HOU,25,67,44,23,33.6,108.7,8.2,24.1,36.4,0.7,12.1,1.5,43.8,11.4,9.1,10,35.5,0.098
282,Dorian Finney-Smith,DAL,26,81,33,48,24.5,108.7,3.1,11.9,17.6,0.9,25.4,0.4,19.6,8.1,6.7,8,24,0.072
283,Andrew Harrison,NOP,24,17,6,11,10.9,108.7,0.8,7.4,11.6,0.2,13.3,0.1,18.2,4.9,2.2,2.9,9.5,0.03
284,Caris LeVert,BKN,24,40,19,21,26.6,108.7,2.9,10,15.6,1.1,28,0.4,13,8.7,8.6,7.4,26.7,0.077
285,Salah Mejri,DAL,33,36,13,23,11.1,108.7,2.6,21.6,33.3,0.3,21.7,0.7,60.5,2.8,3.3,3.6,11.2,0.033
286,Nemanja Bjelica,SAC,31,77,38,39,23.2,108.7,4.1,17.1,25,0.7,16.3,0.7,34.1,8.3,6.5,6.9,25.2,0.068
287,Torrey Craig,DEN,28,75,50,25,20,108.7,2.3,11.2,16.4,0.5,15.9,0.6,29.1,6.2,4.8,5,19.9,0.058
288,Patrick Beverley,LAC,30,78,48,30,27.4,108.7,4,13.5,20.1,0.9,21.6,0.6,20.8,9.4,8,7.9,28,0.079
289,Tyus Jones,MIN,23,68,29,39,22.9,108.7,1.6,6.9,10.3,1.2,28.5,0.1,3.4,6.4,6.5,6.6,24,0.067
290,Willie Cauley-Stein,SAC,25,81,39,42,27.3,108.7,6.1,21.3,31.3,1.2,24,0.6,24.8,8.8,7.9,8.1,29.1,0.079
291,T.J. McConnell,PHI,27,76,46,30,19.3,108.8,1.9,9.4,13.7,1,34.1,0.2,11,6,5.2,5.8,20.3,0.056
292,Brandon Ingram,LAL,21,52,25,27,33.9,108.8,4.3,11.3,16.8,0.5,11.1,0.6,14.4,13.1,9.9,12.5,36.2,0.098
293,Dusty Hannahs,MEM,25,2,0,2,13,108.8,0.5,3.6,6.3,0.5,20,0,0,2,4.5,5.5,17,0.041
294,Chris Chiozza,HOU,23,7,6,1,4.6,108.8,0.4,11.1,16.7,0.1,14.3,0.1,25,0.9,1.4,2.1,7.4,0.014
295,Michael Beasley,LAL,30,26,11,15,10.7,108.8,1.8,15.3,23.2,0.3,22.5,0.4,32.3,3.8,3.6,3.4,10.8,0.031
296,Duncan Robinson,MIA,25,15,7,8,10.7,108.8,1.1,9.1,14,0.3,21.7,0,0,3.5,4.4,2.5,10.3,0.031
297,Ben Simmons,PHI,22,79,50,29,34.2,108.9,6.6,17.9,25.5,1.4,26.8,0.8,20.6,13.4,8.7,11.1,37.6,0.099
298,Marcus Morris Sr.,BOS,29,75,44,31,27.9,108.9,5.1,17.6,25.4,0.6,12,0.3,12,9.1,7,8.4,26.8,0.08
299,Jake Layman,POR,25,71,46,25,18.7,108.9,2.3,11.5,16.5,0.4,18.2,0.4,23.3,6.8,5.3,4.9,19.5,0.054
300,Yogi Ferrell,SAC,26,71,33,38,15,108.9,1.4,8.5,13.1,0.5,21.8,0.1,4.8,5.4,4.7,4,15.5,0.043
301,Richaun Holmes,PHX,25,70,16,54,16.9,108.9,3.1,17.3,28.3,0.6,19.4,1.1,51.3,6.4,5.8,4.9,16.9,0.049
302,CJ McCollum,POR,27,70,43,27,33.9,108.9,3.1,8.7,12.2,0.8,15.6,0.4,11,10.4,9.9,9.7,34.1,0.097
303,Gorgui Dieng,MIN,29,76,33,43,13.6,109,3,22.5,33.1,0.6,23.8,0.5,46.6,4.1,3.7,3.7,13.1,0.04
304,Ben McLemore,SAC,26,19,7,12,8.3,109,0.7,8.9,12.7,0.3,20.7,0.2,30,2.9,2.6,2.9,8.9,0.025
305,Will Barton,DEN,28,43,27,16,27.7,109.1,3.9,13.7,19.4,0.4,9.7,0.5,21,8.9,6.8,7.9,28.9,0.079
306,Jaylen Adams,ATL,23,34,13,21,12.6,109.1,1.4,10.9,16.2,0.4,17.9,0.1,10.2,4.7,4,3.2,11.8,0.036
307,Frank Kaminsky,CHA,26,47,22,25,16.1,109.1,2.6,16.4,24.3,0.3,11.1,0.3,15.2,4.1,3.9,3.9,15.8,0.045
308,JaMychal Green,LAC,29,65,31,34,21.1,109.1,4.7,21.8,32.5,0.7,19.2,0.5,22.5,8,5.5,6.4,18.9,0.059
309,Evan Turner,POR,30,73,47,26,22,109.1,4,16.7,23.9,0.5,18.1,0.2,12.8,6.6,6.3,6.4,20.7,0.062
310,De'Aaron Fox,SAC,21,81,39,42,31.4,109.1,3.2,9.5,14.1,1.6,28.9,0.6,18.1,10.6,9.4,9.8,34.4,0.089
311,Patty Mills,SAS,30,82,48,34,23.3,109.1,1.9,7.6,11.3,0.6,21.6,0.1,5.5,7.3,6.5,6.7,23.6,0.067
312,Austin Rivers,HOU,26,76,45,31,26.7,109.1,1.8,6.5,10.1,0.6,13.5,0.3,11.2,8.8,7.7,8.3,28.2,0.076
313,Jrue Holiday,NOP,29,67,30,37,35.8,109.1,3.9,9.9,14.1,1.6,28.4,0.8,17.9,13.5,10.1,10.5,36.8,0.099
314,Harry Giles III,SAC,21,58,26,32,14.1,109.1,2.7,17.1,25.8,0.5,22,0.4,30.1,5.3,4.4,4.1,15.2,0.04
315,Michael Carter-Williams,ORL,27,28,17,11,13.3,109.2,1.8,14.3,19.6,0.7,32.3,0.5,30.6,3.8,3.4,3,14.9,0.039
316,Mo Bamba,ORL,21,47,19,28,16.3,109.2,3.6,21.3,31.9,0.3,13.3,1.4,58.7,5.1,4.4,4.3,15.3,0.046
317,Lou Williams,LAC,32,75,47,28,26.6,109.2,2.4,8.1,12.5,0.8,19.8,0.1,5.1,9.5,8.7,8,28,0.075
318,Bogdan Bogdanovic,SAC,26,70,32,38,27.8,109.3,2.9,9.8,14.7,1,22.6,0.2,8.9,9.8,8.4,7.2,27.9,0.075
319,Allonzo Trier,NYK,23,64,13,51,22.8,109.3,2.6,10.7,16.1,0.4,13.6,0.2,7.8,8.3,7.4,5.6,24.5,0.063
320,Landry Shamet,LAC,22,79,51,28,22.8,109.3,1.4,6,8.6,0.5,13.4,0.1,5.8,8.5,5.6,6.5,25.2,0.063
321,Blake Griffin,DET,30,75,39,36,35,109.3,6.2,18.2,25.7,0.7,14.4,0.4,13.7,11.7,7.8,9.2,35.6,0.095
322,Gerald Green,HOU,33,73,47,26,20.2,109.3,2.1,10,15.3,0.5,14.1,0.4,17.9,6.5,5.8,5.4,21.9,0.056
323,DeAndre' Bembry,ATL,24,82,29,53,23.6,109.4,3.7,14.8,22.1,1.3,31.6,0.5,19.9,10.6,7.2,7.4,23.3,0.064
324,Harrison Barnes,SAC,27,77,34,43,32.9,109.4,3.9,11.1,15.8,0.6,13.2,0.2,6,11,9,11.5,34.5,0.087
325,Wesley Matthews,IND,32,69,27,42,30.3,109.4,2,6.3,9.2,0.8,17.1,0.2,9.1,10.6,8.3,11.2,30.6,0.083
326,Melvin Frazier Jr.,ORL,22,10,8,2,4.4,109.5,0.2,4.5,5.7,0.1,10,0,0,0.8,0.9,1.6,4.4,0.012
327,Ivan Rabb,MEM,22,49,20,29,14.7,109.5,2.8,19.7,28.6,0.3,13.4,0.3,21.9,6,3.4,5.8,13.8,0.04
328,P.J. Tucker,HOU,34,82,53,29,34.2,109.5,4.4,12.9,19.8,1.6,25.9,0.5,13.8,11.4,9.1,10.5,36.2,0.091
329,Deng Adel,CLE,22,19,4,15,10.2,109.5,0.8,8.9,12.2,0.1,5.9,0.2,40,3.1,1.9,2.7,10.5,0.027
330,Wendell Carter Jr.,CHI,20,44,10,34,25.2,109.5,5,19.8,28.8,0.6,13.5,1.3,54.2,8.7,6.7,7.2,22.9,0.067
331,Ian Clark,NOP,28,60,24,36,16.2,109.6,1.3,7.1,10.3,0.4,17.3,0.1,7.6,5.9,4.7,5.3,17.1,0.044
332,Mitchell Robinson,NYK,21,66,16,50,20.6,109.6,3.7,16.6,24.6,0.8,26.9,2.4,69.7,7.2,6.6,4.8,21.1,0.055
333,JaKarr Sampson,CHI,26,4,1,3,31.8,109.6,6.8,19.6,27.6,1,25,0.8,27.3,7,12.5,7,29,0.083
334,Jeremy Lamb,CHA,27,79,38,41,28.5,109.6,4.7,15.9,23.4,1.1,25.5,0.4,14.2,7.9,8,7.6,28,0.075
335,Troy Williams,SAC,24,21,7,14,14.9,109.6,2.2,14.4,21.3,0.5,20.8,0.4,28.6,5.5,4.3,4.5,15.7,0.041
336,Jaron Blossomgame,CLE,25,27,4,23,16.3,109.6,2.7,16.2,24.8,0.3,12.3,0.3,24.2,5.3,4.2,4.6,16.6,0.043
337,Kenneth Faried,HOU,29,37,21,16,19.7,109.6,4.1,21,32.5,0.5,11.2,0.6,31.5,6.5,5.6,5.3,21.7,0.054
338,Dirk Nowitzki,DAL,41,51,17,34,15.6,109.7,3,18,25.4,0.2,10.1,0.4,30.5,4.4,4.4,5,15.1,0.041
339,Amir Johnson,PHI,32,51,32,19,10.4,109.7,2,18.5,26.4,0.3,17.4,0.3,22.8,4.1,2.5,3,11.5,0.028
340,Chris Boucher,TOR,26,28,21,7,5.8,109.7,1.4,20.9,32.3,0.2,24,0.9,68.6,2.1,2.3,2.3,6.2,0.016
341,Jordan McRae,WAS,28,27,9,18,12.3,109.7,1.3,9.5,14,0.5,28.9,0.3,20,3.9,3.6,3.9,14.4,0.033
342,Kyle Kuzma,LAL,23,70,33,37,33.1,109.7,4.6,12.7,18.2,0.6,11.5,0.4,9.9,12.4,9.2,10.3,35,0.087
343,Spencer Dinwiddie,BKN,26,68,36,32,28.1,109.8,2.1,6.9,10.3,0.6,17.2,0.3,11.6,9.6,8.6,6.8,28.9,0.073
344,James Ennis III,PHI,28,58,35,23,21.2,109.8,2.1,9.9,15.2,0.7,17.8,0.4,15.8,9.1,5.9,5.7,23.4,0.054
345,Darius Miller,NOP,29,69,31,38,25.5,109.8,1.7,5.9,8.5,0.6,15.6,0.3,11.5,9.1,7.4,7.6,26.8,0.066
346,Gary Clark,HOU,24,51,33,18,12.6,109.8,1.8,14.4,22.4,0.4,19.4,0.5,31,4.7,4.4,3.2,14.3,0.033
347,Robin Lopez,CHI,31,74,20,54,21.7,109.9,2,8.5,12.2,0.1,5,1.1,51,7.4,6,5.7,22,0.056
348,Dwight Powell,DAL,27,77,31,46,21.6,109.9,3.5,16,23.3,0.6,20.6,0.6,33.8,6,5.6,5.9,20.8,0.056
349,Patrick McCaw,TOR,23,29,17,12,13.7,109.9,1.4,10.5,15.6,0.8,31.5,0.1,4.9,5.7,3.9,4.3,14.3,0.035
350,Montrezl Harrell,LAC,25,82,48,34,26.3,109.9,4.3,14.6,21.9,0.9,22.5,1.3,46,9.9,8.1,7.7,26.9,0.068
351,Devin Harris,DAL,36,68,28,40,15.7,109.9,1.5,9,13.2,0.5,27.8,0.2,16,4.5,4.6,4.8,15.9,0.04
352,Cheick Diallo,NOP,22,64,27,37,14,110,4,26,37.4,0.5,23.6,0.5,37.9,5.8,4.1,4.3,14.7,0.036
353,Buddy Hield,SAC,26,82,39,43,31.9,110,3.7,11,16.4,0.7,12.7,0.4,13.2,10.5,10,9.6,34.1,0.081
354,Kentavious Caldwell-Pope,LAL,26,82,37,45,24.8,110.1,2.3,8.8,13.1,0.9,23,0.2,6.4,10,7.8,7.4,26.4,0.062
355,Anthony Davis,NOP,26,56,25,31,33,110.1,8.9,24.9,35.4,1.6,28,2.4,59,11.7,8.7,10.6,33.8,0.082
356,DeAndre Jordan,NYK,30,69,25,44,29.7,110.1,9.8,31.5,44.4,0.6,14.6,1.1,44.2,11.8,7.8,11.2,29.3,0.073
357,Justin Holiday,MEM,30,82,25,57,31.8,110.1,3.4,10.3,15.4,1.5,27.9,0.4,14.6,11.3,8.6,10,30.5,0.081
358,Marco Belinelli,SAS,33,79,46,33,23,110.1,2.3,9.3,13.5,0.4,16.8,0.1,4.5,7.6,6.3,7,23.1,0.059
359,Bryn Forbes,SAS,25,82,48,34,28,110.2,2.7,9.6,13.5,0.5,14.1,0,1.9,8.6,7,8,26.4,0.069
360,Ryan Arcidiacono,CHI,25,81,22,59,24.2,110.2,2.4,9.6,14,0.8,21.3,0,2.4,7.8,6.9,6.5,24.1,0.06
361,Kent Bazemore,ATL,29,67,24,43,24.5,110.2,3.3,12.6,19.5,1.3,30.6,0.6,21.1,10.3,7.9,7.2,23.9,0.061
362,Avery Bradley,MEM,28,63,31,32,30.2,110.2,2.1,6.5,9.6,0.7,17.2,0.3,9.4,11.3,8.5,10.5,31.5,0.078
363,Malcolm Miller,TOR,26,10,9,1,6.7,110.2,0.4,4.8,7,0.1,10,0.1,10,3.7,2.2,2.4,6.8,0.017
364,Jordan Loyd,TOR,25,12,11,1,4.6,110.2,0.7,13.3,20,0,0,0,0,3.3,1.3,2,5,0.012
365,Ante Zizic,CLE,22,59,13,46,18.3,110.2,3.6,19.3,27.5,0.2,9.8,0.4,34.9,6.2,4.5,5.8,18.8,0.046
366,Hamidou Diallo,OKC,20,51,29,22,10.3,110.3,1.2,11,16.9,0.4,20.2,0.2,13,3.9,3.6,3,11.7,0.025
367,Scott Machado,LAL,29,4,3,1,4.8,110.3,0,0,0,0.3,50,0,0,2,1.3,1.3,3.5,0.011
368,Nicolas Batum,CHA,30,75,35,40,31.4,110.3,4.3,13.1,19.3,0.9,20.4,0.6,17,9.3,8.9,8.8,31.9,0.077
369,Christian Wood,NOP,23,21,13,8,11.9,110.3,3.1,23.1,33,0.3,20,0.5,45.5,5.1,3.6,5.2,13,0.03
370,Troy Brown Jr.,WAS,19,52,20,32,14,110.3,2.1,14.9,21.7,0.4,17.9,0.1,8.6,4.4,3.9,3.8,15.4,0.034
371,Reggie Bullock Jr.,LAL,28,63,27,36,29.8,110.3,2.4,8.2,11.7,0.6,15.6,0.2,7.8,10.7,7.3,9.2,32.3,0.071
372,James Harden,HOU,29,78,51,27,36.8,110.3,5.8,15.7,24.4,2,30.9,0.7,20.1,12.8,10.4,11.2,39.2,0.089
373,Jalen Brunson,DAL,22,73,27,46,21.8,110.4,2,8.7,12.7,0.5,18.4,0.1,2.9,6.6,5.4,7.2,22.2,0.052
374,Alex Len,ATL,26,77,28,49,20.1,110.4,3.5,15.9,23,0.4,10.8,0.9,43.7,8.4,5.8,7.4,19.5,0.049
375,Andrew Bogut,GSW,34,11,8,3,12.2,110.5,3.9,29.7,42.2,0.3,16.7,0.7,47.1,4.1,2.7,4.5,10.5,0.029
376,Iman Shumpert,HOU,29,62,39,23,23.9,110.5,2.5,10.1,15.2,1,23.3,0.4,16.7,8.3,7.2,7.1,26.5,0.06
377,Tobias Harris,PHI,26,82,46,36,34.7,110.5,7,18.8,26.7,0.6,14.2,0.5,13.7,12.1,9.1,10.8,37.3,0.082
378,Tomas Satoransky,WAS,27,80,32,48,27,110.5,2.5,9,13.6,1,23.2,0.2,7.3,9.6,7.6,7.4,29.8,0.064
379,Shaquille Harrison,CHI,25,73,20,53,19.6,110.5,2.6,13.2,19.5,1.2,37.6,0.4,26.8,6.3,5.8,5.3,21,0.047
380,Ekpe Udoh,UTA,32,51,35,16,6.3,110.5,1.2,18.9,26.9,0.2,21.7,0.6,70.5,2.2,1.7,1.6,7.3,0.015
381,Frank Ntilikina,NYK,20,43,9,34,21,110.6,1.7,8,12.4,0.7,21.3,0.3,14.3,6.9,6.7,4.6,22.2,0.05
382,Tim Frazier,MIL,28,59,27,32,19,110.6,2.2,10.6,14.9,0.5,17.3,0.1,4.5,6.8,4.6,5.5,19.3,0.045
383,Chasson Randle,WAS,26,49,19,30,15.2,110.6,0.9,6.2,9.2,0.5,19.1,0.1,4.5,5.4,4.3,4.7,16.7,0.036
384,Josh Okogie,MIN,20,74,32,42,23.7,110.6,2.4,9.8,14.3,1.2,27.8,0.4,19.2,7.4,6.8,7.1,25.1,0.057
385,Luka Doncic,DAL,20,72,28,44,32.2,110.6,6.6,19.8,28.1,1.1,23.4,0.3,12.5,11.5,8.5,12.3,32,0.076
386,Dario Saric,MIN,25,81,39,42,25,110.7,4.1,15.3,22.2,0.6,14.8,0.1,4.5,8.5,6.9,7.2,25.6,0.059
387,Antonio Blakeney,CHI,22,57,14,43,14.5,110.8,1.7,11.4,17.2,0.2,11.2,0.2,14.5,4.6,3.8,4,14.9,0.034
388,Damyean Dotson,NYK,25,73,12,61,27.4,110.8,3.1,10.8,15.8,0.8,20.4,0.1,4.6,9.9,8.3,6.9,28.2,0.063
389,Shai Gilgeous-Alexander,LAC,20,82,48,34,26.5,110.8,2.1,7.8,11.1,1.2,31.5,0.5,21.5,9.7,7.4,8.5,29.3,0.061
390,Jabari Parker,WAS,24,64,18,46,26.9,110.8,5.3,18.7,27.7,0.7,15.9,0.5,17.1,10.4,7.9,7,28.3,0.061
391,Derrick Rose,MIN,30,51,24,27,27.3,110.8,2.1,7,10.9,0.6,12.9,0.2,7.3,8.6,10.3,7,26.6,0.064
392,Troy Daniels,PHX,27,51,13,38,14.9,110.8,1.2,7.9,12.4,0.5,19.4,0.1,6.7,5.7,4.3,3.7,16.5,0.034
393,Zhaire Smith,PHI,20,6,2,4,18.4,110.8,1.7,8.7,11.4,0.3,13.3,0.3,15.4,6.3,5,6.3,20.3,0.042
394,DeMar DeRozan,SAS,29,77,44,33,34.9,110.9,5.3,14.7,20.9,1.1,24.6,0.5,14.1,10.2,9.2,10.1,33.5,0.078
395,Marvin Williams,CHA,33,75,35,40,28.4,110.9,4.4,15.2,22,0.9,21.6,0.8,28,7.6,7.5,8.4,28.8,0.064
396,Cody Zeller,CHA,26,49,22,27,25.4,110.9,4.6,17.1,25.8,0.8,18.7,0.8,36.3,7.3,7.5,6.5,24.8,0.057
397,LaMarcus Aldridge,SAS,33,81,48,33,33.2,111,6.1,18,25.2,0.5,12.7,1.3,41.3,9.6,8.7,9.3,31.5,0.073
398,Marvin Bagley III,SAC,20,62,30,32,25.3,111,5,18,27.5,0.5,13.9,1,39.9,8.5,7.9,7.9,27.2,0.056
399,Danilo Gallinari,LAC,30,68,40,28,30.3,111,5.3,17.1,24.4,0.7,17.8,0.3,12.9,10.6,8,9.4,32.7,0.066
400,Elie Okobo,PHX,21,53,7,46,18.1,111.1,1.6,9.2,14.2,0.6,17.5,0.1,7.2,6.6,6.1,5.2,19.7,0.04
401,Pau Gasol,MIL,38,30,17,13,12,111.1,3.8,30.4,41.5,0.2,14.3,0.5,44.1,4,2.8,4.6,11.7,0.026
402,JaVale McGee,LAL,31,75,35,40,22.3,111.1,4.9,20.3,29.4,0.6,17.3,2,61.7,9.1,7,8.3,24,0.05
403,Damian Jones,GSW,24,24,15,9,17.1,111.1,1.8,9.9,15,0.5,18.2,1,47.2,6.6,5.2,4.7,17.5,0.037
404,Malik Monk,CHA,21,73,34,39,17.2,111.1,1.7,9.5,13.8,0.5,19.9,0.3,13.9,5.1,4.8,4.8,18,0.038
405,Jordan Bell,GSW,24,68,46,22,11.6,111.2,1.9,15.4,23.2,0.3,20.6,0.8,42.5,4.8,3.5,4.2,11.6,0.025
406,Joe Harris,BKN,27,76,41,35,30.2,111.2,3.1,9.6,14.5,0.5,12.6,0.2,8.3,11.8,9.6,6.9,32.8,0.066
407,Milos Teodosic,LAC,32,15,8,7,10,111.2,0.9,8.4,11.5,0.2,12,0.1,7.1,3.6,2.3,3.5,10.5,0.022
408,Jerome Robinson,LAC,22,33,18,15,9.7,111.2,1.2,10.9,15.9,0.3,26.8,0.1,8.6,4,2.9,3.5,10,0.021
409,Walt Lemon Jr.,CHI,26,6,1,5,27.9,111.2,3.8,13.6,18.5,1.8,42.3,0.2,7.7,9.3,6.3,7.8,28.3,0.06
410,Frank Jackson,NOP,21,61,22,39,19.2,111.3,1.8,8.5,12.4,0.4,13.8,0,1.7,7.5,5.4,6.5,21.3,0.042
411,Karl-Anthony Towns,MIN,23,77,34,43,33,111.3,9,25.7,39,0.9,15.7,1.6,43.9,10.8,10.4,9.2,33.7,0.07
412,Kadeem Allen,NYK,26,19,3,16,21.9,111.4,2.3,10,14.4,0.8,35.6,0.2,7.1,6.9,6.2,5.1,20.7,0.046
413,Julius Randle,NOP,24,73,31,42,30.6,111.4,6.5,19.8,28.6,0.7,15,0.6,19.2,11.7,8.6,9.7,32.3,0.065
414,Jahlil Okafor,NOP,23,59,23,36,15.8,111.5,3.3,19.6,27.7,0.3,11.4,0.7,38.5,6.2,4.7,5.8,16.9,0.033
415,Miles Bridges,CHA,21,80,38,42,21.2,111.5,3.2,14.8,21.4,0.7,21.6,0.6,29,6.3,5.9,5.9,22.8,0.045
416,Alex Poythress,ATL,25,21,7,14,14.5,111.5,2.2,15.1,22.1,0.2,8.2,0.5,22.2,7.1,5.3,4.5,15.4,0.031
417,Miles Plumlee,ATL,30,18,1,17,9.6,111.5,1.3,14.1,21.5,0.3,18.8,0.2,36.4,4.2,3.1,3.3,9.4,0.02
418,Kevin Huerter,ATL,20,75,27,48,27.3,111.6,2.5,8.7,12.6,0.9,18.8,0.3,12.1,11.6,7.7,9.9,29.1,0.057
419,E'Twaun Moore,NOP,30,53,21,32,27.6,111.6,1.7,5.8,8.6,0.8,17.4,0.2,4.6,9.5,8.2,9.7,29.9,0.057
420,Kenrich Williams,NOP,24,46,17,29,23.5,111.6,3.6,14.5,20.5,1,23.8,0.4,16.8,9.2,7,8.7,27.2,0.049
421,Jarrett Allen,BKN,21,80,42,38,26.2,111.6,6,20.8,31.7,0.5,15.8,1.5,56.1,10.1,8.9,6.7,29.6,0.054
422,Taj Gibson,MIN,34,70,32,38,24.1,111.6,4.1,16.1,25,0.8,17.3,0.6,18.9,7.7,7.7,7.5,24.9,0.05
423,Otto Porter Jr.,CHI,26,56,25,31,30.1,111.6,4.6,15.3,23,1.5,26.5,0.6,18.5,10.3,8.4,9.1,30.7,0.063
424,Georges Niang,UTA,26,59,41,18,8.8,111.6,1.3,13.5,19.7,0.2,16.1,0.1,9.2,3.1,2.6,1.9,9.4,0.018
425,Lonnie Walker IV,SAS,20,17,12,5,6.9,111.7,1,12.2,18.3,0.4,36.8,0.2,25,3.2,2.5,3.2,7.8,0.014
426,Cristiano Felicio,CHI,26,60,16,44,12.4,111.7,2.3,18.7,27.5,0.2,10.6,0.1,15.9,4,3.2,3.4,13.6,0.026
427,Kemba Walker,CHA,29,82,39,43,34.9,111.8,3.8,10.6,15.3,1.2,23.9,0.4,11.8,10,9.4,9.8,34.9,0.07
428,Rawle Alkins,CHI,21,10,3,7,12,111.8,1.5,12,15.8,0.1,6.3,0,0,3.3,2.5,2,11.2,0.025
429,Bismack Biyombo,CHA,26,54,24,30,14.5,111.8,3.1,20.5,29,0.2,10.2,0.8,45.6,3.9,4,4.4,14.4,0.029
430,Devonte' Graham,CHA,24,46,18,28,14.7,111.8,1.2,7.8,11.5,0.5,21.9,0,3.5,4,4,4.1,15.3,0.03
431,Andrew Wiggins,MIN,24,73,31,42,34.8,111.9,3.7,9.9,14.9,1,17,0.7,18.2,11.1,11.1,9.8,35.4,0.069
432,Dante Cunningham,SAS,32,64,36,28,14.5,111.9,2.2,14.8,20.8,0.4,21.8,0.2,16.3,4.8,3.8,4.5,14.8,0.029
433,Wesley Johnson,WAS,31,38,17,21,14.1,111.9,1.6,10.4,15.2,0.4,18.4,0.3,16.2,4.8,4.4,4.2,15.6,0.028
434,David Nwaba,CLE,26,51,14,37,19.3,111.9,2.4,12.8,19.1,0.7,22.9,0.3,31.5,6.3,5.1,5.4,18.9,0.038
435,Dewayne Dedmon,ATL,29,64,24,40,25.1,112,5.9,22.9,33.2,1.1,25.2,1.1,42.8,11.2,6.9,8.3,25.8,0.049
436,Emanuel Terry,MIA,22,3,0,3,7.6,112,1.3,23.5,30.8,1,42.9,0,0,6,2.3,2,8.7,0.016
437,Mario Hezonja,NYK,24,58,12,46,20.8,112,3.6,16.8,25.1,1,30.8,0.1,7.3,6.9,6.3,5,22.1,0.04
438,Mikal Bridges,PHX,22,82,19,63,29.5,112,2.5,8.5,13.4,1.6,26.9,0.5,14.6,11.6,9.7,8.8,31.8,0.057
439,Shake Milton,PHI,22,20,10,10,13.4,112.1,1.3,9.6,13.7,0.4,19,0.4,30.8,3.4,3.3,3.6,15.7,0.025
440,Quinn Cook,GSW,26,74,49,25,14.3,112.1,1.8,12.3,18.5,0.3,12.6,0,2.2,5.3,4.3,5,14.8,0.027
441,Wayne Selden,CHI,24,75,27,48,19.2,112.1,1.9,9.8,14.6,0.4,15.4,0.2,9.3,6.2,5.2,5.5,19.1,0.037
442,Meyers Leonard,POR,27,61,35,26,14.4,112.2,3,20.6,29.4,0.2,14.8,0.1,18,5.5,3.9,4.4,13.7,0.027
443,Keita Bates-Diop,MIN,23,30,10,20,16.8,112.2,2.2,12.9,20.2,0.6,21.7,0.5,25.5,4.5,5.2,4.2,18.3,0.031
444,Sam Dekker,WAS,25,47,14,33,16.8,112.2,2,12.3,18.9,0.8,25,0.1,11.7,6.2,4.7,5.4,18.2,0.031
445,Carmelo Anthony,HOU,35,10,4,6,29.4,112.2,4.5,15.8,25.1,0.4,8.2,0.7,16.7,9.3,8.5,7,31.2,0.055
446,Alize Johnson,IND,23,14,9,5,4.6,112.2,1.1,19.2,38.5,0.1,9.1,0.2,30,1.3,2.7,2.4,5,0.009
447,Lauri Markkanen,CHI,22,52,16,36,32.3,112.3,7.6,23.4,33.3,0.7,15,0.6,21.6,11.4,8.9,8.7,33.4,0.06
448,Zach LaVine,CHI,24,63,16,47,34.5,112.4,4,11.3,16.3,1,18.5,0.4,12.9,12.3,9.4,9,34.3,0.063
449,Josh Jackson,PHX,22,79,19,60,25.2,112.4,3.6,13.6,22,0.9,19.9,0.7,24.2,9.8,8.4,8.4,26.5,0.046
450,Noah Vonleh,NYK,23,68,13,55,25.3,112.4,6.1,23.4,34.7,0.7,18.5,0.8,30.5,8.8,7.1,6.2,26.6,0.046
451,Cam Reynolds,MIN,24,19,6,13,13.7,112.4,1.4,10.2,14.8,0.3,18.8,0.1,8.7,3.7,4.5,3.3,12.8,0.025
452,Jalen Jones,CLE,26,16,3,13,13.4,112.5,1.4,11.3,16.8,0.6,20.9,0.1,14.3,5,2.5,3.5,12.9,0.025
453,Marcin Gortat,LAC,35,47,25,22,16,112.5,4.1,25.3,36.4,0.1,6.5,0.5,45.3,5.8,4.3,5.6,19,0.028
454,Enes Freedom,POR,27,67,28,39,24.5,112.6,6,24.5,35.3,0.5,13.5,0.4,21.1,8.1,6.4,6.9,26.3,0.043
455,Thomas Bryant,WAS,21,72,29,43,20.8,112.6,4.7,21.9,32.6,0.3,10.6,0.9,47.9,7.2,5.9,6.4,23.9,0.037
456,Dragan Bender,PHX,21,46,9,37,18,112.7,3.2,16.8,27.1,0.4,11.8,0.5,24.7,7.1,6.2,5.5,19.9,0.032
457,Devin Robinson,WAS,24,7,1,6,13.5,112.8,2,14.3,20,0.6,40,0.9,60,4,2.6,4.1,10.9,0.023
458,Omari Spellman,ATL,21,46,15,31,17.5,112.8,2.7,14.4,22.1,0.6,19.8,0.5,30.5,8.1,5.8,6.1,18,0.03
459,Timothe Luwawu-Cabarrot,CHI,24,50,25,25,13.4,112.9,1.7,12.5,18.1,0.4,18.1,0.2,14.3,4.3,4.2,4.3,14.5,0.023
460,Elfrid Payton,NOP,25,42,18,24,29.8,112.9,4.1,12.9,18.6,1,20.7,0.4,12.1,10.8,8.1,11.2,34,0.05
461,Markieff Morris,OKC,29,58,24,34,21.9,113,3.5,16.1,25,0.6,16.4,0.4,16.9,7.8,6.7,6.6,20.8,0.036
462,Solomon Hill,NOP,28,44,14,30,20,113,2.3,10.2,14.9,0.5,18.5,0.2,12.7,7.6,6.6,6.7,20.5,0.033
463,Jodie Meeks,TOR,31,8,7,1,13,113,1.4,9.3,13.4,0.1,7.7,0.1,6.3,5,3.3,4.3,14.5,0.022
464,C.J. Williams,MIN,29,15,4,11,8.5,113,0.5,5.3,8.5,0.4,31.6,0,0,1.8,3.1,1.8,8.8,0.014
465,John Collins,ATL,21,61,24,37,30,113,6.2,19.6,28.7,0.4,7.1,0.6,22,13.5,8.9,11.1,32.3,0.049
466,Jeff Teague,MIN,31,42,23,19,30.1,113.1,2.1,6.7,10.4,1,19.5,0.4,11.9,11.4,9.8,9.1,29.7,0.049
467,Dairis Bertans,NOP,29,12,3,9,13.9,113.1,0.6,3.6,4.9,0.1,7.1,0,0,6.3,4.8,4.2,13.2,0.022
468,Grayson Allen,UTA,23,38,22,16,11,113.2,0.5,4.7,6.8,0.2,10.9,0.2,13.6,3.5,3,2.4,13.1,0.018
469,Dwayne Bacon,CHA,23,43,20,23,17.6,113.2,1.9,10.5,15.4,0.3,11.8,0.1,6.8,4.6,4.7,4.1,17.5,0.028
470,John Wall,WAS,28,32,11,21,34.5,113.2,3.2,8.7,14,1.5,24.5,0.9,21.6,13,11.3,10.9,34.6,0.055
471,Jeff Green,WAS,32,77,29,48,27.2,113.2,3.3,11.7,18,0.6,12.6,0.5,20.9,9.7,7.9,7.4,29.6,0.042
472,Kelly Oubre Jr.,PHX,23,69,21,48,28,113.3,3.7,12.6,20.6,1.2,25,0.9,24.6,10.8,9.3,9.2,29.7,0.045
473,Rajon Rondo,LAL,33,46,19,27,29.8,113.3,4.5,14.2,21.4,1.2,26.5,0.2,4.7,12.7,9.1,11.5,32.8,0.046
474,Joe Chealey,CHA,23,1,0,1,7.8,113.3,0,0,0,0,0,0,0,0,5,2,8,0.011
475,Deandre Ayton,PHX,20,71,17,54,30.7,113.3,7.1,24,36.1,0.9,14.8,0.9,34.7,12.6,8.8,10.8,35,0.047
476,Bradley Beal,WAS,26,82,32,50,36.9,113.5,3.9,10.4,15.8,1.5,23,0.7,20.7,12.9,10.8,10.6,40.1,0.055
477,Dwight Howard,WAS,33,9,4,5,25.5,113.6,6.6,25.8,38.8,0.8,15.9,0.4,17.4,12.4,6.7,8.3,24.2,0.037
478,Rodney Hood,POR,26,72,29,43,26.3,113.7,1.8,7.1,10.2,0.8,23,0.2,9.1,8.5,7,7.3,27.4,0.037
479,De'Anthony Melton,PHX,21,50,13,37,19.7,113.7,2.2,11.4,18,1.4,30.6,0.5,20.5,7.8,5.9,5.2,20.6,0.028
480,Nik Stauskas,CLE,25,68,33,35,14.9,113.7,1.6,10.4,15,0.3,18.4,0.1,9.1,5,4.4,4.9,15,0.022
481,Kris Dunn,CHI,25,46,14,32,30.2,113.7,3.7,11.9,17.1,1.5,32.2,0.5,15.8,10.8,8.4,7.9,31.1,0.043
482,Brandon Sampson,CHI,22,14,3,11,15.3,113.9,0.9,6.3,8.8,0.6,27.6,0.2,23.1,4.6,2.9,3.9,15.9,0.021
483,Frank Mason III,SAC,25,38,16,22,11.5,114,1,8.3,12.3,0.4,21.9,0.1,10.8,3.7,3.3,3.6,12.1,0.016
484,T.J. Warren,PHX,25,43,10,33,31.6,114.1,3.3,10.8,17.1,1.2,18.5,0.7,19.7,12.3,9.5,9.7,34.2,0.041
485,Bobby Portis,WAS,24,50,14,36,26,114.3,5.9,22.6,33,0.7,18.3,0.4,19.2,8.2,7.3,6.4,28.2,0.032
486,Trevor Ariza,WAS,33,69,22,47,34,114.4,4.7,13.9,20.8,1.3,22.7,0.3,11.2,13.3,9.3,10.9,38.9,0.041
487,Tim Hardaway Jr.,DAL,27,65,14,51,31.6,114.5,2.9,9,13.5,0.8,17.7,0.1,4.6,10.7,9.2,8.8,33.6,0.038
488,Larry Nance Jr.,CLE,26,67,16,51,26.8,114.6,5.7,22.4,32,1.5,39.1,0.6,46,9.7,6.6,8,26.4,0.031
489,Alec Burks,SAC,27,64,19,45,21.5,114.6,3.2,15.1,21.9,0.6,19.5,0.3,22.8,7.8,5.6,5.9,24.1,0.023
490,Kevin Love,CLE,30,22,7,15,27.2,114.7,9.4,34.4,46.7,0.3,11.5,0.2,22.7,8.8,7.3,8.1,29.2,0.031
491,Isaac Humphries,ATL,21,5,1,4,11.3,114.7,1.4,12.3,18.4,0.2,7.7,0,0,5,2.2,5,11.6,0.013
492,Cameron Payne,CLE,24,40,7,33,17.8,114.8,1.5,8.3,12.9,0.7,24.1,0.2,11.8,6.2,5,4.9,17.3,0.021
493,Emmanuel Mudiay,NYK,23,59,13,46,27.2,114.8,2.8,9.8,14.4,0.7,18.5,0.3,12,10,8,7.7,29.6,0.03
494,Trae Young,ATL,20,81,29,52,30.9,114.8,2.9,9.1,13.5,0.9,17.6,0.2,5.9,13.9,9.5,11.7,33.6,0.034
495,Isaiah Canaan,MIL,28,30,10,20,20.9,114.9,1.7,8.6,12.7,0.5,15.9,0.1,3.9,8.6,5.7,8,24.3,0.022
496,Brandon Knight,CLE,27,39,17,22,18.9,114.9,1.3,7,9.6,0.5,22.1,0.1,7.7,6.4,5.1,6.5,20.1,0.02
497,Jordan Clarkson,CLE,27,81,18,63,27.3,115,2.3,8.7,12.9,0.7,18.2,0.2,10.7,9.7,7,7.2,28.6,0.029
498,Gary Trent Jr.,POR,20,15,14,1,7.4,115.1,0.7,8,12.2,0.1,6.7,0.1,22.2,3.4,2.4,2.3,7.9,0.008
499,Devin Booker,PHX,22,64,15,49,35,115.1,3.5,9.9,15.6,0.9,14.1,0.2,5.9,14.4,11.4,11.3,39.7,0.036
500,Kevin Knox II,NYK,19,75,15,60,28.8,115.1,3.7,12,17.9,0.6,14.9,0.3,10.1,9.9,8.8,7.3,30.6,0.029
501,Vincent Edwards,HOU,23,2,1,1,7.9,115.2,0.5,5.9,8.3,0,0,0,0,1.5,2.5,1,7,0.008
502,BJ Johnson,SAC,23,7,2,5,7.1,115.3,0.9,15,20.7,0.3,18.2,0,0,2.9,1.9,1.1,9.7,0.007
503,Willy Hernangomez,CHA,25,58,31,27,14,115.3,3.3,24,34.4,0.3,14.8,0.3,25.3,4.9,3.9,4.4,15.7,0.013
504,Taurean Prince,ATL,25,55,19,36,28.2,115.4,3.2,11,16.1,1,20.5,0.3,11.4,12.7,8.6,10.9,29.4,0.027
505,Amile Jefferson,ORL,26,12,9,3,5.7,115.5,1.3,25,31.3,0.3,27.3,0.3,75,0.5,0.9,1.9,5.8,0.005
506,Jawun Evans,OKC,22,8,4,4,8,115.9,1.4,17.2,28.2,0.4,37.5,0,0,2,2.1,2,8.5,0.006
507,Jamal Crawford,PHX,39,64,13,51,18.9,116.5,1.2,6.1,9.7,0.5,16.1,0.2,8.6,8.4,7,7.1,21.4,0.011
508,Jerryd Bayless,MIN,30,34,15,19,19.3,117.4,1.5,8,11.8,0.5,18,0.1,3.4,5.9,5.9,4.7,19.2,0.006
509,Bonzie Colson,MIL,23,8,6,2,12.3,117.5,2.8,18.2,25.6,0.6,38.5,0.1,14.3,4.4,3.6,5,13,0.004
510,Jimmer Fredette,PHX,30,6,1,5,10.8,117.6,1,8.8,13.3,0.5,33.3,0,0,5.2,3,3.5,10,0.003
511,Marquese Chriss,CLE,21,43,17,26,11.6,117.9,2.4,21.6,34.2,0.4,21.8,0.3,35.5,4.5,3.8,3.4,12,0.002
512,Collin Sexton,CLE,20,82,19,63,31.8,118.1,2.2,7.2,10.4,0.5,13.3,0.1,5.2,11,8.5,10,33.5,0.003
513,Demetrius Jackson,PHI,24,6,5,1,6.6,118.2,0.2,2.4,3.6,0.3,22.2,0,0,2.5,2.3,2.8,6.3,0.001
514,Wade Baldwin IV,POR,23,16,10,6,5.9,118.5,0.8,12.3,18.8,0.1,11.1,0.1,28.6,2.6,1.9,2.2,6.1,0
515,Cedi Osman,CLE,24,76,17,59,32.2,118.8,4.1,13.4,19.4,0.8,18.6,0.1,9.7,11.2,8.9,9.8,34.1,-0.003
516,Tristan Thompson,CLE,28,43,8,35,27.9,118.8,6.2,23.7,33.9,0.7,18.3,0.4,29.1,10,7.7,7.6,29.7,-0.003
517,Donte Grantham,OKC,24,3,2,1,0.8,120,0,0,0,0,0,0,0,1,1,0,0,0
518,Skal Labissiere,POR,23,22,12,10,8,120.8,1.5,18.5,27.4,0.2,19.2,0.3,50,4,2.7,2.4,8.7,-0.006
519,Channing Frye,CLE,36,36,7,29,9.5,121.9,1.3,15.8,23.2,0.2,15,0.1,41.7,2.8,2.7,2.9,9.5,-0.009
520,James Nunnally,HOU,28,15,8,7,6.8,122,0.3,5.3,8.2,0.1,7.1,0,0,2.2,2,1.9,9.1,-0.007
521,Anfernee Simons,POR,20,20,17,3,7,122.1,0.5,6.7,10.2,0.1,5.9,0,0,4.1,2.5,2.4,7.9,-0.008
522,Tyler Cavanaugh,UTA,25,11,7,4,3.6,124.2,0.5,12.8,20,0,0,0,0,1.9,1.4,0.7,5.1,-0.007
523,Naz Mitrou-Long,UTA,25,14,9,5,6,124.5,0.4,5.7,9.3,0.1,14.3,0.1,5.9,2.9,2.1,1.5,7.9,-0.011
524,Tony Bradley,UTA,21,3,2,1,12,126.2,2,18.8,28.6,0.7,33.3,0.7,40,7,4,5,16.7,-0.03
525,Donatas Motiejunas,SAS,28,3,3,0,4.3,129.6,0.3,7.7,16.7,0,0,0.3,33.3,3,2.7,0,3.3,-0.014
526,Haywood Highsmith,PHI,22,5,2,3,8,131,1,14.3,20,0.2,20,0,0,3.8,3.4,2.8,12.4,-0.03
527,Zhou Qi,HOU,23,1,0,1,1,133.3,0,0,0,0,0,0,0,0,0,0,2,-0.006
528,Terrence Jones,HOU,27,2,2,0,2.6,138.5,2,57.1,80,0,0,0,0,2.5,2,1,3,-0.019
529,Jordan Sibert,ATL,26,1,1,0,4.2,170,0,0,0,0,0,0,0,2,0,0,2,-0.07
530,George King,PHX,25,1,0,1,5.9,175,1,25,33.3,0,0,0,0,0,0,2,4,-0.095